2026-07-11 14:12:22 [INFO] < ESP32: 0
2026-07-11 14:12:22 [INFO] < ESP32: 0
2026-07-11 14:12:22 [INFO] > Sent: UP:a
2026-07-11 14:12:22 [INFO] < ESP32: 2047
2026-07-11 14:12:22 [INFO] < ESP32: 65535
2026-07-11 14:12:22 [INFO] < ESP32: 65535
2026-07-11 14:12:22 [INFO] < ESP32: 65535
2026-07-11 14:12:22 [INFO] < ESP32: 63488
2026-07-11 14:12:22 [INFO] < ESP32: 0
2026-07-11 14:12:22 [INFO] < ESP32: 0
2026-07-11 14:12:22 [INFO] < ESP32: 0
2026-07-11 14:12:22 [INFO] < ESP32: 0
2026-07-11 14:12:22 [INFO] < ESP32: 0
2026-07-11 14:12:22 [INFO] < ESP32: 0
2026-07-11 14:12:22 [INFO] < ESP32: 0
2026-07-11 14:12:22 [INFO] < ESP32: 0
2026-07-11 14:12:22 [INFO] < ESP32: 0
2026-07-11 14:12:22 [INFO] < ESP32: 0
2026-07-11 14:12:22 [INFO] < ESP32: 0
2026-07-11 14:12:22 [INFO] < ESP32: 0
2026-07-11 14:12:22 [INFO] < ESP32: 0
2026-07-11 14:12:22 [INFO] < ESP32: 2047
2026-07-11 14:12:22 [INFO] < ESP32: 65535
2026-07-11 14:12:22 [INFO] < ESP32: 65535
2026-07-11 14:12:22 [INFO] < ESP32: 63488
2026-07-11 14:12:22 [INFO] < ESP32: 0
2026-07-11 14:12:22 [INFO] < ESP32: 0
2026-07-11 14:12:22 [INFO] < ESP32: 0
2026-07-11 14:12:22 [INFO] < ESP32: 0
2026-07-11 14:12:22 [INFO] < ESP32: 0
2026-07-11 14:12:22 [INFO] < ESP32: 2047
2026-07-11 14:12:22 [INFO] < ESP32: 65535
2026-07-11 14:12:22 [INFO] < ESP32: 63488
2026-07-11 14:12:22 [INFO] < ESP32: 0
2026-07-11 14:12:22 [INFO] < ESP32: 0
2026-07-11 14:12:22 [INFO] < ESP32: 0
2026-07-11 14:12:22 [INFO] < ESP32: 0
2026-07-11 14:12:22 [INFO] < ESP32: 0
2026-07-11 14:12:22 [INFO] < ESP32: 2047
2026-07-11 14:12:22 [INFO] < ESP32: 65535
2026-07-11 14:12:22 [INFO] < ESP32: 63488
2026-07-11 14:12:22 [INFO] < ESP32: 0
2026-07-11 14:12:22 [INFO] < ESP32: 0
2026-07-11 14:12:22 [INFO] < ESP32: 2047
2026-07-11 14:12:22 [INFO] < ESP32: 65535
2026-07-11 14:12:22 [INFO] < ESP32: 65535
2026-07-11 14:12:22 [INFO] < ESP32: 65535
2026-07-11 14:12:22 [INFO] < ESP32: 65535
2026-07-11 14:12:22 [INFO] < ESP32: 63488
2026-07-11 14:12:22 [INFO] < ESP32: 0
2026-07-11 14:12:22 [INFO] < ESP32: 2047
2026-07-11 14:12:22 [INFO] < ESP32: 65535
2026-07-11 14:12:22 [INFO] < ESP32: 63488
2026-07-11 14:12:22 [INFO] < ESP32: 0
2026-07-11 14:12:22 [INFO] < ESP32: 2047
2026-07-11 14:12:22 [INFO] < ESP32: 65535
2026-07-11 14:12:22 [INFO] < ESP32: 63488
2026-07-11 14:12:22 [INFO] < ESP32: 0
2026-07-11 14:12:22 [INFO] < ESP32: 2047
2026-07-11 14:12:22 [INFO] < ESP32: 65535
2026-07-11 14:12:22 [INFO] < ESP32: 63488
2026-07-11 14:12:22 [INFO] < ESP32: 0
2026-07-11 14:12:22 [INFO] < ESP32: 2047
2026-07-11 14:12:22 [INFO] < ESP32: 65535
2026-07-11 14:12:22 [INFO] < ESP32: 63488
2026-07-11 14:12:22 [INFO] < ESP32: 0
2026-07-11 14:12:22 [INFO] < ESP32: 0
2026-07-11 14:12:22 [INFO] < ESP32: 2047
2026-07-11 14:12:22 [INFO] < ESP32: 65535
2026-07-11 14:12:22 [INFO] < ESP32: 65535
2026-07-11 14:12:22 [INFO] < ESP32: 63488
2026-07-11 14:12:22 [INFO] < ESP32: 2047
2026-07-11 14:12:22 [INFO] < ESP32: 65535
2026-07-11 14:12:22 [INFO] < ESP32: 63488
2026-07-11 14:12:22 [INFO] < ESP32: 0
2026-07-11 14:12:22 [INFO] < ESP32: 0
2026-07-11 14:12:22 [INFO] < ESP32: 0
2026-07-11 14:12:22 [INFO] < ESP32: 0
2026-07-11 14:12:22 [INFO] < ESP32: 0
2026-07-11 14:12:22 [INFO] < ESP32: 0
2026-07-11 14:12:22 [INFO] < ESP32: 0
2026-07-11 14:12:22 [INFO] < ESP32: 0
2026-07-11 14:12:22 [INFO] < ESP32: 0
2026-07-11 14:12:22 [INFO] < ESP32: 0
2026-07-11 14:12:22 [INFO] < ESP32: 0
2026-07-11 14:12:22 [INFO] < ESP32: 0
2026-07-11 14:12:22 [INFO] < ESP32: 0
2026-07-11 14:12:22 [INFO] < ESP32: 0
2026-07-11 14:12:22 [INFO] < ESP32: 0
2026-07-11 14:12:22 [INFO] < ESP32: 0
2026-07-11 14:12:22 [INFO] < ESP32: 0
2026-07-11 14:12:22 [INFO] < ESP32: 0
2026-07-11 14:12:22 [INFO] < ESP32: 2047
2026-07-11 14:12:22 [INFO] < ESP32: 65535
2026-07-11 14:12:22 [INFO] < ESP32: 63488
2026-07-11 14:12:22 [INFO] < ESP32: 0
2026-07-11 14:12:22 [INFO] < ESP32: 0
2026-07-11 14:12:22 [INFO] < ESP32: 0
2026-07-11 14:12:22 [INFO] < ESP32: 0
2026-07-11 14:12:22 [INFO] < ESP32: 0
2026-07-11 14:12:22 [INFO] < ESP32: 2047
2026-07-11 14:12:22 [INFO] < ESP32: 65535
2026-07-11 14:12:22 [INFO] < ESP32: 63488
2026-07-11 14:12:22 [INFO] < ESP32: 0
2026-07-11 14:12:22 [INFO] < ESP32: 0
2026-07-11 14:12:22 [INFO] < ESP32: 0
2026-07-11 14:12:22 [INFO] < ESP32: 0
2026-07-11 14:12:22 [INFO] < ESP32: 0
2026-07-11 14:12:22 [INFO] < ESP32: 0
2026-07-11 14:12:22 [INFO] < ESP32: 0
2026-07-11 14:12:22 [INFO] < ESP32: 0
2026-07-11 14:12:22 [INFO] < ESP32: 0
2026-07-11 14:12:22 [INFO] < ESP32: 0
2026-07-11 14:12:22 [INFO] < ESP32: 0
2026-07-11 14:12:22 [INFO] < ESP32: 0
2026-07-11 14:12:22 [INFO] < ESP32: 0
2026-07-11 14:12:22 [INFO] < ESP32: 0
2026-07-11 14:12:22 [INFO] < ESP32: 0
2026-07-11 14:12:22 [INFO] < ESP32: 0
2026-07-11 14:12:22 [INFO] < ESP32: 0
2026-07-11 14:12:22 [INFO] < ESP32: 0
2026-07-11 14:12:22 [INFO] < ESP32: 0
2026-07-11 14:12:22 [INFO] < ESP32: 0
2026-07-11 14:12:22 [INFO] < ESP32: 0
2026-07-11 14:12:22 [INFO] < ESP32: 2047
2026-07-11 14:12:22 [INFO] < ESP32: 65535
2026-07-11 14:12:22 [INFO] < ESP32: 63488
2026-07-11 14:12:22 [INFO] < ESP32: 0
2026-07-11 14:12:22 [INFO] < ESP32: 0
2026-07-11 14:12:22 [INFO] < ESP32: 0
2026-07-11 14:12:22 [INFO] < ESP32: 0
2026-07-11 14:12:22 [INFO] < ESP32: 0
2026-07-11 14:12:22 [INFO] < ESP32: 2047
2026-07-11 14:12:22 [INFO] < ESP32: 65535
2026-07-11 14:12:22 [INFO] < ESP32: 63488
2026-07-11 14:12:22 [INFO] < ESP32: 0
2026-07-11 14:12:22 [INFO] < ESP32: 0
2026-07-11 14:12:22 [INFO] < ESP32: 0
2026-07-11 14:12:22 [INFO] < ESP32: 0
2026-07-11 14:12:22 [INFO] < ESP32: 0
2026-07-11 14:12:22 [INFO] < ESP32: 0
2026-07-11 14:12:22 [INFO] < ESP32: 0
2026-07-11 14:12:22 [INFO] < ESP32: 0
2026-07-11 14:12:22 [INFO] < ESP32: 0
2026-07-11 14:12:22 [INFO] < ESP32: 0
2026-07-11 14:12:22 [INFO] < ESP32: 0
2026-07-11 14:12:22 [INFO] < ESP32: 0
2026-07-11 14:12:22 [INFO] < ESP32: 0
2026-07-11 14:12:22 [INFO] < ESP32: 0
2026-07-11 14:12:22 [INFO] < ESP32: 0
2026-07-11 14:12:22 [INFO] < ESP32: 0
2026-07-11 14:12:22 [INFO] < ESP32: 0
2026-07-11 14:12:22 [INFO] < ESP32: 0
2026-07-11 14:12:22 [INFO] < ESP32: 0
2026-07-11 14:12:22 [INFO] < ESP32: 0
2026-07-11 14:12:22 [INFO] < ESP32: 0
2026-07-11 14:12:22 [INFO] < ESP32: 0
2026-07-11 14:12:22 [INFO] < ESP32: 0
2026-07-11 14:12:22 [INFO] < ESP32: 0
2026-07-11 14:12:22 [INFO] < ESP32: 0
2026-07-11 14:12:22 [INFO] < ESP32: 0
2026-07-11 14:12:22 [INFO] < ESP32: 0
2026-07-11 14:12:22 [INFO] < ESP32: 0
2026-07-11 14:12:22 [INFO] < ESP32: 0
2026-07-11 14:12:22 [INFO] < ESP32: 0
2026-07-11 14:12:22 [INFO] < ESP32: 0
2026-07-11 14:12:22 [INFO] < ESP32: 0
2026-07-11 14:12:22 [INFO] < ESP32: 0
2026-07-11 14:12:22 [INFO] < ESP32: 0
2026-07-11 14:12:22 [INFO] < ESP32: 0
2026-07-11 14:12:22 [INFO] < ESP32: 0
2026-07-11 14:12:22 [INFO] < ESP32: 0
2026-07-11 14:12:22 [INFO] < ESP32: 0
2026-07-11 14:12:22 [INFO] < ESP32: 0
2026-07-11 14:12:22 [INFO] < ESP32: 0
2026-07-11 14:12:22 [INFO] < ESP32: 0
2026-07-11 14:12:22 [INFO] < ESP32: 0
2026-07-11 14:12:22 [INFO] < ESP32: 0
2026-07-11 14:12:22 [INFO] < ESP32: 0
2026-07-11 14:12:22 [INFO] < ESP32: 0
2026-07-11 14:12:22 [INFO] < ESP32: 0
2026-07-11 14:12:22 [INFO] < ESP32: 0
2026-07-11 14:12:22 [INFO] < ESP32: 0
2026-07-11 14:12:22 [INFO] < ESP32: 0
2026-07-11 14:12:22 [INFO] < ESP32: 0
2026-07-11 14:12:22 [INFO] < ESP32: 0
2026-07-11 14:12:22 [INFO] < ESP32: 0
2026-07-11 14:12:22 [INFO] < ESP32: 0
2026-07-11 14:12:22 [INFO] < ESP32: 0
2026-07-11 14:12:22 [INFO] < ESP32: 0
2026-07-11 14:12:22 [INFO] < ESP32: 0
2026-07-11 14:12:22 [INFO] < ESP32: 0
2026-07-11 14:12:22 [INFO] < ESP32: 0
2026-07-11 14:12:22 [INFO] < ESP32: 0
2026-07-11 14:12:22 [INFO] < ESP32: 0
2026-07-11 14:12:22 [INFO] < ESP32: 0
2026-07-11 14:12:22 [INFO] < ESP32: 0
2026-07-11 14:12:22 [INFO] < ESP32: 0
2026-07-11 14:12:22 [INFO] < ESP32: 0
2026-07-11 14:12:22 [INFO] < ESP32: 0
2026-07-11 14:12:22 [INFO] < ESP32: 0
2026-07-11 14:12:22 [INFO] < ESP32: 0
2026-07-11 14:12:22 [INFO] < ESP32: 0
2026-07-11 14:12:22 [INFO] < ESP32: 0
2026-07-11 14:12:22 [INFO] < ESP32: 0
2026-07-11 14:12:22 [INFO] < ESP32: 0
2026-07-11 14:12:22 [INFO] < ESP32: 0
2026-07-11 14:12:22 [INFO] < ESP32: 0
2026-07-11 14:12:22 [INFO] < ESP32: 0
2026-07-11 14:12:22 [INFO] < ESP32: 0
2026-07-11 14:12:22 [INFO] < ESP32: 0
2026-07-11 14:12:22 [INFO] < ESP32: 0
2026-07-11 14:12:22 [INFO] < ESP32: 0
2026-07-11 14:12:22 [INFO] < ESP32: 0
2026-07-11 14:12:22 [INFO] < ESP32: 0
2026-07-11 14:12:22 [INFO] < ESP32: 0
2026-07-11 14:12:22 [INFO] < ESP32: 0
2026-07-11 14:12:22 [INFO] < ESP32: 0
2026-07-11 14:12:22 [INFO] < ESP32: 0
2026-07-11 14:12:22 [INFO] < ESP32: 0
2026-07-11 14:12:22 [INFO] < ESP32: 0
2026-07-11 14:12:22 [INFO] < ESP32: 0
2026-07-11 14:12:22 [INFO] < ESP32: 0
2026-07-11 14:12:22 [INFO] < ESP32: 0
2026-07-11 14:12:22 [INFO] < ESP32: 0
2026-07-11 14:12:22 [INFO] < ESP32: 0
2026-07-11 14:12:22 [INFO] < ESP32: 2047
2026-07-11 14:12:22 [INFO] < ESP32: 65535
2026-07-11 14:12:22 [INFO] < ESP32: 65535
2026-07-11 14:12:22 [INFO] < ESP32: 65535
2026-07-11 14:12:22 [INFO] < ESP32: 65535
2026-07-11 14:12:22 [INFO] < ESP32: 65535
2026-07-11 14:12:22 [INFO] < ESP32: 65535
2026-07-11 14:12:22 [INFO] < ESP32: 63488
2026-07-11 14:12:22 [INFO] < ESP32: 2047
2026-07-11 14:12:22 [INFO] < ESP32: 65535
2026-07-11 14:12:22 [INFO] < ESP32: 63488
2026-07-11 14:12:22 [INFO] < ESP32: 2047
2026-07-11 14:12:22 [INFO] < ESP32: 65535
2026-07-11 14:12:22 [INFO] < ESP32: 65535
2026-07-11 14:12:22 [INFO] < ESP32: 65535
2026-07-11 14:12:22 [INFO] < ESP32: 63488
2026-07-11 14:12:22 [INFO] < ESP32: 2047
2026-07-11 14:12:22 [INFO] < ESP32: 65535
2026-07-11 14:12:22 [INFO] < ESP32: 65535
2026-07-11 14:12:22 [INFO] < ESP32: 65535
2026-07-11 14:12:22 [INFO] < ESP32: 65535
2026-07-11 14:12:22 [INFO] < ESP32: 65535
2026-07-11 14:12:22 [INFO] < ESP32: 65535
2026-07-11 14:12:22 [INFO] < ESP32: 63488
2026-07-11 14:12:22 [INFO] < ESP32: 2047
2026-07-11 14:12:22 [INFO] < ESP32: 65535
2026-07-11 14:12:22 [INFO] < ESP32: 65535
2026-07-11 14:12:22 [INFO] < ESP32: 65535
2026-07-11 14:12:22 [INFO] < ESP32: 65535
2026-07-11 14:12:22 [INFO] < ESP32: 65535
2026-07-11 14:12:22 [INFO] < ESP32: 65535
2026-07-11 14:12:22 [INFO] < ESP32: 63488
2026-07-11 14:12:22 [INFO] < ESP32: 0
2026-07-11 14:12:22 [INFO] < ESP32: 2047
2026-07-11 14:12:22 [INFO] < ESP32: 65535
2026-07-11 14:12:22 [INFO] < ESP32: 65535
2026-07-11 14:12:22 [INFO] < ESP32: 65535
2026-07-11 14:12:22 [INFO] < ESP32: 65535
2026-07-11 14:12:22 [INFO] < ESP32: 65535
2026-07-11 14:12:22 [INFO] < ESP32: 63488
2026-07-11 14:12:22 [INFO] < ESP32: 0
2026-07-11 14:12:22 [INFO] < ESP32: 0
2026-07-11 14:12:22 [INFO] < ESP32: 0
2026-07-11 14:12:22 [INFO] < ESP32: 0
2026-07-11 14:12:22 [INFO] < ESP32: 0
2026-07-11 14:12:22 [INFO] < ESP32: 0
2026-07-11 14:12:22 [INFO] < ESP32: 0
2026-07-11 14:12:22 [INFO] < ESP32: 0
2026-07-11 14:12:22 [INFO] < ESP32: 0
2026-07-11 14:12:22 [INFO] < ESP32: 0
2026-07-11 14:12:22 [INFO] < ESP32: 0
2026-07-11 14:12:22 [INFO] < ESP32: 0
2026-07-11 14:12:22 [INFO] < ESP32: 0
2026-07-11 14:12:22 [INFO] < ESP32: 0
2026-07-11 14:12:22 [INFO] < ESP32: 0
2026-07-11 14:12:22 [INFO] < ESP32: 0
2026-07-11 14:12:22 [INFO] < ESP32: 0
2026-07-11 14:12:22 [INFO] < ESP32: 0
2026-07-11 14:12:22 [INFO] < ESP32: 0
2026-07-11 14:12:22 [INFO] < ESP32: 0
2026-07-11 14:12:22 [INFO] < ESP32: 0
2026-07-11 14:12:22 [INFO] < ESP32: 0
2026-07-11 14:12:22 [INFO] < ESP32: 0
2026-07-11 14:12:22 [INFO] < ESP32: 0
2026-07-11 14:12:22 [INFO] < ESP32: 0
2026-07-11 14:12:22 [INFO] < ESP32: 0
2026-07-11 14:12:22 [INFO] < ESP32: 0
2026-07-11 14:12:22 [INFO] < ESP32: 0
2026-07-11 14:12:22 [INFO] < ESP32: 0
2026-07-11 14:12:22 [INFO] < ESP32: 0
2026-07-11 14:12:22 [INFO] < ESP32: 0
2026-07-11 14:12:22 [INFO] < ESP32: 0
2026-07-11 14:12:22 [INFO] < ESP32: 0
2026-07-11 14:12:22 [INFO] < ESP32: 0
2026-07-11 14:12:22 [INFO] < ESP32: 0
2026-07-11 14:12:22 [INFO] < ESP32: 0
2026-07-11 14:12:22 [INFO] < ESP32: 0
2026-07-11 14:12:22 [INFO] < ESP32: 0
2026-07-11 14:12:22 [INFO] < ESP32: 0
2026-07-11 14:12:22 [INFO] < ESP32: 0
2026-07-11 14:12:22 [INFO] < ESP32: 0
2026-07-11 14:12:22 [INFO] < ESP32: 0
2026-07-11 14:12:22 [INFO] < ESP32: 0
2026-07-11 14:12:22 [INFO] < ESP32: 0
2026-07-11 14:12:22 [INFO] < ESP32: 0
2026-07-11 14:12:22 [INFO] < ESP32: 0
2026-07-11 14:12:22 [INFO] < ESP32: 0
2026-07-11 14:12:22 [INFO] < ESP32: 0
2026-07-11 14:12:22 [INFO] < ESP32: 0
2026-07-11 14:12:22 [INFO] < ESP32: 0
2026-07-11 14:12:22 [INFO] < ESP32: 0
2026-07-11 14:12:22 [INFO] < ESP32: 0
2026-07-11 14:12:22 [INFO] < ESP32: 0
2026-07-11 14:12:22 [INFO] < ESP32: 0
2026-07-11 14:12:22 [INFO] < ESP32: 0
2026-07-11 14:12:22 [INFO] < ESP32: 0
2026-07-11 14:12:22 [INFO] < ESP32: 0
2026-07-11 14:12:22 [INFO] < ESP32: 0
2026-07-11 14:12:22 [INFO] < ESP32: 0
2026-07-11 14:12:22 [INFO] < ESP32: 0
2026-07-11 14:12:22 [INFO] < ESP32: 0
2026-07-11 14:12:22 [INFO] < ESP32: 0
2026-07-11 14:12:22 [INFO] < ESP32: 0
2026-07-11 14:12:22 [INFO] < ESP32: 0
2026-07-11 14:12:22 [INFO] < ESP32: 0
2026-07-11 14:12:22 [INFO] < ESP32: 0
2026-07-11 14:12:22 [INFO] < ESP32: 0
2026-07-11 14:12:22 [INFO] < ESP32: 0
2026-07-11 14:12:22 [INFO] < ESP32: 0
2026-07-11 14:12:22 [INFO] < ESP32: 0
2026-07-11 14:12:22 [INFO] < ESP32: 0
2026-07-11 14:12:22 [INFO] < ESP32: 0
2026-07-11 14:12:22 [INFO] < ESP32: 2047
2026-07-11 14:12:22 [INFO] < ESP32: 65535
2026-07-11 14:12:22 [INFO] < ESP32: 65535
2026-07-11 14:12:22 [INFO] < ESP32: 65535
2026-07-11 14:12:22 [INFO] < ESP32: 65535
2026-07-11 14:12:22 [INFO] < ESP32: 63488
2026-07-11 14:12:22 [INFO] < ESP32: 0
2026-07-11 14:12:22 [INFO] < ESP32: 0
2026-07-11 14:12:22 [INFO] < ESP32: 0
2026-07-11 14:12:22 [INFO] < ESP32: 2047
2026-07-11 14:12:22 [INFO] < ESP32: 65535
2026-07-11 14:12:22 [INFO] < ESP32: 63488
2026-07-11 14:12:22 [INFO] < ESP32: 2047
2026-07-11 14:12:22 [INFO] < ESP32: 65535
2026-07-11 14:12:22 [INFO] < ESP32: 63488
2026-07-11 14:12:22 [INFO] < ESP32: 0
2026-07-11 14:12:22 [INFO] < ESP32: 0
2026-07-11 14:12:22 [INFO] < ESP32: 2047
2026-07-11 14:12:22 [INFO] < ESP32: 65535
2026-07-11 14:12:22 [INFO] < ESP32: 63488
2026-07-11 14:12:22 [INFO] < ESP32: 0
2026-07-11 14:12:22 [INFO] < ESP32: 2047
2026-07-11 14:12:22 [INFO] < ESP32: 65535
2026-07-11 14:12:22 [INFO] < ESP32: 63488
2026-07-11 14:12:22 [INFO] < ESP32: 0
2026-07-11 14:12:22 [INFO] < ESP32: 2047
2026-07-11 14:12:22 [INFO] < ESP32: 65535
2026-07-11 14:12:22 [INFO] < ESP32: 63488
2026-07-11 14:12:22 [INFO] < ESP32: 0
2026-07-11 14:12:22 [INFO] < ESP32: 2047
2026-07-11 14:12:22 [INFO] < ESP32: 65535
2026-07-11 14:12:22 [INFO] < ESP32: 63488
2026-07-11 14:12:22 [INFO] < ESP32: 0
2026-07-11 14:12:22 [INFO] < ESP32: 2047
2026-07-11 14:12:22 [INFO] < ESP32: 65535
2026-07-11 14:12:22 [INFO] < ESP32: 63488
2026-07-11 14:12:22 [INFO] < ESP32: 0
2026-07-11 14:12:22 [INFO] < ESP32: 2047
2026-07-11 14:12:22 [INFO] < ESP32: 65535
2026-07-11 14:12:22 [INFO] < ESP32: 63488
2026-07-11 14:12:22 [INFO] < ESP32: 0
2026-07-11 14:12:22 [INFO] < ESP32: 2047
2026-07-11 14:12:22 [INFO] < ESP32: 65535
2026-07-11 14:12:22 [INFO] < ESP32: 63488
2026-07-11 14:12:22 [INFO] < ESP32: 2047
2026-07-11 14:12:22 [INFO] < ESP32: 65535
2026-07-11 14:12:22 [INFO] < ESP32: 63488
2026-07-11 14:12:22 [INFO] < ESP32: 0
2026-07-11 14:12:22 [INFO] < ESP32: 2047
2026-07-11 14:12:22 [INFO] < ESP32: 65535
2026-07-11 14:12:22 [INFO] < ESP32: 65535
2026-07-11 14:12:22 [INFO] < ESP32: 65535
2026-07-11 14:12:22 [INFO] < ESP32: 65535
2026-07-11 14:12:22 [INFO] < ESP32: 63488
2026-07-11 14:12:22 [INFO] < ESP32: 0
2026-07-11 14:12:22 [INFO] < ESP32: 0
2026-07-11 14:12:22 [INFO] < ESP32: 0
2026-07-11 14:12:22 [INFO] < ESP32: 0
2026-07-11 14:12:22 [INFO] < ESP32: 0
2026-07-11 14:12:22 [INFO] < ESP32: 0
2026-07-11 14:12:22 [INFO] < ESP32: 0
2026-07-11 14:12:22 [INFO] < ESP32: 0
2026-07-11 14:12:22 [INFO] < ESP32: 0
2026-07-11 14:12:22 [INFO] < ESP32: 0
2026-07-11 14:12:22 [INFO] < ESP32: 0
2026-07-11 14:12:22 [INFO] < ESP32: 0
2026-07-11 14:12:22 [INFO] < ESP32: 0
2026-07-11 14:12:22 [INFO] < ESP32: 0
2026-07-11 14:12:22 [INFO] < ESP32: 0
2026-07-11 14:12:22 [INFO] < ESP32: 0
2026-07-11 14:12:22 [INFO] < ESP32: 0
2026-07-11 14:12:22 [INFO] < ESP32: 0
2026-07-11 14:12:22 [INFO] < ESP32: 0
2026-07-11 14:12:22 [INFO] < ESP32: 0
2026-07-11 14:12:22 [INFO] < ESP32: 0
2026-07-11 14:12:22 [INFO] < ESP32: 0
2026-07-11 14:12:22 [INFO] < ESP32: 0
2026-07-11 14:12:22 [INFO] < ESP32: 0
2026-07-11 14:12:22 [INFO] < ESP32: 0
2026-07-11 14:12:22 [INFO] < ESP32: 0
2026-07-11 14:12:22 [INFO] < ESP32: 0
2026-07-11 14:12:22 [INFO] < ESP32: 2047
2026-07-11 14:12:22 [INFO] < ESP32: 65535
2026-07-11 14:12:22 [INFO] < ESP32: 65535
2026-07-11 14:12:22 [INFO] < ESP32: 65535
2026-07-11 14:12:22 [INFO] < ESP32: 63488
2026-07-11 14:12:22 [INFO] < ESP32: 0
2026-07-11 14:12:22 [INFO] < ESP32: 0
2026-07-11 14:12:22 [INFO] < ESP32: 2047
2026-07-11 14:12:22 [INFO] < ESP32: 65535
2026-07-11 14:12:22 [INFO] < ESP32: 63488
2026-07-11 14:12:22 [INFO] < ESP32: 0
2026-07-11 14:12:22 [INFO] < ESP32: 2047
2026-07-11 14:12:22 [INFO] < ESP32: 65535
2026-07-11 14:12:22 [INFO] < ESP32: 63488
2026-07-11 14:12:22 [INFO] < ESP32: 0
2026-07-11 14:12:22 [INFO] < ESP32: 2047
2026-07-11 14:12:22 [INFO] < ESP32: 65535
2026-07-11 14:12:22 [INFO] < ESP32: 63488
2026-07-11 14:12:22 [INFO] < ESP32: 0
2026-07-11 14:12:22 [INFO] < ESP32: 2047
2026-07-11 14:12:22 [INFO] < ESP32: 65535
2026-07-11 14:12:22 [INFO] < ESP32: 63488
2026-07-11 14:12:22 [INFO] < ESP32: 0
2026-07-11 14:12:22 [INFO] < ESP32: 2047
2026-07-11 14:12:22 [INFO] < ESP32: 65535
2026-07-11 14:12:22 [INFO] < ESP32: 63488
2026-07-11 14:12:22 [INFO] < ESP32: 0
2026-07-11 14:12:22 [INFO] < ESP32: 2047
2026-07-11 14:12:22 [INFO] < ESP32: 65535
2026-07-11 14:12:22 [INFO] < ESP32: 63488
2026-07-11 14:12:22 [INFO] < ESP32: 0
2026-07-11 14:12:22 [INFO] < ESP32: 0
2026-07-11 14:12:22 [INFO] < ESP32: 2047
2026-07-11 14:12:22 [INFO] < ESP32: 65535
2026-07-11 14:12:22 [INFO] < ESP32: 65535
2026-07-11 14:12:22 [INFO] < ESP32: 65535
2026-07-11 14:12:22 [INFO] < ESP32: 63488
2026-07-11 14:12:22 [INFO] < ESP32: 0
2026-07-11 14:12:22 [INFO] < ESP32: 0
2026-07-11 14:12:22 [INFO] < ESP32: 0
2026-07-11 14:12:22 [INFO] < ESP32: 0
2026-07-11 14:12:22 [INFO] < ESP32: 0
2026-07-11 14:12:22 [INFO] < ESP32: 0
2026-07-11 14:12:22 [INFO] < ESP32: 0
2026-07-11 14:12:22 [INFO] < ESP32: 0
2026-07-11 14:12:22 [INFO] < ESP32: 0
2026-07-11 14:12:22 [INFO] < ESP32: 0
2026-07-11 14:12:22 [INFO] < ESP32: 0
2026-07-11 14:12:22 [INFO] < ESP32: 0
2026-07-11 14:12:22 [INFO] < ESP32: 0
2026-07-11 14:12:22 [INFO] < ESP32: 0
2026-07-11 14:12:22 [INFO] < ESP32: 0
2026-07-11 14:12:22 [INFO] < ESP32: 0
2026-07-11 14:12:22 [INFO] < ESP32: 0
2026-07-11 14:12:22 [INFO] < ESP32: 0
2026-07-11 14:12:22 [INFO] < ESP32: 0
2026-07-11 14:12:22 [INFO] < ESP32: 0
2026-07-11 14:12:22 [INFO] < ESP32: 0
2026-07-11 14:12:22 [INFO] < ESP32: 0
2026-07-11 14:12:22 [INFO] < ESP32: 0
2026-07-11 14:12:22 [INFO] < ESP32: 0
2026-07-11 14:12:22 [INFO] < ESP32: 0
2026-07-11 14:12:22 [INFO] < ESP32: 0
2026-07-11 14:12:22 [INFO] < ESP32: 2047
2026-07-11 14:12:22 [INFO] < ESP32: 65535
2026-07-11 14:12:22 [INFO] < ESP32: 63488
2026-07-11 14:12:22 [INFO] < ESP32: 0
2026-07-11 14:12:22 [INFO] < ESP32: 0
2026-07-11 14:12:22 [INFO] < ESP32: 2047
2026-07-11 14:12:22 [INFO] < ESP32: 65535
2026-07-11 14:12:22 [INFO] < ESP32: 63488
2026-07-11 14:12:22 [INFO] < ESP32: 2047
2026-07-11 14:12:22 [INFO] < ESP32: 65535
2026-07-11 14:12:22 [INFO] < ESP32: 63488
2026-07-11 14:12:22 [INFO] < ESP32: 2047
2026-07-11 14:12:22 [INFO] < ESP32: 63488
2026-07-11 14:12:22 [INFO] < ESP32: 2047
2026-07-11 14:12:22 [INFO] < ESP32: 65535
2026-07-11 14:12:22 [INFO] < ESP32: 63488
2026-07-11 14:12:22 [INFO] < ESP32: 2047
2026-07-11 14:12:22 [INFO] < ESP32: 65535
2026-07-11 14:12:22 [INFO] < ESP32: 65535
2026-07-11 14:12:22 [INFO] < ESP32: 65535
2026-07-11 14:12:22 [INFO] < ESP32: 65535
2026-07-11 14:12:22 [INFO] < ESP32: 65535
2026-07-11 14:12:22 [INFO] < ESP32: 65535
2026-07-11 14:12:22 [INFO] < ESP32: 63488
2026-07-11 14:12:22 [INFO] < ESP32: 2047
2026-07-11 14:12:22 [INFO] < ESP32: 65535
2026-07-11 14:12:22 [INFO] < ESP32: 65535
2026-07-11 14:12:22 [INFO] < ESP32: 65535
2026-07-11 14:12:22 [INFO] < ESP32: 65535
2026-07-11 14:12:22 [INFO] < ESP32: 65535
2026-07-11 14:12:22 [INFO] < ESP32: 65535
2026-07-11 14:12:22 [INFO] < ESP32: 63488
2026-07-11 14:12:22 [INFO] < ESP32: 0
2026-07-11 14:12:22 [INFO] < ESP32: 2047
2026-07-11 14:12:22 [INFO] < ESP32: 65535
2026-07-11 14:12:22 [INFO] < ESP32: 63488
2026-07-11 14:12:22 [INFO] < ESP32: 2047
2026-07-11 14:12:22 [INFO] < ESP32: 65535
2026-07-11 14:12:22 [INFO] < ESP32: 63488
2026-07-11 14:12:22 [INFO] < ESP32: 0
2026-07-11 14:12:22 [INFO] < ESP32: 0
2026-07-11 14:12:22 [INFO] < ESP32: 0
2026-07-11 14:12:22 [INFO] < ESP32: 0
2026-07-11 14:12:22 [INFO] < ESP32: 0
2026-07-11 14:12:22 [INFO] < ESP32: 0
2026-07-11 14:12:22 [INFO] < ESP32: 0
2026-07-11 14:12:22 [INFO] < ESP32: 0
2026-07-11 14:12:22 [INFO] < ESP32: 0
2026-07-11 14:12:22 [INFO] < ESP32: 0
2026-07-11 14:12:22 [INFO] < ESP32: 0
2026-07-11 14:12:22 [INFO] < ESP32: 0
2026-07-11 14:12:22 [INFO] < ESP32: 0
2026-07-11 14:12:22 [INFO] < ESP32: 0
2026-07-11 14:12:22 [INFO] < ESP32: 0
2026-07-11 14:12:22 [INFO] < ESP32: 0
2026-07-11 14:12:22 [INFO] < ESP32: 0
2026-07-11 14:12:22 [INFO] < ESP32: 0
2026-07-11 14:12:22 [INFO] < ESP32: 0
2026-07-11 14:12:22 [INFO] < ESP32: 0
2026-07-11 14:12:22 [INFO] < ESP32: 0
2026-07-11 14:12:22 [INFO] < ESP32: 0
2026-07-11 14:12:22 [INFO] < ESP32: 0
2026-07-11 14:12:22 [INFO] < ESP32: 0
2026-07-11 14:12:22 [INFO] < ESP32: 0
2026-07-11 14:12:22 [INFO] < ESP32: 2047
2026-07-11 14:12:22 [INFO] < ESP32: 65535
2026-07-11 14:12:22 [INFO] < ESP32: 65535
2026-07-11 14:12:22 [INFO] < ESP32: 65535
2026-07-11 14:12:22 [INFO] < ESP32: 65535
2026-07-11 14:12:22 [INFO] < ESP32: 63488
2026-07-11 14:12:22 [INFO] < ESP32: 0
2026-07-11 14:12:22 [INFO] < ESP32: 0
2026-07-11 14:12:22 [INFO] < ESP32: 2047
2026-07-11 14:12:22 [INFO] < ESP32: 65535
2026-07-11 14:12:22 [INFO] < ESP32: 63488
2026-07-11 14:12:22 [INFO] < ESP32: 0
2026-07-11 14:12:22 [INFO] < ESP32: 2047
2026-07-11 14:12:22 [INFO] < ESP32: 65535
2026-07-11 14:12:22 [INFO] < ESP32: 63488
2026-07-11 14:12:22 [INFO] < ESP32: 0
2026-07-11 14:12:22 [INFO] < ESP32: 2047
2026-07-11 14:12:22 [INFO] < ESP32: 65535
2026-07-11 14:12:22 [INFO] < ESP32: 63488
2026-07-11 14:12:22 [INFO] < ESP32: 0
2026-07-11 14:12:22 [INFO] < ESP32: 2047
2026-07-11 14:12:22 [INFO] < ESP32: 65535
2026-07-11 14:12:22 [INFO] < ESP32: 63488
2026-07-11 14:12:22 [INFO] < ESP32: 0
2026-07-11 14:12:22 [INFO] < ESP32: 2047
2026-07-11 14:12:22 [INFO] < ESP32: 65535
2026-07-11 14:12:22 [INFO] < ESP32: 63488
2026-07-11 14:12:22 [INFO] < ESP32: 0
2026-07-11 14:12:22 [INFO] < ESP32: 2047
2026-07-11 14:12:22 [INFO] < ESP32: 65535
2026-07-11 14:12:22 [INFO] < ESP32: 63488
2026-07-11 14:12:22 [INFO] < ESP32: 0
2026-07-11 14:12:22 [INFO] < ESP32: 2047
2026-07-11 14:12:22 [INFO] < ESP32: 65535
2026-07-11 14:12:22 [INFO] < ESP32: 63488
2026-07-11 14:12:22 [INFO] < ESP32: 0
2026-07-11 14:12:22 [INFO] < ESP32: 2047
2026-07-11 14:12:22 [INFO] < ESP32: 65535
2026-07-11 14:12:22 [INFO] < ESP32: 63488
2026-07-11 14:12:22 [INFO] < ESP32: 0
2026-07-11 14:12:22 [INFO] < ESP32: 0
2026-07-11 14:12:22 [INFO] < ESP32: 0
2026-07-11 14:12:22 [INFO] < ESP32: 0
2026-07-11 14:12:22 [INFO] < ESP32: 0
2026-07-11 14:12:22 [INFO] < ESP32: 0
2026-07-11 14:12:22 [INFO] < ESP32: 0
2026-07-11 14:12:22 [INFO] < ESP32: 0
2026-07-11 14:12:22 [INFO] < ESP32: 0
2026-07-11 14:12:23 [INFO] > Sent: DOWN:w
2026-07-11 14:12:23 [INFO] < ESP32: 2047
2026-07-11 14:12:23 [INFO] < ESP32: 65535
2026-07-11 14:12:23 [INFO] < ESP32: 65535
2026-07-11 14:12:23 [INFO] < ESP32: 65535
2026-07-11 14:12:23 [INFO] < ESP32: 65535
2026-07-11 14:12:23 [INFO] < ESP32: 65535
2026-07-11 14:12:23 [INFO] < ESP32: 63488
2026-07-11 14:12:23 [INFO] < ESP32: 0
2026-07-11 14:12:23 [INFO] < ESP32: 0
2026-07-11 14:12:23 [INFO] < ESP32: 2047
2026-07-11 14:12:23 [INFO] < ESP32: 65535
2026-07-11 14:12:23 [INFO] < ESP32: 63488
2026-07-11 14:12:23 [INFO] < ESP32: 0
2026-07-11 14:12:23 [INFO] < ESP32: 2047
2026-07-11 14:12:23 [INFO] < ESP32: 65535
2026-07-11 14:12:23 [INFO] < ESP32: 63488
2026-07-11 14:12:23 [INFO] < ESP32: 0
2026-07-11 14:12:23 [INFO] < ESP32: 2047
2026-07-11 14:12:23 [INFO] < ESP32: 65535
2026-07-11 14:12:23 [INFO] < ESP32: 63488
2026-07-11 14:12:23 [INFO] < ESP32: 0
2026-07-11 14:12:23 [INFO] < ESP32: 2047
2026-07-11 14:12:23 [INFO] < ESP32: 65535
2026-07-11 14:12:23 [INFO] < ESP32: 63488
2026-07-11 14:12:23 [INFO] < ESP32: 0
2026-07-11 14:12:23 [INFO] < ESP32: 2047
2026-07-11 14:12:23 [INFO] < ESP32: 65535
2026-07-11 14:12:23 [INFO] < ESP32: 65535
2026-07-11 14:12:23 [INFO] < ESP32: 65535
2026-07-11 14:12:23 [INFO] < ESP32: 65535
2026-07-11 14:12:23 [INFO] < ESP32: 63488
2026-07-11 14:12:23 [INFO] < ESP32: 0
2026-07-11 14:12:23 [INFO] < ESP32: 0
2026-07-11 14:12:23 [INFO] < ESP32: 2047
2026-07-11 14:12:23 [INFO] < ESP32: 65535
2026-07-11 14:12:23 [INFO] < ESP32: 63488
2026-07-11 14:12:23 [INFO] < ESP32: 2047
2026-07-11 14:12:23 [INFO] < ESP32: 65535
2026-07-11 14:12:23 [INFO] < ESP32: 63488
2026-07-11 14:12:23 [INFO] < ESP32: 0
2026-07-11 14:12:23 [INFO] < ESP32: 0
2026-07-11 14:12:23 [INFO] < ESP32: 2047
2026-07-11 14:12:23 [INFO] < ESP32: 65535
2026-07-11 14:12:23 [INFO] < ESP32: 63488
2026-07-11 14:12:23 [INFO] < ESP32: 0
2026-07-11 14:12:23 [INFO] < ESP32: 2047
2026-07-11 14:12:23 [INFO] < ESP32: 65535
2026-07-11 14:12:23 [INFO] < ESP32: 63488
2026-07-11 14:12:23 [INFO] < ESP32: 2047
2026-07-11 14:12:23 [INFO] < ESP32: 65535
2026-07-11 14:12:23 [INFO] < ESP32: 65535
2026-07-11 14:12:23 [INFO] < ESP32: 63488
2026-07-11 14:12:23 [INFO] < ESP32: 0
2026-07-11 14:12:23 [INFO] < ESP32: 2047
2026-07-11 14:12:23 [INFO] < ESP32: 65535
2026-07-11 14:12:23 [INFO] < ESP32: 63488
2026-07-11 14:12:23 [INFO] < ESP32: 0
2026-07-11 14:12:23 [INFO] < ESP32: 0
2026-07-11 14:12:23 [INFO] < ESP32: 0
2026-07-11 14:12:23 [INFO] < ESP32: 0
2026-07-11 14:12:23 [INFO] < ESP32: 0
2026-07-11 14:12:23 [INFO] < ESP32: 0
2026-07-11 14:12:23 [INFO] < ESP32: 0
2026-07-11 14:12:23 [INFO] < ESP32: 0
2026-07-11 14:12:23 [INFO] < ESP32: 0
2026-07-11 14:12:23 [INFO] < ESP32: 0
2026-07-11 14:12:23 [INFO] < ESP32: 0
2026-07-11 14:12:23 [INFO] < ESP32: 0
2026-07-11 14:12:23 [INFO] < ESP32: 0
2026-07-11 14:12:23 [INFO] < ESP32: 0
2026-07-11 14:12:23 [INFO] < ESP32: 0
2026-07-11 14:12:23 [INFO] < ESP32: 0
2026-07-11 14:12:23 [INFO] < ESP32: 0
2026-07-11 14:12:23 [INFO] < ESP32: 0
2026-07-11 14:12:23 [INFO] < ESP32: 0
2026-07-11 14:12:23 [INFO] < ESP32: 0
2026-07-11 14:12:23 [INFO] < ESP32: 0
2026-07-11 14:12:23 [INFO] < ESP32: 0
2026-07-11 14:12:23 [INFO] < ESP32: 0
2026-07-11 14:12:23 [INFO] < ESP32: 0
2026-07-11 14:12:23 [INFO] < ESP32: 0
2026-07-11 14:12:23 [INFO] < ESP32: 2047
2026-07-11 14:12:23 [INFO] < ESP32: 65535
2026-07-11 14:12:23 [INFO] < ESP32: 65535
2026-07-11 14:12:23 [INFO] < ESP32: 65535
2026-07-11 14:12:23 [INFO] < ESP32: 63488
2026-07-11 14:12:23 [INFO] < ESP32: 0
2026-07-11 14:12:23 [INFO] < ESP32: 0
2026-07-11 14:12:23 [INFO] < ESP32: 2047
2026-07-11 14:12:23 [INFO] < ESP32: 65535
2026-07-11 14:12:23 [INFO] < ESP32: 63488
2026-07-11 14:12:23 [INFO] < ESP32: 0
2026-07-11 14:12:23 [INFO] < ESP32: 2047
2026-07-11 14:12:23 [INFO] < ESP32: 65535
2026-07-11 14:12:23 [INFO] < ESP32: 63488
2026-07-11 14:12:23 [INFO] < ESP32: 0
2026-07-11 14:12:23 [INFO] < ESP32: 2047
2026-07-11 14:12:23 [INFO] < ESP32: 65535
2026-07-11 14:12:23 [INFO] < ESP32: 65535
2026-07-11 14:12:23 [INFO] < ESP32: 65535
2026-07-11 14:12:23 [INFO] < ESP32: 65535
2026-07-11 14:12:23 [INFO] < ESP32: 65535
2026-07-11 14:12:23 [INFO] < ESP32: 63488
2026-07-11 14:12:23 [INFO] < ESP32: 0
2026-07-11 14:12:23 [INFO] < ESP32: 2047
2026-07-11 14:12:23 [INFO] < ESP32: 65535
2026-07-11 14:12:23 [INFO] < ESP32: 63488
2026-07-11 14:12:23 [INFO] < ESP32: 0
2026-07-11 14:12:23 [INFO] < ESP32: 0
2026-07-11 14:12:23 [INFO] < ESP32: 0
2026-07-11 14:12:23 [INFO] < ESP32: 0
2026-07-11 14:12:23 [INFO] < ESP32: 0
2026-07-11 14:12:23 [INFO] < ESP32: 0
2026-07-11 14:12:23 [INFO] < ESP32: 2047
2026-07-11 14:12:23 [INFO] < ESP32: 65535
2026-07-11 14:12:23 [INFO] < ESP32: 65535
2026-07-11 14:12:23 [INFO] < ESP32: 65535
2026-07-11 14:12:23 [INFO] < ESP32: 63488
2026-07-11 14:12:23 [INFO] < ESP32: 0
2026-07-11 14:12:23 [INFO] < ESP32: 0
2026-07-11 14:12:23 [INFO] < ESP32: 0
2026-07-11 14:12:23 [INFO] < ESP32: 0
2026-07-11 14:12:23 [INFO] < ESP32: 0
2026-07-11 14:12:23 [INFO] < ESP32: 0
2026-07-11 14:12:23 [INFO] < ESP32: 0
2026-07-11 14:12:23 [INFO] < ESP32: 0
2026-07-11 14:12:23 [INFO] < ESP32: 0
2026-07-11 14:12:23 [INFO] < ESP32: 0
2026-07-11 14:12:23 [INFO] < ESP32: 0
2026-07-11 14:12:23 [INFO] < ESP32: 0
2026-07-11 14:12:23 [INFO] < ESP32: 0
2026-07-11 14:12:23 [INFO] < ESP32: 0
2026-07-11 14:12:23 [INFO] < ESP32: 0
2026-07-11 14:12:23 [INFO] < ESP32: 0
2026-07-11 14:12:23 [INFO] < ESP32: 0
2026-07-11 14:12:23 [INFO] < ESP32: 0
2026-07-11 14:12:23 [INFO] < ESP32: 0
2026-07-11 14:12:23 [INFO] < ESP32: 0
2026-07-11 14:12:23 [INFO] < ESP32: 0
2026-07-11 14:12:23 [INFO] < ESP32: 0
2026-07-11 14:12:23 [INFO] < ESP32: 0
2026-07-11 14:12:23 [INFO] < ESP32: 0
2026-07-11 14:12:23 [INFO] < ESP32: 0
2026-07-11 14:12:23 [INFO] < ESP32: 0
2026-07-11 14:12:23 [INFO] < ESP32: 0
2026-07-11 14:12:23 [INFO] < ESP32: 2047
2026-07-11 14:12:23 [INFO] < ESP32: 65535
2026-07-11 14:12:23 [INFO] < ESP32: 65535
2026-07-11 14:12:23 [INFO] < ESP32: 65535
2026-07-11 14:12:23 [INFO] < ESP32: 63488
2026-07-11 14:12:23 [INFO] < ESP32: 0
2026-07-11 14:12:23 [INFO] < ESP32: 0
2026-07-11 14:12:23 [INFO] < ESP32: 2047
2026-07-11 14:12:23 [INFO] < ESP32: 65535
2026-07-11 14:12:23 [INFO] < ESP32: 63488
2026-07-11 14:12:23 [INFO] < ESP32: 0
2026-07-11 14:12:23 [INFO] < ESP32: 2047
2026-07-11 14:12:23 [INFO] < ESP32: 65535
2026-07-11 14:12:23 [INFO] < ESP32: 63488
2026-07-11 14:12:23 [INFO] < ESP32: 0
2026-07-11 14:12:23 [INFO] < ESP32: 2047
2026-07-11 14:12:23 [INFO] < ESP32: 65535
2026-07-11 14:12:23 [INFO] < ESP32: 63488
2026-07-11 14:12:23 [INFO] < ESP32: 0
2026-07-11 14:12:23 [INFO] < ESP32: 0
2026-07-11 14:12:23 [INFO] < ESP32: 0
2026-07-11 14:12:23 [INFO] < ESP32: 0
2026-07-11 14:12:23 [INFO] < ESP32: 0
2026-07-11 14:12:23 [INFO] < ESP32: 2047
2026-07-11 14:12:23 [INFO] < ESP32: 65535
2026-07-11 14:12:23 [INFO] < ESP32: 63488
2026-07-11 14:12:23 [INFO] < ESP32: 0
2026-07-11 14:12:23 [INFO] < ESP32: 2047
2026-07-11 14:12:23 [INFO] < ESP32: 65535
2026-07-11 14:12:23 [INFO] < ESP32: 63488
2026-07-11 14:12:23 [INFO] < ESP32: 0
2026-07-11 14:12:23 [INFO] < ESP32: 0
2026-07-11 14:12:23 [INFO] < ESP32: 2047
2026-07-11 14:12:23 [INFO] < ESP32: 65535
2026-07-11 14:12:23 [INFO] < ESP32: 65535
2026-07-11 14:12:23 [INFO] < ESP32: 65535
2026-07-11 14:12:23 [INFO] < ESP32: 63488
2026-07-11 14:12:23 [INFO] < ESP32: 0
2026-07-11 14:12:23 [INFO] < ESP32: 0
2026-07-11 14:12:23 [INFO] < ESP32: 0
2026-07-11 14:12:23 [INFO] < ESP32: 0
2026-07-11 14:12:23 [INFO] < ESP32: 0
2026-07-11 14:12:23 [INFO] < ESP32: 0
2026-07-11 14:12:23 [INFO] < ESP32: 0
2026-07-11 14:12:23 [INFO] < ESP32: 0
2026-07-11 14:12:23 [INFO] < ESP32: 0
2026-07-11 14:12:23 [INFO] < ESP32: 0
2026-07-11 14:12:23 [INFO] < ESP32: 0
2026-07-11 14:12:23 [INFO] < ESP32: 0
2026-07-11 14:12:23 [INFO] < ESP32: 0
2026-07-11 14:12:23 [INFO] < ESP32: 0
2026-07-11 14:12:23 [INFO] < ESP32: 0
2026-07-11 14:12:23 [INFO] < ESP32: 0
2026-07-11 14:12:23 [INFO] < ESP32: 0
2026-07-11 14:12:23 [INFO] < ESP32: 0
2026-07-11 14:12:23 [INFO] < ESP32: 0
2026-07-11 14:12:23 [INFO] < ESP32: 0
2026-07-11 14:12:23 [INFO] < ESP32: 0
2026-07-11 14:12:23 [INFO] < ESP32: 0
2026-07-11 14:12:23 [INFO] < ESP32: 0
2026-07-11 14:12:23 [INFO] < ESP32: 0
2026-07-11 14:12:23 [INFO] < ESP32: 0
2026-07-11 14:12:23 [INFO] < ESP32: 0
2026-07-11 14:12:23 [INFO] < ESP32: 0
2026-07-11 14:12:23 [INFO] < ESP32: 2047
2026-07-11 14:12:23 [INFO] < ESP32: 65535
2026-07-11 14:12:23 [INFO] < ESP32: 65535
2026-07-11 14:12:23 [INFO] < ESP32: 65535
2026-07-11 14:12:23 [INFO] < ESP32: 63488
2026-07-11 14:12:23 [INFO] < ESP32: 0
2026-07-11 14:12:23 [INFO] < ESP32: 0
2026-07-11 14:12:23 [INFO] < ESP32: 2047
2026-07-11 14:12:23 [INFO] < ESP32: 65535
2026-07-11 14:12:23 [INFO] < ESP32: 63488
2026-07-11 14:12:23 [INFO] < ESP32: 0
2026-07-11 14:12:23 [INFO] < ESP32: 2047
2026-07-11 14:12:23 [INFO] < ESP32: 65535
2026-07-11 14:12:23 [INFO] < ESP32: 63488
2026-07-11 14:12:23 [INFO] < ESP32: 0
2026-07-11 14:12:23 [INFO] < ESP32: 2047
2026-07-11 14:12:23 [INFO] < ESP32: 65535
2026-07-11 14:12:23 [INFO] < ESP32: 65535
2026-07-11 14:12:23 [INFO] < ESP32: 65535
2026-07-11 14:12:23 [INFO] < ESP32: 65535
2026-07-11 14:12:23 [INFO] < ESP32: 65535
2026-07-11 14:12:23 [INFO] < ESP32: 63488
2026-07-11 14:12:23 [INFO] < ESP32: 0
2026-07-11 14:12:23 [INFO] < ESP32: 2047
2026-07-11 14:12:23 [INFO] < ESP32: 65535
2026-07-11 14:12:23 [INFO] < ESP32: 63488
2026-07-11 14:12:23 [INFO] < ESP32: 0
2026-07-11 14:12:23 [INFO] < ESP32: 0
2026-07-11 14:12:23 [INFO] < ESP32: 0
2026-07-11 14:12:23 [INFO] < ESP32: 0
2026-07-11 14:12:23 [INFO] < ESP32: 0
2026-07-11 14:12:23 [INFO] < ESP32: 0
2026-07-11 14:12:23 [INFO] < ESP32: 2047
2026-07-11 14:12:23 [INFO] < ESP32: 65535
2026-07-11 14:12:23 [INFO] < ESP32: 65535
2026-07-11 14:12:23 [INFO] < ESP32: 65535
2026-07-11 14:12:23 [INFO] < ESP32: 63488
2026-07-11 14:12:23 [INFO] < ESP32: 0
2026-07-11 14:12:23 [INFO] < ESP32: 0
2026-07-11 14:12:23 [INFO] < ESP32: 0
2026-07-11 14:12:23 [INFO] < ESP32: 0
2026-07-11 14:12:23 [INFO] < ESP32: 0
2026-07-11 14:12:23 [INFO] < ESP32: 0
2026-07-11 14:12:23 [INFO] < ESP32: 0
2026-07-11 14:12:23 [INFO] < ESP32: 0
2026-07-11 14:12:23 [INFO] < ESP32: 0
2026-07-11 14:12:23 [INFO] < ESP32: 0
2026-07-11 14:12:23 [INFO] < ESP32: 0
2026-07-11 14:12:23 [INFO] < ESP32: 0
2026-07-11 14:12:23 [INFO] < ESP32: 2047
2026-07-11 14:12:23 [INFO] < ESP32: 65535
2026-07-11 14:12:23 [INFO] < ESP32: 63488
2026-07-11 14:12:23 [INFO] < ESP32: 0
2026-07-11 14:12:23 [INFO] < ESP32: 0
2026-07-11 14:12:23 [INFO] < ESP32: 0
2026-07-11 14:12:23 [INFO] < ESP32: 0
2026-07-11 14:12:23 [INFO] < ESP32: 0
2026-07-11 14:12:23 [INFO] < ESP32: 0
2026-07-11 14:12:23 [INFO] < ESP32: 0
2026-07-11 14:12:23 [INFO] < ESP32: 0
2026-07-11 14:12:23 [INFO] < ESP32: 0
2026-07-11 14:12:23 [INFO] < ESP32: 0
2026-07-11 14:12:23 [INFO] < ESP32: 0
2026-07-11 14:12:23 [INFO] < ESP32: 0
2026-07-11 14:12:23 [INFO] < ESP32: 2047
2026-07-11 14:12:23 [INFO] < ESP32: 65535
2026-07-11 14:12:23 [INFO] < ESP32: 65535
2026-07-11 14:12:23 [INFO] < ESP32: 63488
2026-07-11 14:12:23 [INFO] < ESP32: 0
2026-07-11 14:12:23 [INFO] < ESP32: 0
2026-07-11 14:12:23 [INFO] < ESP32: 0
2026-07-11 14:12:23 [INFO] < ESP32: 0
2026-07-11 14:12:23 [INFO] < ESP32: 0
2026-07-11 14:12:23 [INFO] < ESP32: 2047
2026-07-11 14:12:23 [INFO] < ESP32: 65535
2026-07-11 14:12:23 [INFO] < ESP32: 63488
2026-07-11 14:12:23 [INFO] < ESP32: 0
2026-07-11 14:12:23 [INFO] < ESP32: 0
2026-07-11 14:12:23 [INFO] < ESP32: 0
2026-07-11 14:12:23 [INFO] < ESP32: 0
2026-07-11 14:12:23 [INFO] < ESP32: 0
2026-07-11 14:12:23 [INFO] < ESP32: 2047
2026-07-11 14:12:23 [INFO] < ESP32: 65535
2026-07-11 14:12:23 [INFO] < ESP32: 63488
2026-07-11 14:12:23 [INFO] < ESP32: 0
2026-07-11 14:12:23 [INFO] < ESP32: 0
2026-07-11 14:12:23 [INFO] < ESP32: 0
2026-07-11 14:12:23 [INFO] < ESP32: 0
2026-07-11 14:12:23 [INFO] < ESP32: 0
2026-07-11 14:12:23 [INFO] < ESP32: 2047
2026-07-11 14:12:23 [INFO] < ESP32: 65535
2026-07-11 14:12:23 [INFO] < ESP32: 63488
2026-07-11 14:12:23 [INFO] < ESP32: 0
2026-07-11 14:12:23 [INFO] < ESP32: 0
2026-07-11 14:12:23 [INFO] < ESP32: 0
2026-07-11 14:12:23 [INFO] < ESP32: 0
2026-07-11 14:12:23 [INFO] < ESP32: 2047
2026-07-11 14:12:23 [INFO] < ESP32: 65535
2026-07-11 14:12:23 [INFO] < ESP32: 65535
2026-07-11 14:12:23 [INFO] < ESP32: 65535
2026-07-11 14:12:23 [INFO] < ESP32: 63488
2026-07-11 14:12:23 [INFO] < ESP32: 0
2026-07-11 14:12:23 [INFO] > Sent: UP:w
2026-07-11 14:12:23 [INFO] < ESP32: 0
2026-07-11 14:12:23 [INFO] < ESP32: 0
2026-07-11 14:12:23 [INFO] < ESP32: 0
2026-07-11 14:12:23 [INFO] < ESP32: 0
2026-07-11 14:12:23 [INFO] < ESP32: 0
2026-07-11 14:12:23 [INFO] < ESP32: 0
2026-07-11 14:12:23 [INFO] < ESP32: 0
2026-07-11 14:12:23 [INFO] < ESP32: 0
2026-07-11 14:12:23 [INFO] < ESP32: 0
2026-07-11 14:12:23 [INFO] < ESP32: 0
2026-07-11 14:12:23 [INFO] < ESP32: 0
2026-07-11 14:12:23 [INFO] < ESP32: 0
2026-07-11 14:12:23 [INFO] < ESP32: 0
2026-07-11 14:12:23 [INFO] < ESP32: 0
2026-07-11 14:12:23 [INFO] < ESP32: 0
2026-07-11 14:12:23 [INFO] < ESP32: 0
2026-07-11 14:12:23 [INFO] < ESP32: 0
2026-07-11 14:12:23 [INFO] < ESP32: 0
2026-07-11 14:12:23 [INFO] < ESP32: 0
2026-07-11 14:12:23 [INFO] < ESP32: 0
2026-07-11 14:12:23 [INFO] < ESP32: 0
2026-07-11 14:12:23 [INFO] < ESP32: 0
2026-07-11 14:12:23 [INFO] < ESP32: 0
2026-07-11 14:12:23 [INFO] < ESP32: 0
2026-07-11 14:12:23 [INFO] < ESP32: 0
2026-07-11 14:12:23 [INFO] < ESP32: 2047
2026-07-11 14:12:23 [INFO] < ESP32: 65535
2026-07-11 14:12:23 [INFO] < ESP32: 63488
2026-07-11 14:12:23 [INFO] < ESP32: 0
2026-07-11 14:12:23 [INFO] < ESP32: 2047
2026-07-11 14:12:23 [INFO] < ESP32: 65535
2026-07-11 14:12:23 [INFO] < ESP32: 63488
2026-07-11 14:12:23 [INFO] < ESP32: 0
2026-07-11 14:12:23 [INFO] < ESP32: 2047
2026-07-11 14:12:23 [INFO] < ESP32: 65535
2026-07-11 14:12:23 [INFO] < ESP32: 63488
2026-07-11 14:12:23 [INFO] < ESP32: 0
2026-07-11 14:12:23 [INFO] < ESP32: 2047
2026-07-11 14:12:23 [INFO] < ESP32: 65535
2026-07-11 14:12:23 [INFO] < ESP32: 63488
2026-07-11 14:12:23 [INFO] < ESP32: 0
2026-07-11 14:12:23 [INFO] < ESP32: 2047
2026-07-11 14:12:23 [INFO] < ESP32: 65535
2026-07-11 14:12:23 [INFO] < ESP32: 63488
2026-07-11 14:12:23 [INFO] < ESP32: 0
2026-07-11 14:12:23 [INFO] < ESP32: 2047
2026-07-11 14:12:23 [INFO] < ESP32: 65535
2026-07-11 14:12:23 [INFO] < ESP32: 63488
2026-07-11 14:12:23 [INFO] < ESP32: 0
2026-07-11 14:12:23 [INFO] < ESP32: 0
2026-07-11 14:12:23 [INFO] < ESP32: 2047
2026-07-11 14:12:23 [INFO] < ESP32: 65535
2026-07-11 14:12:23 [INFO] < ESP32: 65535
2026-07-11 14:12:23 [INFO] < ESP32: 65535
2026-07-11 14:12:23 [INFO] < ESP32: 63488
2026-07-11 14:12:23 [INFO] < ESP32: 0
2026-07-11 14:12:23 [INFO] < ESP32: 0
2026-07-11 14:12:23 [INFO] < ESP32: 0
2026-07-11 14:12:23 [INFO] < ESP32: 0
2026-07-11 14:12:23 [INFO] < ESP32: 2047
2026-07-11 14:12:23 [INFO] < ESP32: 65535
2026-07-11 14:12:23 [INFO] < ESP32: 63488
2026-07-11 14:12:23 [INFO] < ESP32: 0
2026-07-11 14:12:23 [INFO] < ESP32: 0
2026-07-11 14:12:23 [INFO] < ESP32: 0
2026-07-11 14:12:23 [INFO] < ESP32: 0
2026-07-11 14:12:23 [INFO] < ESP32: 0
2026-07-11 14:12:23 [INFO] < ESP32: 0
2026-07-11 14:12:23 [INFO] < ESP32: 0
2026-07-11 14:12:23 [INFO] < ESP32: 0
2026-07-11 14:12:23 [INFO] < ESP32: 0
2026-07-11 14:12:23 [INFO] < ESP32: 0
2026-07-11 14:12:23 [INFO] < ESP32: 0
2026-07-11 14:12:23 [INFO] < ESP32: 0
2026-07-11 14:12:23 [INFO] < ESP32: 0
2026-07-11 14:12:23 [INFO] < ESP32: 0
2026-07-11 14:12:23 [INFO] < ESP32: 0
2026-07-11 14:12:23 [INFO] < ESP32: 0
2026-07-11 14:12:23 [INFO] < ESP32: 0
2026-07-11 14:12:23 [INFO] < ESP32: 0
2026-07-11 14:12:23 [INFO] < ESP32: 0
2026-07-11 14:12:23 [INFO] < ESP32: 0
2026-07-11 14:12:23 [INFO] < ESP32: 0
2026-07-11 14:12:23 [INFO] < ESP32: 0
2026-07-11 14:12:23 [INFO] < ESP32: 0
2026-07-11 14:12:23 [INFO] < ESP32: 0
2026-07-11 14:12:23 [INFO] < ESP32: 0
2026-07-11 14:12:23 [INFO] < ESP32: 0
2026-07-11 14:12:23 [INFO] < ESP32: 0
2026-07-11 14:12:23 [INFO] < ESP32: 0
2026-07-11 14:12:23 [INFO] < ESP32: 2047
2026-07-11 14:12:23 [INFO] < ESP32: 65535
2026-07-11 14:12:23 [INFO] < ESP32: 65535
2026-07-11 14:12:23 [INFO] < ESP32: 65535
2026-07-11 14:12:23 [INFO] < ESP32: 63488
2026-07-11 14:12:23 [INFO] < ESP32: 0
2026-07-11 14:12:23 [INFO] < ESP32: 0
2026-07-11 14:12:23 [INFO] < ESP32: 2047
2026-07-11 14:12:23 [INFO] < ESP32: 65535
2026-07-11 14:12:23 [INFO] < ESP32: 63488
2026-07-11 14:12:23 [INFO] < ESP32: 0
2026-07-11 14:12:23 [INFO] < ESP32: 2047
2026-07-11 14:12:23 [INFO] < ESP32: 65535
2026-07-11 14:12:23 [INFO] < ESP32: 63488
2026-07-11 14:12:23 [INFO] < ESP32: 0
2026-07-11 14:12:23 [INFO] < ESP32: 2047
2026-07-11 14:12:23 [INFO] < ESP32: 65535
2026-07-11 14:12:23 [INFO] < ESP32: 65535
2026-07-11 14:12:23 [INFO] < ESP32: 65535
2026-07-11 14:12:23 [INFO] < ESP32: 65535
2026-07-11 14:12:23 [INFO] < ESP32: 65535
2026-07-11 14:12:23 [INFO] < ESP32: 63488
2026-07-11 14:12:23 [INFO] < ESP32: 0
2026-07-11 14:12:23 [INFO] < ESP32: 2047
2026-07-11 14:12:23 [INFO] < ESP32: 65535
2026-07-11 14:12:23 [INFO] < ESP32: 63488
2026-07-11 14:12:23 [INFO] < ESP32: 0
2026-07-11 14:12:23 [INFO] < ESP32: 0
2026-07-11 14:12:23 [INFO] < ESP32: 0
2026-07-11 14:12:23 [INFO] < ESP32: 0
2026-07-11 14:12:23 [INFO] < ESP32: 0
2026-07-11 14:12:23 [INFO] < ESP32: 0
2026-07-11 14:12:23 [INFO] < ESP32: 2047
2026-07-11 14:12:23 [INFO] < ESP32: 65535
2026-07-11 14:12:23 [INFO] < ESP32: 65535
2026-07-11 14:12:23 [INFO] < ESP32: 65535
2026-07-11 14:12:23 [INFO] < ESP32: 63488
2026-07-11 14:12:23 [INFO] < ESP32: 0
2026-07-11 14:12:23 [INFO] < ESP32: 0
2026-07-11 14:12:23 [INFO] < ESP32: 0
2026-07-11 14:12:23 [INFO] < ESP32: 0
2026-07-11 14:12:23 [INFO] < ESP32: 0
2026-07-11 14:12:23 [INFO] < ESP32: 0
2026-07-11 14:12:23 [INFO] < ESP32: 0
2026-07-11 14:12:23 [INFO] < ESP32: 0
2026-07-11 14:12:23 [INFO] < ESP32: 0
2026-07-11 14:12:23 [INFO] < ESP32: 0
2026-07-11 14:12:23 [INFO] < ESP32: 0
2026-07-11 14:12:23 [INFO] < ESP32: 0
2026-07-11 14:12:23 [INFO] < ESP32: 0
2026-07-11 14:12:23 [INFO] < ESP32: 2047
2026-07-11 14:12:23 [INFO] < ESP32: 65535
2026-07-11 14:12:23 [INFO] < ESP32: 65535
2026-07-11 14:12:23 [INFO] < ESP32: 63488
2026-07-11 14:12:23 [INFO] < ESP32: 0
2026-07-11 14:12:23 [INFO] < ESP32: 0
2026-07-11 14:12:23 [INFO] < ESP32: 0
2026-07-11 14:12:23 [INFO] < ESP32: 0
2026-07-11 14:12:23 [INFO] < ESP32: 0
2026-07-11 14:12:23 [INFO] < ESP32: 2047
2026-07-11 14:12:23 [INFO] < ESP32: 65535
2026-07-11 14:12:23 [INFO] < ESP32: 63488
2026-07-11 14:12:23 [INFO] < ESP32: 0
2026-07-11 14:12:23 [INFO] < ESP32: 0
2026-07-11 14:12:23 [INFO] < ESP32: 0
2026-07-11 14:12:23 [INFO] < ESP32: 0
2026-07-11 14:12:23 [INFO] < ESP32: 0
2026-07-11 14:12:23 [INFO] < ESP32: 2047
2026-07-11 14:12:23 [INFO] < ESP32: 65535
2026-07-11 14:12:23 [INFO] < ESP32: 63488
2026-07-11 14:12:23 [INFO] < ESP32: 0
2026-07-11 14:12:23 [INFO] < ESP32: 0
2026-07-11 14:12:23 [INFO] < ESP32: 2047
2026-07-11 14:12:23 [INFO] < ESP32: 65535
2026-07-11 14:12:23 [INFO] < ESP32: 65535
2026-07-11 14:12:23 [INFO] < ESP32: 65535
2026-07-11 14:12:23 [INFO] < ESP32: 65535
2026-07-11 14:12:23 [INFO] < ESP32: 63488
2026-07-11 14:12:23 [INFO] < ESP32: 0
2026-07-11 14:12:23 [INFO] < ESP32: 2047
2026-07-11 14:12:23 [INFO] < ESP32: 65535
2026-07-11 14:12:23 [INFO] < ESP32: 63488
2026-07-11 14:12:23 [INFO] < ESP32: 0
2026-07-11 14:12:23 [INFO] < ESP32: 2047
2026-07-11 14:12:23 [INFO] < ESP32: 65535
2026-07-11 14:12:23 [INFO] < ESP32: 63488
2026-07-11 14:12:23 [INFO] < ESP32: 0
2026-07-11 14:12:23 [INFO] < ESP32: 2047
2026-07-11 14:12:23 [INFO] < ESP32: 65535
2026-07-11 14:12:23 [INFO] < ESP32: 63488
2026-07-11 14:12:23 [INFO] < ESP32: 0
2026-07-11 14:12:23 [INFO] < ESP32: 2047
2026-07-11 14:12:23 [INFO] < ESP32: 65535
2026-07-11 14:12:23 [INFO] < ESP32: 63488
2026-07-11 14:12:23 [INFO] < ESP32: 0
2026-07-11 14:12:23 [INFO] < ESP32: 0
2026-07-11 14:12:23 [INFO] < ESP32: 2047
2026-07-11 14:12:23 [INFO] < ESP32: 65535
2026-07-11 14:12:23 [INFO] < ESP32: 65535
2026-07-11 14:12:23 [INFO] < ESP32: 63488
2026-07-11 14:12:23 [INFO] < ESP32: 2047
2026-07-11 14:12:23 [INFO] < ESP32: 65535
2026-07-11 14:12:23 [INFO] < ESP32: 63488
2026-07-11 14:12:23 [INFO] < ESP32: 0
2026-07-11 14:12:23 [INFO] < ESP32: 0
2026-07-11 14:12:23 [INFO] < ESP32: 0
2026-07-11 14:12:23 [INFO] < ESP32: 0
2026-07-11 14:12:23 [INFO] < ESP32: 0
2026-07-11 14:12:23 [INFO] < ESP32: 0
2026-07-11 14:12:23 [INFO] < ESP32: 0
2026-07-11 14:12:23 [INFO] < ESP32: 0
2026-07-11 14:12:23 [INFO] < ESP32: 0
2026-07-11 14:12:23 [INFO] < ESP32: 0
2026-07-11 14:12:23 [INFO] < ESP32: 0
2026-07-11 14:12:23 [INFO] < ESP32: 0
2026-07-11 14:12:23 [INFO] < ESP32: 0
2026-07-11 14:12:23 [INFO] < ESP32: 0
2026-07-11 14:12:23 [INFO] < ESP32: 0
2026-07-11 14:12:23 [INFO] < ESP32: 0
2026-07-11 14:12:23 [INFO] < ESP32: 0
2026-07-11 14:12:23 [INFO] < ESP32: 0
2026-07-11 14:12:23 [INFO] < ESP32: 2047
2026-07-11 14:12:23 [INFO] < ESP32: 65535
2026-07-11 14:12:23 [INFO] < ESP32: 63488
2026-07-11 14:12:23 [INFO] < ESP32: 0
2026-07-11 14:12:23 [INFO] < ESP32: 0
2026-07-11 14:12:23 [INFO] < ESP32: 0
2026-07-11 14:12:23 [INFO] < ESP32: 0
2026-07-11 14:12:23 [INFO] < ESP32: 0
2026-07-11 14:12:23 [INFO] < ESP32: 2047
2026-07-11 14:12:23 [INFO] < ESP32: 65535
2026-07-11 14:12:23 [INFO] < ESP32: 63488
2026-07-11 14:12:23 [INFO] < ESP32: 0
2026-07-11 14:12:23 [INFO] < ESP32: 0
2026-07-11 14:12:23 [INFO] < ESP32: 0
2026-07-11 14:12:23 [INFO] < ESP32: 0
2026-07-11 14:12:23 [INFO] < ESP32: 0
2026-07-11 14:12:23 [INFO] < ESP32: 0
2026-07-11 14:12:23 [INFO] < ESP32: 0
2026-07-11 14:12:23 [INFO] < ESP32: 0
2026-07-11 14:12:23 [INFO] < ESP32: 0
2026-07-11 14:12:23 [INFO] < ESP32: 0
2026-07-11 14:12:23 [INFO] < ESP32: 0
2026-07-11 14:12:23 [INFO] < ESP32: 0
2026-07-11 14:12:23 [INFO] < ESP32: 0
2026-07-11 14:12:23 [INFO] < ESP32: 0
2026-07-11 14:12:23 [INFO] < ESP32: 0
2026-07-11 14:12:23 [INFO] < ESP32: 0
2026-07-11 14:12:23 [INFO] < ESP32: 0
2026-07-11 14:12:23 [INFO] < ESP32: 0
2026-07-11 14:12:23 [INFO] < ESP32: 0
2026-07-11 14:12:23 [INFO] < ESP32: 0
2026-07-11 14:12:23 [INFO] < ESP32: 0
2026-07-11 14:12:23 [INFO] < ESP32: 2047
2026-07-11 14:12:23 [INFO] < ESP32: 65535
2026-07-11 14:12:23 [INFO] < ESP32: 63488
2026-07-11 14:12:23 [INFO] < ESP32: 0
2026-07-11 14:12:23 [INFO] < ESP32: 0
2026-07-11 14:12:23 [INFO] < ESP32: 0
2026-07-11 14:12:23 [INFO] < ESP32: 0
2026-07-11 14:12:23 [INFO] < ESP32: 0
2026-07-11 14:12:23 [INFO] < ESP32: 2047
2026-07-11 14:12:23 [INFO] < ESP32: 65535
2026-07-11 14:12:23 [INFO] < ESP32: 63488
2026-07-11 14:12:23 [INFO] < ESP32: 0
2026-07-11 14:12:23 [INFO] < ESP32: 0
2026-07-11 14:12:23 [INFO] < ESP32: 0
2026-07-11 14:12:23 [INFO] < ESP32: 0
2026-07-11 14:12:23 [INFO] < ESP32: 0
2026-07-11 14:12:23 [INFO] < ESP32: 0
2026-07-11 14:12:23 [INFO] < ESP32: 0
2026-07-11 14:12:23 [INFO] < ESP32: 0
2026-07-11 14:12:23 [INFO] < ESP32: 0
2026-07-11 14:12:23 [INFO] < ESP32: 0
2026-07-11 14:12:23 [INFO] < ESP32: 0
2026-07-11 14:12:23 [INFO] < ESP32: 0
2026-07-11 14:12:23 [INFO] < ESP32: 0
2026-07-11 14:12:23 [INFO] < ESP32: 0
2026-07-11 14:12:23 [INFO] < ESP32: 0
2026-07-11 14:12:23 [INFO] < ESP32: 0
2026-07-11 14:12:23 [INFO] < ESP32: 0
2026-07-11 14:12:23 [INFO] < ESP32: 0
2026-07-11 14:12:23 [INFO] < ESP32: 0
2026-07-11 14:12:23 [INFO] < ESP32: 0
2026-07-11 14:12:23 [INFO] < ESP32: 0
2026-07-11 14:12:23 [INFO] < ESP32: 0
2026-07-11 14:12:23 [INFO] < ESP32: 0
2026-07-11 14:12:23 [INFO] < ESP32: 0
2026-07-11 14:12:23 [INFO] < ESP32: 0
2026-07-11 14:12:23 [INFO] < ESP32: 0
2026-07-11 14:12:23 [INFO] < ESP32: 0
2026-07-11 14:12:23 [INFO] < ESP32: 0
2026-07-11 14:12:23 [INFO] < ESP32: 0
2026-07-11 14:12:23 [INFO] < ESP32: 0
2026-07-11 14:12:23 [INFO] < ESP32: 0
2026-07-11 14:12:23 [INFO] < ESP32: 0
2026-07-11 14:12:23 [INFO] < ESP32: 0
2026-07-11 14:12:23 [INFO] < ESP32: 0
2026-07-11 14:12:23 [INFO] < ESP32: 0
2026-07-11 14:12:23 [INFO] < ESP32: 0
2026-07-11 14:12:23 [INFO] < ESP32: 0
2026-07-11 14:12:23 [INFO] < ESP32: 0
2026-07-11 14:12:23 [INFO] < ESP32: 0
2026-07-11 14:12:23 [INFO] < ESP32: 0
2026-07-11 14:12:23 [INFO] < ESP32: 0
2026-07-11 14:12:23 [INFO] < ESP32: 0
2026-07-11 14:12:23 [INFO] < ESP32: 0
2026-07-11 14:12:23 [INFO] < ESP32: 0
2026-07-11 14:12:23 [INFO] < ESP32: 0
2026-07-11 14:12:23 [INFO] < ESP32: 0
2026-07-11 14:12:23 [INFO] < ESP32: 0
2026-07-11 14:12:23 [INFO] < ESP32: 0
2026-07-11 14:12:23 [INFO] < ESP32: 0
2026-07-11 14:12:23 [INFO] < ESP32: 0
2026-07-11 14:12:23 [INFO] < ESP32: 0
2026-07-11 14:12:23 [INFO] < ESP32: 0
2026-07-11 14:12:23 [INFO] < ESP32: 0
2026-07-11 14:12:23 [INFO] < ESP32: 0
2026-07-11 14:12:23 [INFO] < ESP32: 0
2026-07-11 14:12:23 [INFO] < ESP32: 0
2026-07-11 14:12:23 [INFO] < ESP32: 0
2026-07-11 14:12:23 [INFO] < ESP32: 0
2026-07-11 14:12:23 [INFO] < ESP32: 0
2026-07-11 14:12:23 [INFO] < ESP32: 0
2026-07-11 14:12:23 [INFO] < ESP32: 0
2026-07-11 14:12:23 [INFO] < ESP32: 0
2026-07-11 14:12:23 [INFO] < ESP32: 0
2026-07-11 14:12:23 [INFO] < ESP32: 0
2026-07-11 14:12:23 [INFO] < ESP32: 0
2026-07-11 14:12:23 [INFO] < ESP32: 0
2026-07-11 14:12:23 [INFO] < ESP32: 0
2026-07-11 14:12:23 [INFO] < ESP32: 0
2026-07-11 14:12:23 [INFO] < ESP32: 0
2026-07-11 14:12:23 [INFO] < ESP32: 0
2026-07-11 14:12:23 [INFO] < ESP32: 0
2026-07-11 14:12:23 [INFO] < ESP32: 0
2026-07-11 14:12:23 [INFO] < ESP32: 0
2026-07-11 14:12:23 [INFO] < ESP32: 0
2026-07-11 14:12:23 [INFO] < ESP32: 0
2026-07-11 14:12:23 [INFO] < ESP32: 0
2026-07-11 14:12:23 [INFO] < ESP32: 0
2026-07-11 14:12:23 [INFO] < ESP32: 0
2026-07-11 14:12:23 [INFO] < ESP32: 0
2026-07-11 14:12:23 [INFO] < ESP32: 0
2026-07-11 14:12:23 [INFO] < ESP32: 0
2026-07-11 14:12:23 [INFO] < ESP32: 0
2026-07-11 14:12:23 [INFO] < ESP32: 0
2026-07-11 14:12:23 [INFO] < ESP32: 0
2026-07-11 14:12:23 [INFO] < ESP32: 0
2026-07-11 14:12:23 [INFO] < ESP32: 0
2026-07-11 14:12:23 [INFO] < ESP32: 0
2026-07-11 14:12:23 [INFO] < ESP32: 0
2026-07-11 14:12:23 [INFO] < ESP32: 0
2026-07-11 14:12:23 [INFO] < ESP32: 0
2026-07-11 14:12:23 [INFO] < ESP32: 0
2026-07-11 14:12:23 [INFO] < ESP32: 2047
2026-07-11 14:12:23 [INFO] < ESP32: 65535
2026-07-11 14:12:23 [INFO] < ESP32: 65535
2026-07-11 14:12:23 [INFO] < ESP32: 65535
2026-07-11 14:12:23 [INFO] < ESP32: 65535
2026-07-11 14:12:23 [INFO] < ESP32: 65535
2026-07-11 14:12:23 [INFO] < ESP32: 65535
2026-07-11 14:12:23 [INFO] < ESP32: 63488
2026-07-11 14:12:23 [INFO] < ESP32: 2047
2026-07-11 14:12:23 [INFO] < ESP32: 65535
2026-07-11 14:12:23 [INFO] < ESP32: 63488
2026-07-11 14:12:23 [INFO] < ESP32: 2047
2026-07-11 14:12:23 [INFO] < ESP32: 65535
2026-07-11 14:12:23 [INFO] < ESP32: 65535
2026-07-11 14:12:23 [INFO] < ESP32: 65535
2026-07-11 14:12:23 [INFO] < ESP32: 63488
2026-07-11 14:12:23 [INFO] < ESP32: 2047
2026-07-11 14:12:23 [INFO] < ESP32: 65535
2026-07-11 14:12:23 [INFO] < ESP32: 65535
2026-07-11 14:12:23 [INFO] < ESP32: 65535
2026-07-11 14:12:23 [INFO] < ESP32: 65535
2026-07-11 14:12:23 [INFO] < ESP32: 65535
2026-07-11 14:12:23 [INFO] < ESP32: 65535
2026-07-11 14:12:23 [INFO] < ESP32: 63488
2026-07-11 14:12:23 [INFO] < ESP32: 2047
2026-07-11 14:12:23 [INFO] < ESP32: 65535
2026-07-11 14:12:23 [INFO] < ESP32: 65535
2026-07-11 14:12:23 [INFO] < ESP32: 65535
2026-07-11 14:12:23 [INFO] < ESP32: 65535
2026-07-11 14:12:23 [INFO] < ESP32: 65535
2026-07-11 14:12:23 [INFO] < ESP32: 65535
2026-07-11 14:12:23 [INFO] < ESP32: 63488
2026-07-11 14:12:23 [INFO] < ESP32: 0
2026-07-11 14:12:23 [INFO] < ESP32: 2047
2026-07-11 14:12:23 [INFO] < ESP32: 65535
2026-07-11 14:12:23 [INFO] < ESP32: 65535
2026-07-11 14:12:23 [INFO] < ESP32: 65535
2026-07-11 14:12:23 [INFO] < ESP32: 65535
2026-07-11 14:12:23 [INFO] < ESP32: 65535
2026-07-11 14:12:23 [INFO] < ESP32: 63488
2026-07-11 14:12:23 [INFO] < ESP32: 0
2026-07-11 14:12:23 [INFO] < ESP32: 0
2026-07-11 14:12:23 [INFO] < ESP32: 0
2026-07-11 14:12:23 [INFO] < ESP32: 0
2026-07-11 14:12:23 [INFO] < ESP32: 0
2026-07-11 14:12:23 [INFO] < ESP32: 0
2026-07-11 14:12:23 [INFO] < ESP32: 0
2026-07-11 14:12:23 [INFO] < ESP32: 0
2026-07-11 14:12:23 [INFO] < ESP32: 0
2026-07-11 14:12:23 [INFO] < ESP32: 0
2026-07-11 14:12:23 [INFO] < ESP32: 0
2026-07-11 14:12:23 [INFO] < ESP32: 0
2026-07-11 14:12:23 [INFO] < ESP32: 0
2026-07-11 14:12:23 [INFO] < ESP32: 0
2026-07-11 14:12:23 [INFO] < ESP32: 0
2026-07-11 14:12:23 [INFO] < ESP32: 0
2026-07-11 14:12:23 [INFO] < ESP32: 0
2026-07-11 14:12:23 [INFO] < ESP32: 0
2026-07-11 14:12:23 [INFO] < ESP32: 0
2026-07-11 14:12:23 [INFO] < ESP32: 0
2026-07-11 14:12:23 [INFO] < ESP32: 0
2026-07-11 14:12:23 [INFO] < ESP32: 0
2026-07-11 14:12:23 [INFO] < ESP32: 0
2026-07-11 14:12:23 [INFO] < ESP32: 0
2026-07-11 14:12:23 [INFO] < ESP32: 0
2026-07-11 14:12:23 [INFO] < ESP32: 0
2026-07-11 14:12:23 [INFO] < ESP32: 0
2026-07-11 14:12:23 [INFO] < ESP32: 0
2026-07-11 14:12:23 [INFO] < ESP32: 0
2026-07-11 14:12:23 [INFO] < ESP32: 0
2026-07-11 14:12:23 [INFO] < ESP32: 0
2026-07-11 14:12:23 [INFO] < ESP32: 0
2026-07-11 14:12:23 [INFO] < ESP32: 0
2026-07-11 14:12:23 [INFO] < ESP32: 0
2026-07-11 14:12:23 [INFO] < ESP32: 0
2026-07-11 14:12:23 [INFO] < ESP32: 0
2026-07-11 14:12:23 [INFO] < ESP32: 0
2026-07-11 14:12:23 [INFO] < ESP32: 0
2026-07-11 14:12:23 [INFO] < ESP32: 0
2026-07-11 14:12:23 [INFO] < ESP32: 0
2026-07-11 14:12:23 [INFO] < ESP32: 0
2026-07-11 14:12:23 [INFO] < ESP32: 0
2026-07-11 14:12:23 [INFO] < ESP32: 0
2026-07-11 14:12:23 [INFO] < ESP32: 0
2026-07-11 14:12:23 [INFO] < ESP32: 0
2026-07-11 14:12:23 [INFO] < ESP32: 0
2026-07-11 14:12:23 [INFO] < ESP32: 0
2026-07-11 14:12:23 [INFO] < ESP32: 0
2026-07-11 14:12:23 [INFO] < ESP32: 0
2026-07-11 14:12:23 [INFO] < ESP32: 0
2026-07-11 14:12:23 [INFO] < ESP32: 0
2026-07-11 14:12:23 [INFO] < ESP32: 0
2026-07-11 14:12:23 [INFO] < ESP32: 0
2026-07-11 14:12:23 [INFO] < ESP32: 0
2026-07-11 14:12:23 [INFO] < ESP32: 0
2026-07-11 14:12:23 [INFO] < ESP32: 0
2026-07-11 14:12:23 [INFO] < ESP32: 0
2026-07-11 14:12:23 [INFO] < ESP32: 0
2026-07-11 14:12:23 [INFO] < ESP32: 0
2026-07-11 14:12:23 [INFO] < ESP32: 0
2026-07-11 14:12:23 [INFO] < ESP32: 0
2026-07-11 14:12:23 [INFO] < ESP32: 0
2026-07-11 14:12:23 [INFO] < ESP32: 0
2026-07-11 14:12:23 [INFO] < ESP32: 0
2026-07-11 14:12:23 [INFO] < ESP32: 0
2026-07-11 14:12:23 [INFO] < ESP32: 0
2026-07-11 14:12:23 [INFO] < ESP32: 0
2026-07-11 14:12:23 [INFO] < ESP32: 0
2026-07-11 14:12:23 [INFO] < ESP32: 0
2026-07-11 14:12:23 [INFO] < ESP32: 0
2026-07-11 14:12:23 [INFO] < ESP32: 0
2026-07-11 14:12:23 [INFO] < ESP32: 0
2026-07-11 14:12:23 [INFO] < ESP32: 2047
2026-07-11 14:12:23 [INFO] < ESP32: 65535
2026-07-11 14:12:23 [INFO] < ESP32: 65535
2026-07-11 14:12:23 [INFO] < ESP32: 65535
2026-07-11 14:12:23 [INFO] < ESP32: 65535
2026-07-11 14:12:23 [INFO] < ESP32: 63488
2026-07-11 14:12:23 [INFO] < ESP32: 0
2026-07-11 14:12:23 [INFO] < ESP32: 0
2026-07-11 14:12:23 [INFO] < ESP32: 0
2026-07-11 14:12:23 [INFO] < ESP32: 2047
2026-07-11 14:12:23 [INFO] < ESP32: 65535
2026-07-11 14:12:23 [INFO] < ESP32: 63488
2026-07-11 14:12:23 [INFO] < ESP32: 2047
2026-07-11 14:12:23 [INFO] < ESP32: 65535
2026-07-11 14:12:23 [INFO] < ESP32: 63488
2026-07-11 14:12:23 [INFO] < ESP32: 0
2026-07-11 14:12:23 [INFO] < ESP32: 0
2026-07-11 14:12:23 [INFO] < ESP32: 2047
2026-07-11 14:12:23 [INFO] < ESP32: 65535
2026-07-11 14:12:23 [INFO] < ESP32: 63488
2026-07-11 14:12:23 [INFO] < ESP32: 0
2026-07-11 14:12:23 [INFO] < ESP32: 2047
2026-07-11 14:12:23 [INFO] < ESP32: 65535
2026-07-11 14:12:23 [INFO] < ESP32: 63488
2026-07-11 14:12:23 [INFO] < ESP32: 0
2026-07-11 14:12:23 [INFO] < ESP32: 2047
2026-07-11 14:12:23 [INFO] < ESP32: 65535
2026-07-11 14:12:23 [INFO] < ESP32: 63488
2026-07-11 14:12:23 [INFO] < ESP32: 0
2026-07-11 14:12:23 [INFO] < ESP32: 2047
2026-07-11 14:12:23 [INFO] < ESP32: 65535
2026-07-11 14:12:23 [INFO] < ESP32: 63488
2026-07-11 14:12:23 [INFO] < ESP32: 0
2026-07-11 14:12:23 [INFO] < ESP32: 2047
2026-07-11 14:12:23 [INFO] < ESP32: 65535
2026-07-11 14:12:23 [INFO] < ESP32: 63488
2026-07-11 14:12:23 [INFO] < ESP32: 0
2026-07-11 14:12:23 [INFO] < ESP32: 2047
2026-07-11 14:12:23 [INFO] < ESP32: 65535
2026-07-11 14:12:23 [INFO] < ESP32: 63488
2026-07-11 14:12:23 [INFO] < ESP32: 0
2026-07-11 14:12:23 [INFO] < ESP32: 2047
2026-07-11 14:12:23 [INFO] < ESP32: 65535
2026-07-11 14:12:23 [INFO] < ESP32: 63488
2026-07-11 14:12:23 [INFO] < ESP32: 2047
2026-07-11 14:12:23 [INFO] < ESP32: 65535
2026-07-11 14:12:23 [INFO] < ESP32: 63488
2026-07-11 14:12:23 [INFO] < ESP32: 0
2026-07-11 14:12:23 [INFO] < ESP32: 2047
2026-07-11 14:12:23 [INFO] < ESP32: 65535
2026-07-11 14:12:23 [INFO] < ESP32: 65535
2026-07-11 14:12:23 [INFO] < ESP32: 65535
2026-07-11 14:12:23 [INFO] < ESP32: 65535
2026-07-11 14:12:23 [INFO] < ESP32: 63488
2026-07-11 14:12:23 [INFO] < ESP32: 0
2026-07-11 14:12:23 [INFO] < ESP32: 0
2026-07-11 14:12:23 [INFO] < ESP32: 0
2026-07-11 14:12:23 [INFO] < ESP32: 0
2026-07-11 14:12:23 [INFO] < ESP32: 0
2026-07-11 14:12:23 [INFO] < ESP32: 0
2026-07-11 14:12:23 [INFO] < ESP32: 0
2026-07-11 14:12:23 [INFO] < ESP32: 0
2026-07-11 14:12:23 [INFO] < ESP32: 0
2026-07-11 14:12:23 [INFO] < ESP32: 0
2026-07-11 14:12:23 [INFO] < ESP32: 0
2026-07-11 14:12:23 [INFO] < ESP32: 0
2026-07-11 14:12:23 [INFO] < ESP32: 0
2026-07-11 14:12:23 [INFO] < ESP32: 0
2026-07-11 14:12:23 [INFO] < ESP32: 0
2026-07-11 14:12:23 [INFO] < ESP32: 0
2026-07-11 14:12:23 [INFO] < ESP32: 0
2026-07-11 14:12:23 [INFO] < ESP32: 0
2026-07-11 14:12:23 [INFO] < ESP32: 0
2026-07-11 14:12:23 [INFO] < ESP32: 0
2026-07-11 14:12:23 [INFO] < ESP32: 0
2026-07-11 14:12:23 [INFO] < ESP32: 0
2026-07-11 14:12:23 [INFO] < ESP32: 0
2026-07-11 14:12:23 [INFO] < ESP32: 0
2026-07-11 14:12:23 [INFO] < ESP32: 0
2026-07-11 14:12:23 [INFO] < ESP32: 0
2026-07-11 14:12:23 [INFO] < ESP32: 0
2026-07-11 14:12:23 [INFO] < ESP32: 2047
2026-07-11 14:12:23 [INFO] < ESP32: 65535
2026-07-11 14:12:23 [INFO] < ESP32: 65535
2026-07-11 14:12:23 [INFO] < ESP32: 65535
2026-07-11 14:12:23 [INFO] < ESP32: 63488
2026-07-11 14:12:23 [INFO] < ESP32: 0
2026-07-11 14:12:23 [INFO] < ESP32: 0
2026-07-11 14:12:23 [INFO] < ESP32: 2047
2026-07-11 14:12:23 [INFO] < ESP32: 65535
2026-07-11 14:12:23 [INFO] < ESP32: 63488
2026-07-11 14:12:23 [INFO] < ESP32: 0
2026-07-11 14:12:23 [INFO] < ESP32: 2047
2026-07-11 14:12:23 [INFO] < ESP32: 65535
2026-07-11 14:12:23 [INFO] < ESP32: 63488
2026-07-11 14:12:23 [INFO] < ESP32: 0
2026-07-11 14:12:23 [INFO] < ESP32: 2047
2026-07-11 14:12:23 [INFO] < ESP32: 65535
2026-07-11 14:12:23 [INFO] < ESP32: 63488
2026-07-11 14:12:23 [INFO] < ESP32: 0
2026-07-11 14:12:23 [INFO] < ESP32: 2047
2026-07-11 14:12:23 [INFO] < ESP32: 65535
2026-07-11 14:12:23 [INFO] < ESP32: 63488
2026-07-11 14:12:23 [INFO] < ESP32: 0
2026-07-11 14:12:23 [INFO] < ESP32: 2047
2026-07-11 14:12:23 [INFO] < ESP32: 65535
2026-07-11 14:12:23 [INFO] < ESP32: 63488
2026-07-11 14:12:23 [INFO] < ESP32: 0
2026-07-11 14:12:23 [INFO] < ESP32: 2047
2026-07-11 14:12:23 [INFO] < ESP32: 65535
2026-07-11 14:12:23 [INFO] < ESP32: 63488
2026-07-11 14:12:23 [INFO] < ESP32: 0
2026-07-11 14:12:23 [INFO] < ESP32: 0
2026-07-11 14:12:23 [INFO] < ESP32: 2047
2026-07-11 14:12:23 [INFO] < ESP32: 65535
2026-07-11 14:12:23 [INFO] < ESP32: 65535
2026-07-11 14:12:23 [INFO] < ESP32: 65535
2026-07-11 14:12:23 [INFO] < ESP32: 63488
2026-07-11 14:12:23 [INFO] < ESP32: 0
2026-07-11 14:12:23 [INFO] < ESP32: 0
2026-07-11 14:12:23 [INFO] < ESP32: 0
2026-07-11 14:12:23 [INFO] < ESP32: 0
2026-07-11 14:12:23 [INFO] < ESP32: 0
2026-07-11 14:12:23 [INFO] < ESP32: 0
2026-07-11 14:12:23 [INFO] < ESP32: 0
2026-07-11 14:12:23 [INFO] < ESP32: 0
2026-07-11 14:12:23 [INFO] < ESP32: 0
2026-07-11 14:12:23 [INFO] < ESP32: 0
2026-07-11 14:12:23 [INFO] < ESP32: 0
2026-07-11 14:12:23 [INFO] < ESP32: 0
2026-07-11 14:12:23 [INFO] < ESP32: 0
2026-07-11 14:12:23 [INFO] < ESP32: 0
2026-07-11 14:12:23 [INFO] < ESP32: 0
2026-07-11 14:12:23 [INFO] < ESP32: 0
2026-07-11 14:12:23 [INFO] < ESP32: 0
2026-07-11 14:12:23 [INFO] < ESP32: 0
2026-07-11 14:12:23 [INFO] < ESP32: 0
2026-07-11 14:12:23 [INFO] < ESP32: 0
2026-07-11 14:12:23 [INFO] < ESP32: 0
2026-07-11 14:12:23 [INFO] < ESP32: 0
2026-07-11 14:12:23 [INFO] < ESP32: 0
2026-07-11 14:12:23 [INFO] < ESP32: 0
2026-07-11 14:12:23 [INFO] < ESP32: 0
2026-07-11 14:12:23 [INFO] < ESP32: 0
2026-07-11 14:12:23 [INFO] < ESP32: 2047
2026-07-11 14:12:23 [INFO] < ESP32: 65535
2026-07-11 14:12:23 [INFO] < ESP32: 63488
2026-07-11 14:12:23 [INFO] < ESP32: 0
2026-07-11 14:12:23 [INFO] < ESP32: 0
2026-07-11 14:12:23 [INFO] < ESP32: 2047
2026-07-11 14:12:23 [INFO] < ESP32: 65535
2026-07-11 14:12:23 [INFO] < ESP32: 63488
2026-07-11 14:12:23 [INFO] < ESP32: 2047
2026-07-11 14:12:23 [INFO] < ESP32: 65535
2026-07-11 14:12:23 [INFO] < ESP32: 63488
2026-07-11 14:12:23 [INFO] < ESP32: 2047
2026-07-11 14:12:23 [INFO] < ESP32: 63488
2026-07-11 14:12:23 [INFO] < ESP32: 2047
2026-07-11 14:12:23 [INFO] < ESP32: 65535
2026-07-11 14:12:23 [INFO] < ESP32: 63488
2026-07-11 14:12:23 [INFO] < ESP32: 2047
2026-07-11 14:12:23 [INFO] < ESP32: 65535
2026-07-11 14:12:23 [INFO] > Sent: DOWN:w
2026-07-11 14:12:23 [INFO] < ESP32: 65535
2026-07-11 14:12:23 [INFO] < ESP32: 65535
2026-07-11 14:12:23 [INFO] < ESP32: 65535
2026-07-11 14:12:23 [INFO] < ESP32: 65535
2026-07-11 14:12:23 [INFO] < ESP32: 65535
2026-07-11 14:12:23 [INFO] < ESP32: 63488
2026-07-11 14:12:23 [INFO] < ESP32: 2047
2026-07-11 14:12:23 [INFO] < ESP32: 65535
2026-07-11 14:12:23 [INFO] < ESP32: 65535
2026-07-11 14:12:23 [INFO] < ESP32: 65535
2026-07-11 14:12:23 [INFO] < ESP32: 65535
2026-07-11 14:12:23 [INFO] < ESP32: 65535
2026-07-11 14:12:23 [INFO] < ESP32: 65535
2026-07-11 14:12:23 [INFO] < ESP32: 63488
2026-07-11 14:12:23 [INFO] < ESP32: 0
2026-07-11 14:12:23 [INFO] < ESP32: 2047
2026-07-11 14:12:23 [INFO] < ESP32: 65535
2026-07-11 14:12:23 [INFO] < ESP32: 63488
2026-07-11 14:12:23 [INFO] < ESP32: 2047
2026-07-11 14:12:23 [INFO] < ESP32: 65535
2026-07-11 14:12:23 [INFO] < ESP32: 63488
2026-07-11 14:12:23 [INFO] < ESP32: 0
2026-07-11 14:12:23 [INFO] < ESP32: 0
2026-07-11 14:12:23 [INFO] < ESP32: 0
2026-07-11 14:12:23 [INFO] < ESP32: 0
2026-07-11 14:12:23 [INFO] < ESP32: 0
2026-07-11 14:12:23 [INFO] < ESP32: 0
2026-07-11 14:12:23 [INFO] < ESP32: 0
2026-07-11 14:12:23 [INFO] < ESP32: 0
2026-07-11 14:12:23 [INFO] < ESP32: 0
2026-07-11 14:12:23 [INFO] < ESP32: 0
2026-07-11 14:12:23 [INFO] < ESP32: 0
2026-07-11 14:12:23 [INFO] < ESP32: 0
2026-07-11 14:12:23 [INFO] < ESP32: 0
2026-07-11 14:12:23 [INFO] < ESP32: 0
2026-07-11 14:12:23 [INFO] < ESP32: 0
2026-07-11 14:12:23 [INFO] < ESP32: 0
2026-07-11 14:12:23 [INFO] < ESP32: 0
2026-07-11 14:12:23 [INFO] < ESP32: 0
2026-07-11 14:12:23 [INFO] < ESP32: 0
2026-07-11 14:12:23 [INFO] < ESP32: 0
2026-07-11 14:12:23 [INFO] < ESP32: 0
2026-07-11 14:12:23 [INFO] < ESP32: 0
2026-07-11 14:12:23 [INFO] < ESP32: 0
2026-07-11 14:12:23 [INFO] < ESP32: 0
2026-07-11 14:12:23 [INFO] < ESP32: 0
2026-07-11 14:12:23 [INFO] < ESP32: 2047
2026-07-11 14:12:23 [INFO] < ESP32: 65535
2026-07-11 14:12:23 [INFO] < ESP32: 65535
2026-07-11 14:12:23 [INFO] < ESP32: 65535
2026-07-11 14:12:23 [INFO] < ESP32: 65535
2026-07-11 14:12:23 [INFO] < ESP32: 63488
2026-07-11 14:12:23 [INFO] < ESP32: 0
2026-07-11 14:12:23 [INFO] < ESP32: 0
2026-07-11 14:12:23 [INFO] < ESP32: 2047
2026-07-11 14:12:23 [INFO] < ESP32: 65535
2026-07-11 14:12:23 [INFO] < ESP32: 63488
2026-07-11 14:12:23 [INFO] < ESP32: 0
2026-07-11 14:12:23 [INFO] < ESP32: 2047
2026-07-11 14:12:23 [INFO] < ESP32: 65535
2026-07-11 14:12:23 [INFO] < ESP32: 63488
2026-07-11 14:12:23 [INFO] < ESP32: 0
2026-07-11 14:12:23 [INFO] < ESP32: 2047
2026-07-11 14:12:23 [INFO] < ESP32: 65535
2026-07-11 14:12:23 [INFO] < ESP32: 63488
2026-07-11 14:12:23 [INFO] < ESP32: 0
2026-07-11 14:12:23 [INFO] < ESP32: 2047
2026-07-11 14:12:23 [INFO] < ESP32: 65535
2026-07-11 14:12:23 [INFO] < ESP32: 63488
2026-07-11 14:12:23 [INFO] < ESP32: 0
2026-07-11 14:12:23 [INFO] < ESP32: 2047
2026-07-11 14:12:23 [INFO] < ESP32: 65535
2026-07-11 14:12:23 [INFO] < ESP32: 63488
2026-07-11 14:12:23 [INFO] < ESP32: 0
2026-07-11 14:12:23 [INFO] < ESP32: 2047
2026-07-11 14:12:23 [INFO] < ESP32: 65535
2026-07-11 14:12:23 [INFO] < ESP32: 63488
2026-07-11 14:12:23 [INFO] < ESP32: 0
2026-07-11 14:12:23 [INFO] < ESP32: 2047
2026-07-11 14:12:23 [INFO] < ESP32: 65535
2026-07-11 14:12:23 [INFO] < ESP32: 63488
2026-07-11 14:12:23 [INFO] < ESP32: 0
2026-07-11 14:12:23 [INFO] < ESP32: 2047
2026-07-11 14:12:23 [INFO] < ESP32: 65535
2026-07-11 14:12:23 [INFO] < ESP32: 63488
2026-07-11 14:12:23 [INFO] < ESP32: 0
2026-07-11 14:12:23 [INFO] < ESP32: 0
2026-07-11 14:12:23 [INFO] < ESP32: 0
2026-07-11 14:12:23 [INFO] < ESP32: 0
2026-07-11 14:12:23 [INFO] < ESP32: 0
2026-07-11 14:12:23 [INFO] < ESP32: 0
2026-07-11 14:12:23 [INFO] < ESP32: 0
2026-07-11 14:12:23 [INFO] < ESP32: 0
2026-07-11 14:12:23 [INFO] < ESP32: 0
2026-07-11 14:12:23 [INFO] < ESP32: 2047
2026-07-11 14:12:23 [INFO] < ESP32: 65535
2026-07-11 14:12:23 [INFO] < ESP32: 65535
2026-07-11 14:12:23 [INFO] < ESP32: 65535
2026-07-11 14:12:23 [INFO] < ESP32: 65535
2026-07-11 14:12:23 [INFO] < ESP32: 65535
2026-07-11 14:12:23 [INFO] < ESP32: 63488
2026-07-11 14:12:23 [INFO] < ESP32: 0
2026-07-11 14:12:23 [INFO] < ESP32: 0
2026-07-11 14:12:23 [INFO] < ESP32: 2047
2026-07-11 14:12:23 [INFO] < ESP32: 65535
2026-07-11 14:12:23 [INFO] < ESP32: 63488
2026-07-11 14:12:23 [INFO] < ESP32: 0
2026-07-11 14:12:23 [INFO] < ESP32: 2047
2026-07-11 14:12:23 [INFO] < ESP32: 65535
2026-07-11 14:12:23 [INFO] < ESP32: 63488
2026-07-11 14:12:23 [INFO] < ESP32: 0
2026-07-11 14:12:23 [INFO] < ESP32: 2047
2026-07-11 14:12:23 [INFO] < ESP32: 65535
2026-07-11 14:12:23 [INFO] < ESP32: 63488
2026-07-11 14:12:23 [INFO] < ESP32: 0
2026-07-11 14:12:23 [INFO] < ESP32: 2047
2026-07-11 14:12:23 [INFO] < ESP32: 65535
2026-07-11 14:12:23 [INFO] < ESP32: 63488
2026-07-11 14:12:23 [INFO] < ESP32: 0
2026-07-11 14:12:23 [INFO] < ESP32: 2047
2026-07-11 14:12:23 [INFO] < ESP32: 65535
2026-07-11 14:12:23 [INFO] < ESP32: 65535
2026-07-11 14:12:23 [INFO] < ESP32: 65535
2026-07-11 14:12:23 [INFO] < ESP32: 65535
2026-07-11 14:12:23 [INFO] < ESP32: 63488
2026-07-11 14:12:23 [INFO] < ESP32: 0
2026-07-11 14:12:23 [INFO] < ESP32: 0
2026-07-11 14:12:23 [INFO] < ESP32: 2047
2026-07-11 14:12:23 [INFO] < ESP32: 65535
2026-07-11 14:12:23 [INFO] < ESP32: 63488
2026-07-11 14:12:23 [INFO] < ESP32: 2047
2026-07-11 14:12:23 [INFO] < ESP32: 65535
2026-07-11 14:12:23 [INFO] < ESP32: 63488
2026-07-11 14:12:23 [INFO] < ESP32: 0
2026-07-11 14:12:23 [INFO] < ESP32: 0
2026-07-11 14:12:23 [INFO] < ESP32: 2047
2026-07-11 14:12:23 [INFO] < ESP32: 65535
2026-07-11 14:12:23 [INFO] < ESP32: 63488
2026-07-11 14:12:23 [INFO] < ESP32: 0
2026-07-11 14:12:23 [INFO] < ESP32: 2047
2026-07-11 14:12:23 [INFO] < ESP32: 65535
2026-07-11 14:12:23 [INFO] < ESP32: 63488
2026-07-11 14:12:23 [INFO] < ESP32: 2047
2026-07-11 14:12:23 [INFO] < ESP32: 65535
2026-07-11 14:12:23 [INFO] < ESP32: 65535
2026-07-11 14:12:23 [INFO] < ESP32: 63488
2026-07-11 14:12:23 [INFO] < ESP32: 0
2026-07-11 14:12:23 [INFO] < ESP32: 2047
2026-07-11 14:12:23 [INFO] < ESP32: 65535
2026-07-11 14:12:23 [INFO] < ESP32: 63488
2026-07-11 14:12:23 [INFO] < ESP32: 0
2026-07-11 14:12:23 [INFO] < ESP32: 0
2026-07-11 14:12:23 [INFO] < ESP32: 0
2026-07-11 14:12:23 [INFO] < ESP32: 0
2026-07-11 14:12:23 [INFO] < ESP32: 0
2026-07-11 14:12:23 [INFO] < ESP32: 0
2026-07-11 14:12:23 [INFO] < ESP32: 0
2026-07-11 14:12:23 [INFO] < ESP32: 0
2026-07-11 14:12:23 [INFO] < ESP32: 0
2026-07-11 14:12:23 [INFO] < ESP32: 0
2026-07-11 14:12:23 [INFO] < ESP32: 0
2026-07-11 14:12:23 [INFO] < ESP32: 0
2026-07-11 14:12:23 [INFO] < ESP32: 0
2026-07-11 14:12:23 [INFO] < ESP32: 0
2026-07-11 14:12:23 [INFO] < ESP32: 0
2026-07-11 14:12:23 [INFO] < ESP32: 0
2026-07-11 14:12:23 [INFO] < ESP32: 0
2026-07-11 14:12:23 [INFO] < ESP32: 0
2026-07-11 14:12:23 [INFO] < ESP32: 0
2026-07-11 14:12:23 [INFO] < ESP32: 0
2026-07-11 14:12:23 [INFO] < ESP32: 0
2026-07-11 14:12:23 [INFO] < ESP32: 0
2026-07-11 14:12:23 [INFO] < ESP32: 0
2026-07-11 14:12:23 [INFO] < ESP32: 0
2026-07-11 14:12:23 [INFO] < ESP32: 0
2026-07-11 14:12:23 [INFO] < ESP32: 2047
2026-07-11 14:12:23 [INFO] < ESP32: 65535
2026-07-11 14:12:23 [INFO] < ESP32: 65535
2026-07-11 14:12:23 [INFO] < ESP32: 65535
2026-07-11 14:12:23 [INFO] < ESP32: 63488
2026-07-11 14:12:23 [INFO] < ESP32: 0
2026-07-11 14:12:23 [INFO] < ESP32: 0
2026-07-11 14:12:23 [INFO] < ESP32: 2047
2026-07-11 14:12:23 [INFO] < ESP32: 65535
2026-07-11 14:12:23 [INFO] < ESP32: 63488
2026-07-11 14:12:23 [INFO] < ESP32: 0
2026-07-11 14:12:23 [INFO] < ESP32: 2047
2026-07-11 14:12:23 [INFO] < ESP32: 65535
2026-07-11 14:12:23 [INFO] < ESP32: 63488
2026-07-11 14:12:23 [INFO] < ESP32: 0
2026-07-11 14:12:23 [INFO] < ESP32: 2047
2026-07-11 14:12:23 [INFO] < ESP32: 65535
2026-07-11 14:12:23 [INFO] < ESP32: 65535
2026-07-11 14:12:23 [INFO] < ESP32: 65535
2026-07-11 14:12:23 [INFO] < ESP32: 65535
2026-07-11 14:12:23 [INFO] > Sent: UP:w
2026-07-11 14:12:23 [INFO] < ESP32: 65535
2026-07-11 14:12:23 [INFO] < ESP32: 63488
2026-07-11 14:12:23 [INFO] < ESP32: 0
2026-07-11 14:12:23 [INFO] < ESP32: 2047
2026-07-11 14:12:23 [INFO] < ESP32: 65535
2026-07-11 14:12:23 [INFO] < ESP32: 63488
2026-07-11 14:12:23 [INFO] < ESP32: 0
2026-07-11 14:12:23 [INFO] < ESP32: 0
2026-07-11 14:12:23 [INFO] < ESP32: 0
2026-07-11 14:12:23 [INFO] < ESP32: 0
2026-07-11 14:12:23 [INFO] < ESP32: 0
2026-07-11 14:12:23 [INFO] < ESP32: 0
2026-07-11 14:12:23 [INFO] < ESP32: 2047
2026-07-11 14:12:23 [INFO] < ESP32: 65535
2026-07-11 14:12:23 [INFO] < ESP32: 65535
2026-07-11 14:12:23 [INFO] < ESP32: 65535
2026-07-11 14:12:23 [INFO] < ESP32: 63488
2026-07-11 14:12:23 [INFO] < ESP32: 0
2026-07-11 14:12:23 [INFO] < ESP32: 0
2026-07-11 14:12:23 [INFO] < ESP32: 0
2026-07-11 14:12:23 [INFO] < ESP32: 0
2026-07-11 14:12:23 [INFO] < ESP32: 0
2026-07-11 14:12:23 [INFO] < ESP32: 0
2026-07-11 14:12:23 [INFO] < ESP32: 0
2026-07-11 14:12:23 [INFO] < ESP32: 0
2026-07-11 14:12:23 [INFO] < ESP32: 0
2026-07-11 14:12:23 [INFO] < ESP32: 0
2026-07-11 14:12:23 [INFO] < ESP32: 0
2026-07-11 14:12:23 [INFO] < ESP32: 0
2026-07-11 14:12:23 [INFO] < ESP32: 0
2026-07-11 14:12:23 [INFO] < ESP32: 0
2026-07-11 14:12:23 [INFO] < ESP32: 0
2026-07-11 14:12:23 [INFO] < ESP32: 0
2026-07-11 14:12:23 [INFO] < ESP32: 0
2026-07-11 14:12:23 [INFO] < ESP32: 0
2026-07-11 14:12:23 [INFO] < ESP32: 0
2026-07-11 14:12:23 [INFO] < ESP32: 0
2026-07-11 14:12:23 [INFO] < ESP32: 0
2026-07-11 14:12:23 [INFO] < ESP32: 0
2026-07-11 14:12:23 [INFO] < ESP32: 0
2026-07-11 14:12:23 [INFO] < ESP32: 0
2026-07-11 14:12:23 [INFO] < ESP32: 0
2026-07-11 14:12:23 [INFO] < ESP32: 0
2026-07-11 14:12:23 [INFO] < ESP32: 0
2026-07-11 14:12:23 [INFO] < ESP32: 2047
2026-07-11 14:12:23 [INFO] < ESP32: 65535
2026-07-11 14:12:23 [INFO] < ESP32: 65535
2026-07-11 14:12:23 [INFO] < ESP32: 65535
2026-07-11 14:12:23 [INFO] < ESP32: 63488
2026-07-11 14:12:23 [INFO] < ESP32: 0
2026-07-11 14:12:23 [INFO] < ESP32: 0
2026-07-11 14:12:23 [INFO] < ESP32: 2047
2026-07-11 14:12:23 [INFO] < ESP32: 65535
2026-07-11 14:12:23 [INFO] < ESP32: 63488
2026-07-11 14:12:23 [INFO] < ESP32: 0
2026-07-11 14:12:23 [INFO] < ESP32: 2047
2026-07-11 14:12:23 [INFO] < ESP32: 65535
2026-07-11 14:12:23 [INFO] < ESP32: 63488
2026-07-11 14:12:23 [INFO] < ESP32: 0
2026-07-11 14:12:23 [INFO] < ESP32: 2047
2026-07-11 14:12:23 [INFO] < ESP32: 65535
2026-07-11 14:12:23 [INFO] < ESP32: 63488
2026-07-11 14:12:23 [INFO] < ESP32: 0
2026-07-11 14:12:23 [INFO] < ESP32: 0
2026-07-11 14:12:23 [INFO] < ESP32: 0
2026-07-11 14:12:23 [INFO] < ESP32: 0
2026-07-11 14:12:23 [INFO] < ESP32: 0
2026-07-11 14:12:23 [INFO] < ESP32: 2047
2026-07-11 14:12:23 [INFO] < ESP32: 65535
2026-07-11 14:12:23 [INFO] < ESP32: 63488
2026-07-11 14:12:23 [INFO] < ESP32: 0
2026-07-11 14:12:23 [INFO] < ESP32: 2047
2026-07-11 14:12:23 [INFO] < ESP32: 65535
2026-07-11 14:12:23 [INFO] < ESP32: 63488
2026-07-11 14:12:23 [INFO] < ESP32: 0
2026-07-11 14:12:23 [INFO] < ESP32: 0
2026-07-11 14:12:23 [INFO] < ESP32: 2047
2026-07-11 14:12:23 [INFO] < ESP32: 65535
2026-07-11 14:12:23 [INFO] < ESP32: 65535
2026-07-11 14:12:23 [INFO] < ESP32: 65535
2026-07-11 14:12:23 [INFO] < ESP32: 63488
2026-07-11 14:12:23 [INFO] < ESP32: 0
2026-07-11 14:12:23 [INFO] < ESP32: 0
2026-07-11 14:12:23 [INFO] < ESP32: 0
2026-07-11 14:12:23 [INFO] < ESP32: 0
2026-07-11 14:12:23 [INFO] < ESP32: 0
2026-07-11 14:12:23 [INFO] < ESP32: 0
2026-07-11 14:12:23 [INFO] < ESP32: 0
2026-07-11 14:12:23 [INFO] < ESP32: 0
2026-07-11 14:12:23 [INFO] < ESP32: 0
2026-07-11 14:12:23 [INFO] < ESP32: 0
2026-07-11 14:12:23 [INFO] < ESP32: 0
2026-07-11 14:12:23 [INFO] < ESP32: 0
2026-07-11 14:12:23 [INFO] < ESP32: 0
2026-07-11 14:12:23 [INFO] < ESP32: 0
2026-07-11 14:12:23 [INFO] < ESP32: 0
2026-07-11 14:12:23 [INFO] < ESP32: 0
2026-07-11 14:12:23 [INFO] < ESP32: 0
2026-07-11 14:12:23 [INFO] < ESP32: 0
2026-07-11 14:12:23 [INFO] < ESP32: 0
2026-07-11 14:12:23 [INFO] < ESP32: 0
2026-07-11 14:12:23 [INFO] < ESP32: 0
2026-07-11 14:12:23 [INFO] < ESP32: 0
2026-07-11 14:12:23 [INFO] < ESP32: 0
2026-07-11 14:12:23 [INFO] < ESP32: 0
2026-07-11 14:12:23 [INFO] < ESP32: 0
2026-07-11 14:12:23 [INFO] < ESP32: 0
2026-07-11 14:12:23 [INFO] < ESP32: 0
2026-07-11 14:12:23 [INFO] < ESP32: 2047
2026-07-11 14:12:23 [INFO] < ESP32: 65535
2026-07-11 14:12:23 [INFO] < ESP32: 65535
2026-07-11 14:12:23 [INFO] < ESP32: 65535
2026-07-11 14:12:23 [INFO] < ESP32: 63488
2026-07-11 14:12:23 [INFO] < ESP32: 0
2026-07-11 14:12:23 [INFO] < ESP32: 0
2026-07-11 14:12:23 [INFO] < ESP32: 2047
2026-07-11 14:12:23 [INFO] < ESP32: 65535
2026-07-11 14:12:23 [INFO] < ESP32: 63488
2026-07-11 14:12:23 [INFO] < ESP32: 0
2026-07-11 14:12:23 [INFO] < ESP32: 2047
2026-07-11 14:12:23 [INFO] < ESP32: 65535
2026-07-11 14:12:23 [INFO] < ESP32: 63488
2026-07-11 14:12:23 [INFO] < ESP32: 0
2026-07-11 14:12:23 [INFO] < ESP32: 2047
2026-07-11 14:12:23 [INFO] < ESP32: 65535
2026-07-11 14:12:23 [INFO] < ESP32: 65535
2026-07-11 14:12:23 [INFO] < ESP32: 65535
2026-07-11 14:12:23 [INFO] < ESP32: 65535
2026-07-11 14:12:23 [INFO] < ESP32: 65535
2026-07-11 14:12:23 [INFO] < ESP32: 63488
2026-07-11 14:12:23 [INFO] < ESP32: 0
2026-07-11 14:12:23 [INFO] < ESP32: 2047
2026-07-11 14:12:23 [INFO] < ESP32: 65535
2026-07-11 14:12:23 [INFO] < ESP32: 63488
2026-07-11 14:12:23 [INFO] < ESP32: 0
2026-07-11 14:12:23 [INFO] < ESP32: 0
2026-07-11 14:12:23 [INFO] < ESP32: 0
2026-07-11 14:12:23 [INFO] < ESP32: 0
2026-07-11 14:12:23 [INFO] < ESP32: 0
2026-07-11 14:12:23 [INFO] < ESP32: 0
2026-07-11 14:12:23 [INFO] < ESP32: 2047
2026-07-11 14:12:23 [INFO] < ESP32: 65535
2026-07-11 14:12:23 [INFO] < ESP32: 65535
2026-07-11 14:12:23 [INFO] < ESP32: 65535
2026-07-11 14:12:23 [INFO] < ESP32: 63488
2026-07-11 14:12:23 [INFO] < ESP32: 0
2026-07-11 14:12:23 [INFO] < ESP32: 0
2026-07-11 14:12:23 [INFO] < ESP32: 0
2026-07-11 14:12:23 [INFO] < ESP32: 0
2026-07-11 14:12:23 [INFO] < ESP32: 0
2026-07-11 14:12:23 [INFO] < ESP32: 0
2026-07-11 14:12:23 [INFO] < ESP32: 0
2026-07-11 14:12:23 [INFO] < ESP32: 0
2026-07-11 14:12:23 [INFO] < ESP32: 0
2026-07-11 14:12:23 [INFO] < ESP32: 0
2026-07-11 14:12:23 [INFO] < ESP32: 0
2026-07-11 14:12:23 [INFO] < ESP32: 0
2026-07-11 14:12:23 [INFO] < ESP32: 2047
2026-07-11 14:12:23 [INFO] < ESP32: 65535
2026-07-11 14:12:23 [INFO] < ESP32: 63488
2026-07-11 14:12:23 [INFO] < ESP32: 0
2026-07-11 14:12:23 [INFO] < ESP32: 0
2026-07-11 14:12:23 [INFO] < ESP32: 0
2026-07-11 14:12:23 [INFO] < ESP32: 0
2026-07-11 14:12:23 [INFO] < ESP32: 0
2026-07-11 14:12:23 [INFO] < ESP32: 0
2026-07-11 14:12:23 [INFO] < ESP32: 0
2026-07-11 14:12:23 [INFO] < ESP32: 0
2026-07-11 14:12:23 [INFO] < ESP32: 0
2026-07-11 14:12:23 [INFO] < ESP32: 0
2026-07-11 14:12:23 [INFO] < ESP32: 0
2026-07-11 14:12:23 [INFO] < ESP32: 0
2026-07-11 14:12:23 [INFO] < ESP32: 2047
2026-07-11 14:12:23 [INFO] < ESP32: 65535
2026-07-11 14:12:23 [INFO] < ESP32: 65535
2026-07-11 14:12:23 [INFO] < ESP32: 63488
2026-07-11 14:12:23 [INFO] < ESP32: 0
2026-07-11 14:12:23 [INFO] < ESP32: 0
2026-07-11 14:12:23 [INFO] < ESP32: 0
2026-07-11 14:12:23 [INFO] < ESP32: 0
2026-07-11 14:12:23 [INFO] < ESP32: 0
2026-07-11 14:12:23 [INFO] < ESP32: 2047
2026-07-11 14:12:23 [INFO] < ESP32: 65535
2026-07-11 14:12:23 [INFO] < ESP32: 63488
2026-07-11 14:12:23 [INFO] < ESP32: 0
2026-07-11 14:12:23 [INFO] < ESP32: 0
2026-07-11 14:12:23 [INFO] < ESP32: 0
2026-07-11 14:12:23 [INFO] < ESP32: 0
2026-07-11 14:12:23 [INFO] < ESP32: 0
2026-07-11 14:12:23 [INFO] < ESP32: 2047
2026-07-11 14:12:23 [INFO] < ESP32: 65535
2026-07-11 14:12:23 [INFO] < ESP32: 63488
2026-07-11 14:12:23 [INFO] < ESP32: 0
2026-07-11 14:12:23 [INFO] < ESP32: 0
2026-07-11 14:12:23 [INFO] < ESP32: 0
2026-07-11 14:12:23 [INFO] < ESP32: 0
2026-07-11 14:12:23 [INFO] < ESP32: 0
2026-07-11 14:12:23 [INFO] < ESP32: 2047
2026-07-11 14:12:23 [INFO] < ESP32: 65535
2026-07-11 14:12:23 [INFO] < ESP32: 63488
2026-07-11 14:12:23 [INFO] < ESP32: 0
2026-07-11 14:12:23 [INFO] < ESP32: 0
2026-07-11 14:12:23 [INFO] < ESP32: 0
2026-07-11 14:12:23 [INFO] < ESP32: 0
2026-07-11 14:12:23 [INFO] < ESP32: 2047
2026-07-11 14:12:23 [INFO] < ESP32: 65535
2026-07-11 14:12:23 [INFO] < ESP32: 65535
2026-07-11 14:12:23 [INFO] < ESP32: 65535
2026-07-11 14:12:23 [INFO] < ESP32: 63488
2026-07-11 14:12:23 [INFO] < ESP32: 0
2026-07-11 14:12:23 [INFO] < ESP32: 0
2026-07-11 14:12:23 [INFO] < ESP32: 0
2026-07-11 14:12:23 [INFO] < ESP32: 0
2026-07-11 14:12:23 [INFO] < ESP32: 0
2026-07-11 14:12:23 [INFO] < ESP32: 0
2026-07-11 14:12:23 [INFO] < ESP32: 0
2026-07-11 14:12:23 [INFO] < ESP32: 0
2026-07-11 14:12:23 [INFO] < ESP32: 0
2026-07-11 14:12:23 [INFO] < ESP32: 0
2026-07-11 14:12:23 [INFO] < ESP32: 0
2026-07-11 14:12:23 [INFO] < ESP32: 0
2026-07-11 14:12:23 [INFO] < ESP32: 0
2026-07-11 14:12:23 [INFO] < ESP32: 0
2026-07-11 14:12:23 [INFO] < ESP32: 0
2026-07-11 14:12:23 [INFO] < ESP32: 0
2026-07-11 14:12:23 [INFO] < ESP32: 0
2026-07-11 14:12:23 [INFO] < ESP32: 0
2026-07-11 14:12:23 [INFO] < ESP32: 0
2026-07-11 14:12:23 [INFO] < ESP32: 0
2026-07-11 14:12:23 [INFO] < ESP32: 0
2026-07-11 14:12:23 [INFO] < ESP32: 0
2026-07-11 14:12:23 [INFO] < ESP32: 0
2026-07-11 14:12:23 [INFO] < ESP32: 0
2026-07-11 14:12:23 [INFO] < ESP32: 0
2026-07-11 14:12:23 [INFO] < ESP32: 0
2026-07-11 14:12:23 [INFO] < ESP32: 2047
2026-07-11 14:12:23 [INFO] < ESP32: 65535
2026-07-11 14:12:23 [INFO] < ESP32: 63488
2026-07-11 14:12:23 [INFO] < ESP32: 0
2026-07-11 14:12:23 [INFO] < ESP32: 2047
2026-07-11 14:12:23 [INFO] < ESP32: 65535
2026-07-11 14:12:23 [INFO] < ESP32: 63488
2026-07-11 14:12:23 [INFO] < ESP32: 0
2026-07-11 14:12:23 [INFO] < ESP32: 2047
2026-07-11 14:12:23 [INFO] < ESP32: 65535
2026-07-11 14:12:23 [INFO] < ESP32: 63488
2026-07-11 14:12:23 [INFO] < ESP32: 0
2026-07-11 14:12:23 [INFO] < ESP32: 2047
2026-07-11 14:12:23 [INFO] < ESP32: 65535
2026-07-11 14:12:23 [INFO] < ESP32: 63488
2026-07-11 14:12:23 [INFO] < ESP32: 0
2026-07-11 14:12:23 [INFO] < ESP32: 2047
2026-07-11 14:12:23 [INFO] < ESP32: 65535
2026-07-11 14:12:23 [INFO] < ESP32: 63488
2026-07-11 14:12:23 [INFO] < ESP32: 0
2026-07-11 14:12:23 [INFO] < ESP32: 2047
2026-07-11 14:12:23 [INFO] < ESP32: 65535
2026-07-11 14:12:23 [INFO] < ESP32: 63488
2026-07-11 14:12:23 [INFO] < ESP32: 0
2026-07-11 14:12:23 [INFO] < ESP32: 0
2026-07-11 14:12:23 [INFO] < ESP32: 2047
2026-07-11 14:12:23 [INFO] < ESP32: 65535
2026-07-11 14:12:23 [INFO] < ESP32: 65535
2026-07-11 14:12:23 [INFO] < ESP32: 65535
2026-07-11 14:12:23 [INFO] < ESP32: 63488
2026-07-11 14:12:23 [INFO] < ESP32: 0
2026-07-11 14:12:23 [INFO] < ESP32: 0
2026-07-11 14:12:23 [INFO] < ESP32: 0
2026-07-11 14:12:23 [INFO] < ESP32: 0
2026-07-11 14:12:23 [INFO] < ESP32: 2047
2026-07-11 14:12:23 [INFO] < ESP32: 65535
2026-07-11 14:12:23 [INFO] < ESP32: 63488
2026-07-11 14:12:23 [INFO] < ESP32: 0
2026-07-11 14:12:23 [INFO] < ESP32: 0
2026-07-11 14:12:23 [INFO] < ESP32: 0
2026-07-11 14:12:23 [INFO] < ESP32: 0
2026-07-11 14:12:23 [INFO] < ESP32: 0
2026-07-11 14:12:23 [INFO] < ESP32: 0
2026-07-11 14:12:23 [INFO] < ESP32: 0
2026-07-11 14:12:23 [INFO] < ESP32: 0
2026-07-11 14:12:23 [INFO] < ESP32: 0
2026-07-11 14:12:23 [INFO] < ESP32: 0
2026-07-11 14:12:23 [INFO] < ESP32: 0
2026-07-11 14:12:23 [INFO] < ESP32: 0
2026-07-11 14:12:23 [INFO] < ESP32: 0
2026-07-11 14:12:23 [INFO] < ESP32: 0
2026-07-11 14:12:23 [INFO] < ESP32: 0
2026-07-11 14:12:23 [INFO] < ESP32: 0
2026-07-11 14:12:23 [INFO] < ESP32: 0
2026-07-11 14:12:23 [INFO] < ESP32: 0
2026-07-11 14:12:23 [INFO] < ESP32: 0
2026-07-11 14:12:23 [INFO] < ESP32: 0
2026-07-11 14:12:23 [INFO] < ESP32: 0
2026-07-11 14:12:23 [INFO] < ESP32: 0
2026-07-11 14:12:23 [INFO] < ESP32: 0
2026-07-11 14:12:23 [INFO] < ESP32: 0
2026-07-11 14:12:23 [INFO] < ESP32: 0
2026-07-11 14:12:23 [INFO] < ESP32: 0
2026-07-11 14:12:23 [INFO] < ESP32: 0
2026-07-11 14:12:23 [INFO] < ESP32: 0
2026-07-11 14:12:23 [INFO] < ESP32: 2047
2026-07-11 14:12:23 [INFO] < ESP32: 65535
2026-07-11 14:12:23 [INFO] < ESP32: 65535
2026-07-11 14:12:23 [INFO] < ESP32: 65535
2026-07-11 14:12:23 [INFO] < ESP32: 63488
2026-07-11 14:12:23 [INFO] < ESP32: 0
2026-07-11 14:12:23 [INFO] < ESP32: 0
2026-07-11 14:12:23 [INFO] < ESP32: 2047
2026-07-11 14:12:23 [INFO] < ESP32: 65535
2026-07-11 14:12:23 [INFO] < ESP32: 63488
2026-07-11 14:12:23 [INFO] < ESP32: 0
2026-07-11 14:12:23 [INFO] < ESP32: 2047
2026-07-11 14:12:23 [INFO] < ESP32: 65535
2026-07-11 14:12:23 [INFO] < ESP32: 63488
2026-07-11 14:12:23 [INFO] < ESP32: 0
2026-07-11 14:12:23 [INFO] < ESP32: 2047
2026-07-11 14:12:23 [INFO] < ESP32: 65535
2026-07-11 14:12:23 [INFO] < ESP32: 65535
2026-07-11 14:12:23 [INFO] < ESP32: 65535
2026-07-11 14:12:23 [INFO] < ESP32: 65535
2026-07-11 14:12:23 [INFO] < ESP32: 65535
2026-07-11 14:12:23 [INFO] < ESP32: 63488
2026-07-11 14:12:23 [INFO] < ESP32: 0
2026-07-11 14:12:23 [INFO] < ESP32: 2047
2026-07-11 14:12:23 [INFO] < ESP32: 65535
2026-07-11 14:12:23 [INFO] < ESP32: 63488
2026-07-11 14:12:23 [INFO] < ESP32: 0
2026-07-11 14:12:23 [INFO] < ESP32: 0
2026-07-11 14:12:23 [INFO] < ESP32: 0
2026-07-11 14:12:23 [INFO] < ESP32: 0
2026-07-11 14:12:23 [INFO] < ESP32: 0
2026-07-11 14:12:23 [INFO] < ESP32: 0
2026-07-11 14:12:23 [INFO] < ESP32: 2047
2026-07-11 14:12:23 [INFO] < ESP32: 65535
2026-07-11 14:12:23 [INFO] < ESP32: 65535
2026-07-11 14:12:23 [INFO] < ESP32: 65535
2026-07-11 14:12:23 [INFO] < ESP32: 63488
2026-07-11 14:12:23 [INFO] < ESP32: 0
2026-07-11 14:12:23 [INFO] < ESP32: 0
2026-07-11 14:12:23 [INFO] < ESP32: 0
2026-07-11 14:12:23 [INFO] < ESP32: 0
2026-07-11 14:12:23 [INFO] < ESP32: 0
2026-07-11 14:12:23 [INFO] < ESP32: 0
2026-07-11 14:12:23 [INFO] < ESP32: 0
2026-07-11 14:12:23 [INFO] < ESP32: 0
2026-07-11 14:12:23 [INFO] < ESP32: 0
2026-07-11 14:12:23 [INFO] < ESP32: 0
2026-07-11 14:12:23 [INFO] < ESP32: 0
2026-07-11 14:12:23 [INFO] < ESP32: 0
2026-07-11 14:12:23 [INFO] < ESP32: 0
2026-07-11 14:12:23 [INFO] < ESP32: 2047
2026-07-11 14:12:23 [INFO] < ESP32: 65535
2026-07-11 14:12:23 [INFO] < ESP32: 65535
2026-07-11 14:12:23 [INFO] < ESP32: 63488
2026-07-11 14:12:23 [INFO] < ESP32: 0
2026-07-11 14:12:23 [INFO] < ESP32: 0
2026-07-11 14:12:23 [INFO] < ESP32: 0
2026-07-11 14:12:23 [INFO] < ESP32: 0
2026-07-11 14:12:23 [INFO] < ESP32: 0
2026-07-11 14:12:23 [INFO] < ESP32: 2047
2026-07-11 14:12:23 [INFO] < ESP32: 65535
2026-07-11 14:12:23 [INFO] < ESP32: 63488
2026-07-11 14:12:23 [INFO] < ESP32: 0
2026-07-11 14:12:23 [INFO] < ESP32: 0
2026-07-11 14:12:23 [INFO] < ESP32: 0
2026-07-11 14:12:23 [INFO] < ESP32: 0
2026-07-11 14:12:23 [INFO] < ESP32: 0
2026-07-11 14:12:23 [INFO] < ESP32: 2047
2026-07-11 14:12:23 [INFO] < ESP32: 65535
2026-07-11 14:12:23 [INFO] < ESP32: 63488
2026-07-11 14:12:23 [INFO] < ESP32: 0
2026-07-11 14:12:23 [INFO] < ESP32: 0
2026-07-11 14:12:23 [INFO] < ESP32: 2047
2026-07-11 14:12:23 [INFO] < ESP32: 65535
2026-07-11 14:12:23 [INFO] < ESP32: 65535
2026-07-11 14:12:23 [INFO] < ESP32: 65535
2026-07-11 14:12:23 [INFO] < ESP32: 65535
2026-07-11 14:12:23 [INFO] < ESP32: 63488
2026-07-11 14:12:23 [INFO] < ESP32: 0
2026-07-11 14:12:23 [INFO] < ESP32: 2047
2026-07-11 14:12:23 [INFO] < ESP32: 65535
2026-07-11 14:12:23 [INFO] < ESP32: 63488
2026-07-11 14:12:23 [INFO] < ESP32: 0
2026-07-11 14:12:23 [INFO] < ESP32: 2047
2026-07-11 14:12:23 [INFO] < ESP32: 65535
2026-07-11 14:12:23 [INFO] < ESP32: 63488
2026-07-11 14:12:23 [INFO] < ESP32: 0
2026-07-11 14:12:23 [INFO] < ESP32: 2047
2026-07-11 14:12:23 [INFO] < ESP32: 65535
2026-07-11 14:12:23 [INFO] < ESP32: 63488
2026-07-11 14:12:23 [INFO] < ESP32: 0
2026-07-11 14:12:23 [INFO] < ESP32: 2047
2026-07-11 14:12:23 [INFO] < ESP32: 65535
2026-07-11 14:12:23 [INFO] < ESP32: 63488
2026-07-11 14:12:23 [INFO] < ESP32: 0
2026-07-11 14:12:23 [INFO] < ESP32: 0
2026-07-11 14:12:23 [INFO] < ESP32: 2047
2026-07-11 14:12:23 [INFO] < ESP32: 65535
2026-07-11 14:12:23 [INFO] < ESP32: 65535
2026-07-11 14:12:23 [INFO] < ESP32: 63488
2026-07-11 14:12:23 [INFO] < ESP32: 2047
2026-07-11 14:12:23 [INFO] < ESP32: 65535
2026-07-11 14:12:23 [INFO] < ESP32: 63488
2026-07-11 14:12:23 [INFO] < ESP32: 0
2026-07-11 14:12:23 [INFO] < ESP32: 0
2026-07-11 14:12:23 [INFO] < ESP32: 0
2026-07-11 14:12:23 [INFO] < ESP32: 0
2026-07-11 14:12:23 [INFO] < ESP32: 0
2026-07-11 14:12:23 [INFO] < ESP32: 0
2026-07-11 14:12:23 [INFO] < ESP32: 0
2026-07-11 14:12:23 [INFO] < ESP32: 0
2026-07-11 14:12:23 [INFO] < ESP32: 0
2026-07-11 14:12:23 [INFO] < ESP32: 0
2026-07-11 14:12:23 [INFO] < ESP32: 0
2026-07-11 14:12:23 [INFO] < ESP32: 0
2026-07-11 14:12:23 [INFO] < ESP32: 0
2026-07-11 14:12:23 [INFO] < ESP32: 0
2026-07-11 14:12:23 [INFO] < ESP32: 0
2026-07-11 14:12:23 [INFO] < ESP32: 0
2026-07-11 14:12:23 [INFO] < ESP32: 0
2026-07-11 14:12:23 [INFO] < ESP32: 0
2026-07-11 14:12:23 [INFO] < ESP32: 2047
2026-07-11 14:12:23 [INFO] < ESP32: 65535
2026-07-11 14:12:23 [INFO] < ESP32: 63488
2026-07-11 14:12:23 [INFO] < ESP32: 0
2026-07-11 14:12:23 [INFO] < ESP32: 0
2026-07-11 14:12:23 [INFO] < ESP32: 0
2026-07-11 14:12:23 [INFO] < ESP32: 0
2026-07-11 14:12:23 [INFO] < ESP32: 0
2026-07-11 14:12:23 [INFO] < ESP32: 2047
2026-07-11 14:12:23 [INFO] < ESP32: 65535
2026-07-11 14:12:23 [INFO] < ESP32: 63488
2026-07-11 14:12:23 [INFO] < ESP32: 0
2026-07-11 14:12:23 [INFO] < ESP32: 0
2026-07-11 14:12:23 [INFO] < ESP32: 0
2026-07-11 14:12:23 [INFO] < ESP32: 0
2026-07-11 14:12:23 [INFO] < ESP32: 0
2026-07-11 14:12:23 [INFO] < ESP32: 0
2026-07-11 14:12:23 [INFO] < ESP32: 0
2026-07-11 14:12:23 [INFO] < ESP32: 0
2026-07-11 14:12:23 [INFO] < ESP32: 0
2026-07-11 14:12:23 [INFO] < ESP32: 0
2026-07-11 14:12:23 [INFO] < ESP32: 0
2026-07-11 14:12:23 [INFO] < ESP32: 0
2026-07-11 14:12:23 [INFO] < ESP32: 0
2026-07-11 14:12:23 [INFO] < ESP32: 0
2026-07-11 14:12:23 [INFO] < ESP32: 0
2026-07-11 14:12:23 [INFO] < ESP32: 0
2026-07-11 14:12:23 [INFO] < ESP32: 0
2026-07-11 14:12:23 [INFO] < ESP32: 0
2026-07-11 14:12:23 [INFO] < ESP32: 0
2026-07-11 14:12:23 [INFO] < ESP32: 0
2026-07-11 14:12:23 [INFO] < ESP32: 0
2026-07-11 14:12:23 [INFO] < ESP32: 2047
2026-07-11 14:12:23 [INFO] < ESP32: 65535
2026-07-11 14:12:23 [INFO] < ESP32: 63488
2026-07-11 14:12:23 [INFO] < ESP32: 0
2026-07-11 14:12:23 [INFO] < ESP32: 0
2026-07-11 14:12:23 [INFO] < ESP32: 0
2026-07-11 14:12:23 [INFO] < ESP32: 0
2026-07-11 14:12:23 [INFO] < ESP32: 0
2026-07-11 14:12:23 [INFO] > Sent: DOWN:w
2026-07-11 14:12:23 [INFO] < ESP32: 2047
2026-07-11 14:12:23 [INFO] < ESP32: 65535
2026-07-11 14:12:23 [INFO] < ESP32: 63488
2026-07-11 14:12:23 [INFO] < ESP32: 0
2026-07-11 14:12:23 [INFO] < ESP32: 0
2026-07-11 14:12:23 [INFO] < ESP32: 0
2026-07-11 14:12:23 [INFO] < ESP32: 0
2026-07-11 14:12:23 [INFO] < ESP32: 0
2026-07-11 14:12:23 [INFO] < ESP32: 0
2026-07-11 14:12:23 [INFO] < ESP32: 0
2026-07-11 14:12:23 [INFO] < ESP32: 0
2026-07-11 14:12:23 [INFO] < ESP32: 0
2026-07-11 14:12:23 [INFO] < ESP32: 0
2026-07-11 14:12:23 [INFO] < ESP32: 0
2026-07-11 14:12:23 [INFO] < ESP32: 0
2026-07-11 14:12:23 [INFO] < ESP32: 0
2026-07-11 14:12:23 [INFO] < ESP32: 0
2026-07-11 14:12:23 [INFO] < ESP32: 0
2026-07-11 14:12:23 [INFO] < ESP32: 0
2026-07-11 14:12:23 [INFO] < ESP32: 0
2026-07-11 14:12:23 [INFO] < ESP32: 0
2026-07-11 14:12:23 [INFO] < ESP32: 0
2026-07-11 14:12:23 [INFO] < ESP32: 0
2026-07-11 14:12:23 [INFO] < ESP32: 0
2026-07-11 14:12:23 [INFO] < ESP32: 0
2026-07-11 14:12:23 [INFO] < ESP32: 0
2026-07-11 14:12:23 [INFO] < ESP32: 0
2026-07-11 14:12:23 [INFO] < ESP32: 0
2026-07-11 14:12:23 [INFO] < ESP32: 0
2026-07-11 14:12:23 [INFO] < ESP32: 0
2026-07-11 14:12:23 [INFO] < ESP32: 0
2026-07-11 14:12:23 [INFO] < ESP32: 0
2026-07-11 14:12:23 [INFO] < ESP32: 0
2026-07-11 14:12:23 [INFO] < ESP32: 0
2026-07-11 14:12:23 [INFO] < ESP32: 0
2026-07-11 14:12:23 [INFO] < ESP32: 0
2026-07-11 14:12:23 [INFO] < ESP32: 0
2026-07-11 14:12:23 [INFO] < ESP32: 0
2026-07-11 14:12:23 [INFO] < ESP32: 0
2026-07-11 14:12:23 [INFO] < ESP32: 0
2026-07-11 14:12:23 [INFO] < ESP32: 0
2026-07-11 14:12:23 [INFO] < ESP32: 0
2026-07-11 14:12:23 [INFO] < ESP32: 0
2026-07-11 14:12:23 [INFO] < ESP32: 0
2026-07-11 14:12:23 [INFO] < ESP32: 0
2026-07-11 14:12:23 [INFO] < ESP32: 0
2026-07-11 14:12:23 [INFO] < ESP32: 0
2026-07-11 14:12:23 [INFO] < ESP32: 0
2026-07-11 14:12:23 [INFO] < ESP32: 0
2026-07-11 14:12:23 [INFO] < ESP32: 0
2026-07-11 14:12:23 [INFO] < ESP32: 0
2026-07-11 14:12:23 [INFO] < ESP32: 0
2026-07-11 14:12:23 [INFO] < ESP32: 0
2026-07-11 14:12:23 [INFO] < ESP32: 0
2026-07-11 14:12:23 [INFO] < ESP32: 0
2026-07-11 14:12:23 [INFO] < ESP32: 0
2026-07-11 14:12:23 [INFO] < ESP32: 0
2026-07-11 14:12:23 [INFO] < ESP32: 0
2026-07-11 14:12:23 [INFO] < ESP32: 0
2026-07-11 14:12:23 [INFO] < ESP32: 0
2026-07-11 14:12:23 [INFO] < ESP32: 0
2026-07-11 14:12:23 [INFO] < ESP32: 0
2026-07-11 14:12:23 [INFO] < ESP32: 0
2026-07-11 14:12:23 [INFO] < ESP32: 0
2026-07-11 14:12:23 [INFO] < ESP32: 0
2026-07-11 14:12:23 [INFO] < ESP32: 0
2026-07-11 14:12:23 [INFO] < ESP32: 0
2026-07-11 14:12:23 [INFO] < ESP32: 0
2026-07-11 14:12:23 [INFO] < ESP32: 0
2026-07-11 14:12:23 [INFO] < ESP32: 0
2026-07-11 14:12:23 [INFO] < ESP32: 0
2026-07-11 14:12:23 [INFO] < ESP32: 0
2026-07-11 14:12:23 [INFO] < ESP32: 0
2026-07-11 14:12:23 [INFO] < ESP32: 0
2026-07-11 14:12:23 [INFO] < ESP32: 0
2026-07-11 14:12:23 [INFO] < ESP32: 0
2026-07-11 14:12:23 [INFO] < ESP32: 0
2026-07-11 14:12:23 [INFO] < ESP32: 0
2026-07-11 14:12:23 [INFO] < ESP32: 0
2026-07-11 14:12:23 [INFO] < ESP32: 0
2026-07-11 14:12:23 [INFO] < ESP32: 0
2026-07-11 14:12:23 [INFO] < ESP32: 0
2026-07-11 14:12:23 [INFO] < ESP32: 0
2026-07-11 14:12:23 [INFO] < ESP32: 0
2026-07-11 14:12:23 [INFO] < ESP32: 0
2026-07-11 14:12:23 [INFO] < ESP32: 0
2026-07-11 14:12:23 [INFO] < ESP32: 0
2026-07-11 14:12:23 [INFO] < ESP32: 0
2026-07-11 14:12:23 [INFO] < ESP32: 0
2026-07-11 14:12:23 [INFO] < ESP32: 0
2026-07-11 14:12:23 [INFO] < ESP32: 0
2026-07-11 14:12:23 [INFO] < ESP32: 0
2026-07-11 14:12:23 [INFO] < ESP32: 0
2026-07-11 14:12:23 [INFO] < ESP32: 0
2026-07-11 14:12:23 [INFO] < ESP32: 2047
2026-07-11 14:12:23 [INFO] < ESP32: 65535
2026-07-11 14:12:23 [INFO] < ESP32: 65535
2026-07-11 14:12:23 [INFO] < ESP32: 65535
2026-07-11 14:12:23 [INFO] < ESP32: 65535
2026-07-11 14:12:23 [INFO] < ESP32: 65535
2026-07-11 14:12:23 [INFO] < ESP32: 65535
2026-07-11 14:12:23 [INFO] < ESP32: 63488
2026-07-11 14:12:23 [INFO] < ESP32: 2047
2026-07-11 14:12:23 [INFO] < ESP32: 65535
2026-07-11 14:12:23 [INFO] < ESP32: 63488
2026-07-11 14:12:23 [INFO] < ESP32: 2047
2026-07-11 14:12:23 [INFO] < ESP32: 65535
2026-07-11 14:12:23 [INFO] < ESP32: 65535
2026-07-11 14:12:23 [INFO] < ESP32: 65535
2026-07-11 14:12:23 [INFO] < ESP32: 63488
2026-07-11 14:12:23 [INFO] < ESP32: 2047
2026-07-11 14:12:23 [INFO] < ESP32: 65535
2026-07-11 14:12:23 [INFO] < ESP32: 65535
2026-07-11 14:12:23 [INFO] < ESP32: 65535
2026-07-11 14:12:23 [INFO] < ESP32: 65535
2026-07-11 14:12:23 [INFO] < ESP32: 65535
2026-07-11 14:12:23 [INFO] < ESP32: 65535
2026-07-11 14:12:23 [INFO] < ESP32: 63488
2026-07-11 14:12:23 [INFO] < ESP32: 2047
2026-07-11 14:12:23 [INFO] < ESP32: 65535
2026-07-11 14:12:23 [INFO] < ESP32: 65535
2026-07-11 14:12:23 [INFO] < ESP32: 65535
2026-07-11 14:12:23 [INFO] < ESP32: 65535
2026-07-11 14:12:23 [INFO] < ESP32: 65535
2026-07-11 14:12:23 [INFO] < ESP32: 65535
2026-07-11 14:12:23 [INFO] < ESP32: 63488
2026-07-11 14:12:23 [INFO] < ESP32: 0
2026-07-11 14:12:23 [INFO] < ESP32: 2047
2026-07-11 14:12:23 [INFO] < ESP32: 65535
2026-07-11 14:12:23 [INFO] < ESP32: 65535
2026-07-11 14:12:23 [INFO] < ESP32: 65535
2026-07-11 14:12:23 [INFO] < ESP32: 65535
2026-07-11 14:12:23 [INFO] < ESP32: 65535
2026-07-11 14:12:23 [INFO] < ESP32: 63488
2026-07-11 14:12:23 [INFO] < ESP32: 0
2026-07-11 14:12:23 [INFO] < ESP32: 0
2026-07-11 14:12:23 [INFO] < ESP32: 0
2026-07-11 14:12:23 [INFO] < ESP32: 0
2026-07-11 14:12:23 [INFO] < ESP32: 0
2026-07-11 14:12:23 [INFO] < ESP32: 0
2026-07-11 14:12:23 [INFO] < ESP32: 0
2026-07-11 14:12:23 [INFO] < ESP32: 0
2026-07-11 14:12:23 [INFO] < ESP32: 0
2026-07-11 14:12:23 [INFO] < ESP32: 0
2026-07-11 14:12:23 [INFO] < ESP32: 0
2026-07-11 14:12:23 [INFO] < ESP32: 0
2026-07-11 14:12:23 [INFO] < ESP32: 0
2026-07-11 14:12:23 [INFO] < ESP32: 0
2026-07-11 14:12:23 [INFO] < ESP32: 0
2026-07-11 14:12:23 [INFO] < ESP32: 0
2026-07-11 14:12:23 [INFO] < ESP32: 0
2026-07-11 14:12:23 [INFO] < ESP32: 0
2026-07-11 14:12:23 [INFO] < ESP32: 0
2026-07-11 14:12:23 [INFO] < ESP32: 0
2026-07-11 14:12:23 [INFO] < ESP32: 0
2026-07-11 14:12:23 [INFO] < ESP32: 0
2026-07-11 14:12:23 [INFO] < ESP32: 0
2026-07-11 14:12:23 [INFO] < ESP32: 0
2026-07-11 14:12:23 [INFO] < ESP32: 0
2026-07-11 14:12:23 [INFO] < ESP32: 0
2026-07-11 14:12:23 [INFO] < ESP32: 0
2026-07-11 14:12:23 [INFO] < ESP32: 0
2026-07-11 14:12:23 [INFO] < ESP32: 0
2026-07-11 14:12:23 [INFO] < ESP32: 0
2026-07-11 14:12:23 [INFO] < ESP32: 0
2026-07-11 14:12:23 [INFO] < ESP32: 0
2026-07-11 14:12:23 [INFO] < ESP32: 0
2026-07-11 14:12:23 [INFO] < ESP32: 0
2026-07-11 14:12:23 [INFO] < ESP32: 0
2026-07-11 14:12:23 [INFO] < ESP32: 0
2026-07-11 14:12:23 [INFO] < ESP32: 0
2026-07-11 14:12:23 [INFO] < ESP32: 0
2026-07-11 14:12:23 [INFO] < ESP32: 0
2026-07-11 14:12:23 [INFO] < ESP32: 0
2026-07-11 14:12:23 [INFO] < ESP32: 0
2026-07-11 14:12:23 [INFO] < ESP32: 0
2026-07-11 14:12:23 [INFO] < ESP32: 0
2026-07-11 14:12:23 [INFO] < ESP32: 0
2026-07-11 14:12:23 [INFO] < ESP32: 0
2026-07-11 14:12:23 [INFO] < ESP32: 0
2026-07-11 14:12:23 [INFO] < ESP32: 0
2026-07-11 14:12:23 [INFO] < ESP32: 0
2026-07-11 14:12:23 [INFO] < ESP32: 0
2026-07-11 14:12:23 [INFO] < ESP32: 0
2026-07-11 14:12:23 [INFO] < ESP32: 0
2026-07-11 14:12:23 [INFO] < ESP32: 0
2026-07-11 14:12:23 [INFO] < ESP32: 0
2026-07-11 14:12:23 [INFO] < ESP32: 0
2026-07-11 14:12:23 [INFO] < ESP32: 0
2026-07-11 14:12:23 [INFO] < ESP32: 0
2026-07-11 14:12:23 [INFO] < ESP32: 0
2026-07-11 14:12:23 [INFO] < ESP32: 0
2026-07-11 14:12:23 [INFO] < ESP32: 0
2026-07-11 14:12:23 [INFO] < ESP32: 0
2026-07-11 14:12:23 [INFO] < ESP32: 0
2026-07-11 14:12:23 [INFO] < ESP32: 0
2026-07-11 14:12:23 [INFO] < ESP32: 0
2026-07-11 14:12:23 [INFO] < ESP32: 0
2026-07-11 14:12:23 [INFO] < ESP32: 0
2026-07-11 14:12:23 [INFO] < ESP32: 0
2026-07-11 14:12:23 [INFO] < ESP32: 0
2026-07-11 14:12:23 [INFO] < ESP32: 0
2026-07-11 14:12:23 [INFO] < ESP32: 0
2026-07-11 14:12:23 [INFO] < ESP32: 0
2026-07-11 14:12:23 [INFO] < ESP32: 0
2026-07-11 14:12:23 [INFO] < ESP32: 0
2026-07-11 14:12:23 [INFO] < ESP32: 2047
2026-07-11 14:12:23 [INFO] < ESP32: 65535
2026-07-11 14:12:23 [INFO] < ESP32: 65535
2026-07-11 14:12:23 [INFO] < ESP32: 65535
2026-07-11 14:12:23 [INFO] < ESP32: 65535
2026-07-11 14:12:23 [INFO] < ESP32: 63488
2026-07-11 14:12:23 [INFO] < ESP32: 0
2026-07-11 14:12:23 [INFO] < ESP32: 0
2026-07-11 14:12:23 [INFO] < ESP32: 0
2026-07-11 14:12:23 [INFO] < ESP32: 2047
2026-07-11 14:12:23 [INFO] < ESP32: 65535
2026-07-11 14:12:23 [INFO] < ESP32: 63488
2026-07-11 14:12:23 [INFO] < ESP32: 2047
2026-07-11 14:12:23 [INFO] < ESP32: 65535
2026-07-11 14:12:23 [INFO] < ESP32: 63488
2026-07-11 14:12:23 [INFO] < ESP32: 0
2026-07-11 14:12:23 [INFO] < ESP32: 0
2026-07-11 14:12:23 [INFO] < ESP32: 2047
2026-07-11 14:12:23 [INFO] < ESP32: 65535
2026-07-11 14:12:23 [INFO] < ESP32: 63488
2026-07-11 14:12:23 [INFO] < ESP32: 0
2026-07-11 14:12:23 [INFO] < ESP32: 2047
2026-07-11 14:12:23 [INFO] < ESP32: 65535
2026-07-11 14:12:23 [INFO] < ESP32: 63488
2026-07-11 14:12:23 [INFO] < ESP32: 0
2026-07-11 14:12:23 [INFO] < ESP32: 2047
2026-07-11 14:12:23 [INFO] < ESP32: 65535
2026-07-11 14:12:23 [INFO] < ESP32: 63488
2026-07-11 14:12:23 [INFO] < ESP32: 0
2026-07-11 14:12:23 [INFO] < ESP32: 2047
2026-07-11 14:12:23 [INFO] < ESP32: 65535
2026-07-11 14:12:23 [INFO] < ESP32: 63488
2026-07-11 14:12:23 [INFO] < ESP32: 0
2026-07-11 14:12:23 [INFO] < ESP32: 2047
2026-07-11 14:12:23 [INFO] < ESP32: 65535
2026-07-11 14:12:23 [INFO] < ESP32: 63488
2026-07-11 14:12:23 [INFO] < ESP32: 0
2026-07-11 14:12:23 [INFO] < ESP32: 2047
2026-07-11 14:12:23 [INFO] < ESP32: 65535
2026-07-11 14:12:23 [INFO] < ESP32: 63488
2026-07-11 14:12:23 [INFO] < ESP32: 0
2026-07-11 14:12:23 [INFO] < ESP32: 2047
2026-07-11 14:12:23 [INFO] < ESP32: 65535
2026-07-11 14:12:23 [INFO] < ESP32: 63488
2026-07-11 14:12:23 [INFO] < ESP32: 2047
2026-07-11 14:12:23 [INFO] < ESP32: 65535
2026-07-11 14:12:23 [INFO] < ESP32: 63488
2026-07-11 14:12:23 [INFO] < ESP32: 0
2026-07-11 14:12:23 [INFO] < ESP32: 2047
2026-07-11 14:12:23 [INFO] < ESP32: 65535
2026-07-11 14:12:23 [INFO] < ESP32: 65535
2026-07-11 14:12:23 [INFO] < ESP32: 65535
2026-07-11 14:12:23 [INFO] < ESP32: 65535
2026-07-11 14:12:23 [INFO] < ESP32: 63488
2026-07-11 14:12:23 [INFO] < ESP32: 0
2026-07-11 14:12:23 [INFO] < ESP32: 0
2026-07-11 14:12:23 [INFO] < ESP32: 0
2026-07-11 14:12:23 [INFO] < ESP32: 0
2026-07-11 14:12:23 [INFO] < ESP32: 0
2026-07-11 14:12:23 [INFO] > Sent: UP:w
2026-07-11 14:12:23 [INFO] < ESP32: 0
2026-07-11 14:12:23 [INFO] < ESP32: 0
2026-07-11 14:12:23 [INFO] < ESP32: 0
2026-07-11 14:12:23 [INFO] < ESP32: 0
2026-07-11 14:12:23 [INFO] < ESP32: 0
2026-07-11 14:12:23 [INFO] < ESP32: 0
2026-07-11 14:12:23 [INFO] < ESP32: 0
2026-07-11 14:12:23 [INFO] < ESP32: 0
2026-07-11 14:12:23 [INFO] < ESP32: 0
2026-07-11 14:12:23 [INFO] < ESP32: 0
2026-07-11 14:12:23 [INFO] < ESP32: 0
2026-07-11 14:12:23 [INFO] < ESP32: 0
2026-07-11 14:12:23 [INFO] < ESP32: 0
2026-07-11 14:12:23 [INFO] < ESP32: 0
2026-07-11 14:12:23 [INFO] < ESP32: 0
2026-07-11 14:12:23 [INFO] < ESP32: 0
2026-07-11 14:12:23 [INFO] < ESP32: 0
2026-07-11 14:12:23 [INFO] < ESP32: 0
2026-07-11 14:12:23 [INFO] < ESP32: 0
2026-07-11 14:12:23 [INFO] < ESP32: 0
2026-07-11 14:12:23 [INFO] < ESP32: 0
2026-07-11 14:12:23 [INFO] < ESP32: 0
2026-07-11 14:12:23 [INFO] < ESP32: 2047
2026-07-11 14:12:23 [INFO] < ESP32: 65535
2026-07-11 14:12:23 [INFO] < ESP32: 65535
2026-07-11 14:12:23 [INFO] < ESP32: 65535
2026-07-11 14:12:23 [INFO] < ESP32: 63488
2026-07-11 14:12:23 [INFO] < ESP32: 0
2026-07-11 14:12:23 [INFO] < ESP32: 0
2026-07-11 14:12:23 [INFO] < ESP32: 2047
2026-07-11 14:12:23 [INFO] < ESP32: 65535
2026-07-11 14:12:23 [INFO] < ESP32: 63488
2026-07-11 14:12:23 [INFO] < ESP32: 0
2026-07-11 14:12:23 [INFO] < ESP32: 2047
2026-07-11 14:12:23 [INFO] < ESP32: 65535
2026-07-11 14:12:23 [INFO] < ESP32: 63488
2026-07-11 14:12:23 [INFO] < ESP32: 0
2026-07-11 14:12:23 [INFO] < ESP32: 2047
2026-07-11 14:12:23 [INFO] < ESP32: 65535
2026-07-11 14:12:23 [INFO] < ESP32: 63488
2026-07-11 14:12:23 [INFO] < ESP32: 0
2026-07-11 14:12:23 [INFO] < ESP32: 2047
2026-07-11 14:12:23 [INFO] < ESP32: 65535
2026-07-11 14:12:23 [INFO] < ESP32: 63488
2026-07-11 14:12:23 [INFO] < ESP32: 0
2026-07-11 14:12:23 [INFO] < ESP32: 2047
2026-07-11 14:12:23 [INFO] < ESP32: 65535
2026-07-11 14:12:23 [INFO] < ESP32: 63488
2026-07-11 14:12:23 [INFO] < ESP32: 0
2026-07-11 14:12:23 [INFO] < ESP32: 2047
2026-07-11 14:12:23 [INFO] < ESP32: 65535
2026-07-11 14:12:23 [INFO] < ESP32: 63488
2026-07-11 14:12:23 [INFO] < ESP32: 0
2026-07-11 14:12:23 [INFO] < ESP32: 0
2026-07-11 14:12:23 [INFO] < ESP32: 2047
2026-07-11 14:12:23 [INFO] < ESP32: 65535
2026-07-11 14:12:23 [INFO] < ESP32: 65535
2026-07-11 14:12:23 [INFO] < ESP32: 65535
2026-07-11 14:12:23 [INFO] < ESP32: 63488
2026-07-11 14:12:23 [INFO] < ESP32: 0
2026-07-11 14:12:23 [INFO] < ESP32: 0
2026-07-11 14:12:23 [INFO] < ESP32: 0
2026-07-11 14:12:23 [INFO] < ESP32: 0
2026-07-11 14:12:23 [INFO] < ESP32: 0
2026-07-11 14:12:23 [INFO] < ESP32: 0
2026-07-11 14:12:23 [INFO] < ESP32: 0
2026-07-11 14:12:23 [INFO] < ESP32: 0
2026-07-11 14:12:23 [INFO] < ESP32: 0
2026-07-11 14:12:23 [INFO] < ESP32: 0
2026-07-11 14:12:23 [INFO] < ESP32: 0
2026-07-11 14:12:23 [INFO] < ESP32: 0
2026-07-11 14:12:23 [INFO] < ESP32: 0
2026-07-11 14:12:23 [INFO] < ESP32: 0
2026-07-11 14:12:23 [INFO] < ESP32: 0
2026-07-11 14:12:23 [INFO] < ESP32: 0
2026-07-11 14:12:23 [INFO] < ESP32: 0
2026-07-11 14:12:23 [INFO] < ESP32: 0
2026-07-11 14:12:23 [INFO] < ESP32: 0
2026-07-11 14:12:23 [INFO] < ESP32: 0
2026-07-11 14:12:23 [INFO] < ESP32: 0
2026-07-11 14:12:23 [INFO] < ESP32: 0
2026-07-11 14:12:23 [INFO] < ESP32: 0
2026-07-11 14:12:23 [INFO] < ESP32: 0
2026-07-11 14:12:23 [INFO] < ESP32: 0
2026-07-11 14:12:23 [INFO] < ESP32: 0
2026-07-11 14:12:23 [INFO] < ESP32: 2047
2026-07-11 14:12:23 [INFO] < ESP32: 65535
2026-07-11 14:12:23 [INFO] < ESP32: 63488
2026-07-11 14:12:23 [INFO] < ESP32: 0
2026-07-11 14:12:23 [INFO] < ESP32: 0
2026-07-11 14:12:23 [INFO] < ESP32: 2047
2026-07-11 14:12:23 [INFO] < ESP32: 65535
2026-07-11 14:12:23 [INFO] < ESP32: 63488
2026-07-11 14:12:23 [INFO] < ESP32: 2047
2026-07-11 14:12:23 [INFO] < ESP32: 65535
2026-07-11 14:12:23 [INFO] < ESP32: 63488
2026-07-11 14:12:23 [INFO] < ESP32: 2047
2026-07-11 14:12:23 [INFO] < ESP32: 63488
2026-07-11 14:12:23 [INFO] < ESP32: 2047
2026-07-11 14:12:23 [INFO] < ESP32: 65535
2026-07-11 14:12:23 [INFO] < ESP32: 63488
2026-07-11 14:12:23 [INFO] < ESP32: 2047
2026-07-11 14:12:23 [INFO] < ESP32: 65535
2026-07-11 14:12:23 [INFO] < ESP32: 65535
2026-07-11 14:12:23 [INFO] < ESP32: 65535
2026-07-11 14:12:23 [INFO] < ESP32: 65535
2026-07-11 14:12:23 [INFO] < ESP32: 65535
2026-07-11 14:12:23 [INFO] < ESP32: 65535
2026-07-11 14:12:23 [INFO] < ESP32: 63488
2026-07-11 14:12:23 [INFO] < ESP32: 2047
2026-07-11 14:12:23 [INFO] < ESP32: 65535
2026-07-11 14:12:23 [INFO] < ESP32: 65535
2026-07-11 14:12:23 [INFO] < ESP32: 65535
2026-07-11 14:12:23 [INFO] < ESP32: 65535
2026-07-11 14:12:23 [INFO] < ESP32: 65535
2026-07-11 14:12:23 [INFO] < ESP32: 65535
2026-07-11 14:12:23 [INFO] < ESP32: 63488
2026-07-11 14:12:23 [INFO] < ESP32: 0
2026-07-11 14:12:23 [INFO] < ESP32: 2047
2026-07-11 14:12:23 [INFO] < ESP32: 65535
2026-07-11 14:12:23 [INFO] < ESP32: 63488
2026-07-11 14:12:23 [INFO] < ESP32: 2047
2026-07-11 14:12:23 [INFO] < ESP32: 65535
2026-07-11 14:12:23 [INFO] < ESP32: 63488
2026-07-11 14:12:23 [INFO] < ESP32: 0
2026-07-11 14:12:23 [INFO] < ESP32: 0
2026-07-11 14:12:23 [INFO] < ESP32: 0
2026-07-11 14:12:23 [INFO] < ESP32: 0
2026-07-11 14:12:23 [INFO] < ESP32: 0
2026-07-11 14:12:23 [INFO] < ESP32: 0
2026-07-11 14:12:23 [INFO] < ESP32: 0
2026-07-11 14:12:23 [INFO] < ESP32: 0
2026-07-11 14:12:23 [INFO] < ESP32: 0
2026-07-11 14:12:23 [INFO] < ESP32: 0
2026-07-11 14:12:23 [INFO] < ESP32: 0
2026-07-11 14:12:23 [INFO] < ESP32: 0
2026-07-11 14:12:23 [INFO] < ESP32: 0
2026-07-11 14:12:23 [INFO] < ESP32: 0
2026-07-11 14:12:23 [INFO] < ESP32: 0
2026-07-11 14:12:23 [INFO] < ESP32: 0
2026-07-11 14:12:23 [INFO] < ESP32: 0
2026-07-11 14:12:23 [INFO] < ESP32: 0
2026-07-11 14:12:23 [INFO] < ESP32: 0
2026-07-11 14:12:23 [INFO] < ESP32: 0
2026-07-11 14:12:23 [INFO] < ESP32: 0
2026-07-11 14:12:23 [INFO] < ESP32: 0
2026-07-11 14:12:23 [INFO] < ESP32: 0
2026-07-11 14:12:23 [INFO] < ESP32: 0
2026-07-11 14:12:23 [INFO] < ESP32: 0
2026-07-11 14:12:23 [INFO] < ESP32: 2047
2026-07-11 14:12:23 [INFO] < ESP32: 65535
2026-07-11 14:12:23 [INFO] < ESP32: 65535
2026-07-11 14:12:23 [INFO] < ESP32: 65535
2026-07-11 14:12:23 [INFO] < ESP32: 65535
2026-07-11 14:12:23 [INFO] < ESP32: 63488
2026-07-11 14:12:23 [INFO] < ESP32: 0
2026-07-11 14:12:23 [INFO] < ESP32: 0
2026-07-11 14:12:23 [INFO] < ESP32: 2047
2026-07-11 14:12:23 [INFO] < ESP32: 65535
2026-07-11 14:12:23 [INFO] < ESP32: 63488
2026-07-11 14:12:23 [INFO] < ESP32: 0
2026-07-11 14:12:23 [INFO] < ESP32: 2047
2026-07-11 14:12:23 [INFO] < ESP32: 65535
2026-07-11 14:12:23 [INFO] < ESP32: 63488
2026-07-11 14:12:23 [INFO] < ESP32: 0
2026-07-11 14:12:23 [INFO] < ESP32: 2047
2026-07-11 14:12:23 [INFO] < ESP32: 65535
2026-07-11 14:12:23 [INFO] < ESP32: 63488
2026-07-11 14:12:23 [INFO] < ESP32: 0
2026-07-11 14:12:23 [INFO] < ESP32: 2047
2026-07-11 14:12:23 [INFO] < ESP32: 65535
2026-07-11 14:12:23 [INFO] < ESP32: 63488
2026-07-11 14:12:23 [INFO] < ESP32: 0
2026-07-11 14:12:23 [INFO] < ESP32: 2047
2026-07-11 14:12:23 [INFO] < ESP32: 65535
2026-07-11 14:12:23 [INFO] < ESP32: 63488
2026-07-11 14:12:23 [INFO] < ESP32: 0
2026-07-11 14:12:23 [INFO] < ESP32: 2047
2026-07-11 14:12:23 [INFO] < ESP32: 65535
2026-07-11 14:12:23 [INFO] < ESP32: 63488
2026-07-11 14:12:23 [INFO] < ESP32: 0
2026-07-11 14:12:23 [INFO] < ESP32: 2047
2026-07-11 14:12:23 [INFO] < ESP32: 65535
2026-07-11 14:12:23 [INFO] < ESP32: 63488
2026-07-11 14:12:23 [INFO] < ESP32: 0
2026-07-11 14:12:23 [INFO] < ESP32: 2047
2026-07-11 14:12:23 [INFO] < ESP32: 65535
2026-07-11 14:12:23 [INFO] < ESP32: 63488
2026-07-11 14:12:23 [INFO] < ESP32: 0
2026-07-11 14:12:23 [INFO] < ESP32: 0
2026-07-11 14:12:23 [INFO] < ESP32: 0
2026-07-11 14:12:23 [INFO] < ESP32: 0
2026-07-11 14:12:23 [INFO] < ESP32: 0
2026-07-11 14:12:23 [INFO] < ESP32: 0
2026-07-11 14:12:23 [INFO] < ESP32: 0
2026-07-11 14:12:23 [INFO] < ESP32: 0
2026-07-11 14:12:23 [INFO] < ESP32: 0
2026-07-11 14:12:23 [INFO] < ESP32: 2047
2026-07-11 14:12:23 [INFO] < ESP32: 65535
2026-07-11 14:12:23 [INFO] < ESP32: 65535
2026-07-11 14:12:23 [INFO] < ESP32: 65535
2026-07-11 14:12:23 [INFO] < ESP32: 65535
2026-07-11 14:12:23 [INFO] < ESP32: 65535
2026-07-11 14:12:23 [INFO] < ESP32: 63488
2026-07-11 14:12:23 [INFO] < ESP32: 0
2026-07-11 14:12:23 [INFO] < ESP32: 0
2026-07-11 14:12:23 [INFO] < ESP32: 2047
2026-07-11 14:12:23 [INFO] < ESP32: 65535
2026-07-11 14:12:23 [INFO] < ESP32: 63488
2026-07-11 14:12:23 [INFO] < ESP32: 0
2026-07-11 14:12:23 [INFO] < ESP32: 2047
2026-07-11 14:12:23 [INFO] < ESP32: 65535
2026-07-11 14:12:23 [INFO] < ESP32: 63488
2026-07-11 14:12:23 [INFO] < ESP32: 0
2026-07-11 14:12:23 [INFO] < ESP32: 2047
2026-07-11 14:12:23 [INFO] < ESP32: 65535
2026-07-11 14:12:23 [INFO] < ESP32: 63488
2026-07-11 14:12:23 [INFO] < ESP32: 0
2026-07-11 14:12:23 [INFO] < ESP32: 2047
2026-07-11 14:12:23 [INFO] < ESP32: 65535
2026-07-11 14:12:23 [INFO] < ESP32: 63488
2026-07-11 14:12:23 [INFO] < ESP32: 0
2026-07-11 14:12:23 [INFO] < ESP32: 2047
2026-07-11 14:12:23 [INFO] < ESP32: 65535
2026-07-11 14:12:23 [INFO] < ESP32: 65535
2026-07-11 14:12:23 [INFO] < ESP32: 65535
2026-07-11 14:12:23 [INFO] < ESP32: 65535
2026-07-11 14:12:23 [INFO] < ESP32: 63488
2026-07-11 14:12:23 [INFO] < ESP32: 0
2026-07-11 14:12:23 [INFO] < ESP32: 0
2026-07-11 14:12:23 [INFO] < ESP32: 2047
2026-07-11 14:12:23 [INFO] < ESP32: 65535
2026-07-11 14:12:23 [INFO] < ESP32: 63488
2026-07-11 14:12:23 [INFO] < ESP32: 2047
2026-07-11 14:12:23 [INFO] < ESP32: 65535
2026-07-11 14:12:23 [INFO] < ESP32: 63488
2026-07-11 14:12:23 [INFO] < ESP32: 0
2026-07-11 14:12:23 [INFO] < ESP32: 0
2026-07-11 14:12:23 [INFO] < ESP32: 2047
2026-07-11 14:12:23 [INFO] < ESP32: 65535
2026-07-11 14:12:23 [INFO] < ESP32: 63488
2026-07-11 14:12:23 [INFO] < ESP32: 0
2026-07-11 14:12:23 [INFO] < ESP32: 2047
2026-07-11 14:12:23 [INFO] < ESP32: 65535
2026-07-11 14:12:23 [INFO] < ESP32: 63488
2026-07-11 14:12:23 [INFO] < ESP32: 2047
2026-07-11 14:12:23 [INFO] < ESP32: 65535
2026-07-11 14:12:23 [INFO] < ESP32: 65535
2026-07-11 14:12:23 [INFO] < ESP32: 63488
2026-07-11 14:12:23 [INFO] < ESP32: 0
2026-07-11 14:12:23 [INFO] < ESP32: 2047
2026-07-11 14:12:23 [INFO] < ESP32: 65535
2026-07-11 14:12:23 [INFO] < ESP32: 63488
2026-07-11 14:12:23 [INFO] < ESP32: 0
2026-07-11 14:12:23 [INFO] < ESP32: 0
2026-07-11 14:12:23 [INFO] < ESP32: 0
2026-07-11 14:12:23 [INFO] < ESP32: 0
2026-07-11 14:12:23 [INFO] < ESP32: 0
2026-07-11 14:12:23 [INFO] < ESP32: 0
2026-07-11 14:12:23 [INFO] < ESP32: 0
2026-07-11 14:12:23 [INFO] < ESP32: 0
2026-07-11 14:12:23 [INFO] < ESP32: 0
2026-07-11 14:12:23 [INFO] < ESP32: 0
2026-07-11 14:12:23 [INFO] < ESP32: 0
2026-07-11 14:12:23 [INFO] < ESP32: 0
2026-07-11 14:12:23 [INFO] < ESP32: 0
2026-07-11 14:12:23 [INFO] < ESP32: 0
2026-07-11 14:12:23 [INFO] < ESP32: 0
2026-07-11 14:12:23 [INFO] < ESP32: 0
2026-07-11 14:12:23 [INFO] < ESP32: 0
2026-07-11 14:12:23 [INFO] < ESP32: 0
2026-07-11 14:12:23 [INFO] < ESP32: 0
2026-07-11 14:12:23 [INFO] < ESP32: 0
2026-07-11 14:12:23 [INFO] < ESP32: 0
2026-07-11 14:12:23 [INFO] < ESP32: 0
2026-07-11 14:12:23 [INFO] < ESP32: 0
2026-07-11 14:12:23 [INFO] < ESP32: 0
2026-07-11 14:12:23 [INFO] < ESP32: 0
2026-07-11 14:12:23 [INFO] < ESP32: 2047
2026-07-11 14:12:23 [INFO] < ESP32: 65535
2026-07-11 14:12:23 [INFO] < ESP32: 65535
2026-07-11 14:12:23 [INFO] < ESP32: 65535
2026-07-11 14:12:23 [INFO] < ESP32: 63488
2026-07-11 14:12:23 [INFO] < ESP32: 0
2026-07-11 14:12:23 [INFO] < ESP32: 0
2026-07-11 14:12:23 [INFO] < ESP32: 2047
2026-07-11 14:12:23 [INFO] < ESP32: 65535
2026-07-11 14:12:23 [INFO] < ESP32: 63488
2026-07-11 14:12:23 [INFO] < ESP32: 0
2026-07-11 14:12:23 [INFO] < ESP32: 2047
2026-07-11 14:12:23 [INFO] < ESP32: 65535
2026-07-11 14:12:23 [INFO] < ESP32: 63488
2026-07-11 14:12:23 [INFO] < ESP32: 0
2026-07-11 14:12:23 [INFO] < ESP32: 2047
2026-07-11 14:12:23 [INFO] < ESP32: 65535
2026-07-11 14:12:23 [INFO] < ESP32: 65535
2026-07-11 14:12:23 [INFO] < ESP32: 65535
2026-07-11 14:12:23 [INFO] < ESP32: 65535
2026-07-11 14:12:23 [INFO] < ESP32: 65535
2026-07-11 14:12:24 [INFO] < ESP32: 63488
2026-07-11 14:12:24 [INFO] < ESP32: 0
2026-07-11 14:12:24 [INFO] < ESP32: 2047
2026-07-11 14:12:24 [INFO] < ESP32: 65535
2026-07-11 14:12:24 [INFO] < ESP32: 63488
2026-07-11 14:12:24 [INFO] < ESP32: 0
2026-07-11 14:12:24 [INFO] < ESP32: 0
2026-07-11 14:12:24 [INFO] < ESP32: 0
2026-07-11 14:12:24 [INFO] < ESP32: 0
2026-07-11 14:12:24 [INFO] < ESP32: 0
2026-07-11 14:12:24 [INFO] < ESP32: 0
2026-07-11 14:12:24 [INFO] < ESP32: 2047
2026-07-11 14:12:24 [INFO] < ESP32: 65535
2026-07-11 14:12:24 [INFO] < ESP32: 65535
2026-07-11 14:12:24 [INFO] < ESP32: 65535
2026-07-11 14:12:24 [INFO] < ESP32: 63488
2026-07-11 14:12:24 [INFO] < ESP32: 0
2026-07-11 14:12:24 [INFO] < ESP32: 0
2026-07-11 14:12:24 [INFO] < ESP32: 0
2026-07-11 14:12:24 [INFO] < ESP32: 0
2026-07-11 14:12:24 [INFO] < ESP32: 0
2026-07-11 14:12:24 [INFO] < ESP32: 0
2026-07-11 14:12:24 [INFO] < ESP32: 0
2026-07-11 14:12:24 [INFO] < ESP32: 0
2026-07-11 14:12:24 [INFO] < ESP32: 0
2026-07-11 14:12:24 [INFO] < ESP32: 0
2026-07-11 14:12:24 [INFO] < ESP32: 0
2026-07-11 14:12:24 [INFO] < ESP32: 0
2026-07-11 14:12:24 [INFO] < ESP32: 0
2026-07-11 14:12:24 [INFO] < ESP32: 0
2026-07-11 14:12:24 [INFO] < ESP32: 0
2026-07-11 14:12:24 [INFO] < ESP32: 0
2026-07-11 14:12:24 [INFO] < ESP32: 0
2026-07-11 14:12:24 [INFO] < ESP32: 0
2026-07-11 14:12:24 [INFO] < ESP32: 0
2026-07-11 14:12:24 [INFO] < ESP32: 0
2026-07-11 14:12:24 [INFO] < ESP32: 0
2026-07-11 14:12:24 [INFO] < ESP32: 0
2026-07-11 14:12:24 [INFO] < ESP32: 0
2026-07-11 14:12:24 [INFO] < ESP32: 0
2026-07-11 14:12:24 [INFO] < ESP32: 0
2026-07-11 14:12:24 [INFO] < ESP32: 0
2026-07-11 14:12:24 [INFO] < ESP32: 0
2026-07-11 14:12:24 [INFO] < ESP32: 2047
2026-07-11 14:12:24 [INFO] < ESP32: 65535
2026-07-11 14:12:24 [INFO] < ESP32: 65535
2026-07-11 14:12:24 [INFO] < ESP32: 65535
2026-07-11 14:12:24 [INFO] < ESP32: 63488
2026-07-11 14:12:24 [INFO] < ESP32: 0
2026-07-11 14:12:24 [INFO] < ESP32: 0
2026-07-11 14:12:24 [INFO] < ESP32: 2047
2026-07-11 14:12:24 [INFO] < ESP32: 65535
2026-07-11 14:12:24 [INFO] < ESP32: 63488
2026-07-11 14:12:24 [INFO] < ESP32: 0
2026-07-11 14:12:24 [INFO] < ESP32: 2047
2026-07-11 14:12:24 [INFO] < ESP32: 65535
2026-07-11 14:12:24 [INFO] < ESP32: 63488
2026-07-11 14:12:24 [INFO] < ESP32: 0
2026-07-11 14:12:24 [INFO] < ESP32: 2047
2026-07-11 14:12:24 [INFO] < ESP32: 65535
2026-07-11 14:12:24 [INFO] < ESP32: 63488
2026-07-11 14:12:24 [INFO] < ESP32: 0
2026-07-11 14:12:24 [INFO] < ESP32: 0
2026-07-11 14:12:24 [INFO] < ESP32: 0
2026-07-11 14:12:24 [INFO] < ESP32: 0
2026-07-11 14:12:24 [INFO] < ESP32: 0
2026-07-11 14:12:24 [INFO] < ESP32: 2047
2026-07-11 14:12:24 [INFO] < ESP32: 65535
2026-07-11 14:12:24 [INFO] < ESP32: 63488
2026-07-11 14:12:24 [INFO] < ESP32: 0
2026-07-11 14:12:24 [INFO] < ESP32: 2047
2026-07-11 14:12:24 [INFO] < ESP32: 65535
2026-07-11 14:12:24 [INFO] < ESP32: 63488
2026-07-11 14:12:24 [INFO] < ESP32: 0
2026-07-11 14:12:24 [INFO] < ESP32: 0
2026-07-11 14:12:24 [INFO] < ESP32: 2047
2026-07-11 14:12:24 [INFO] < ESP32: 65535
2026-07-11 14:12:24 [INFO] < ESP32: 65535
2026-07-11 14:12:24 [INFO] < ESP32: 65535
2026-07-11 14:12:24 [INFO] < ESP32: 63488
2026-07-11 14:12:24 [INFO] < ESP32: 0
2026-07-11 14:12:24 [INFO] < ESP32: 0
2026-07-11 14:12:24 [INFO] < ESP32: 0
2026-07-11 14:12:24 [INFO] < ESP32: 0
2026-07-11 14:12:24 [INFO] < ESP32: 0
2026-07-11 14:12:24 [INFO] < ESP32: 0
2026-07-11 14:12:24 [INFO] < ESP32: 0
2026-07-11 14:12:24 [INFO] < ESP32: 0
2026-07-11 14:12:24 [INFO] < ESP32: 0
2026-07-11 14:12:24 [INFO] < ESP32: 0
2026-07-11 14:12:24 [INFO] < ESP32: 0
2026-07-11 14:12:24 [INFO] < ESP32: 0
2026-07-11 14:12:24 [INFO] < ESP32: 0
2026-07-11 14:12:24 [INFO] < ESP32: 0
2026-07-11 14:12:24 [INFO] < ESP32: 0
2026-07-11 14:12:24 [INFO] < ESP32: 0
2026-07-11 14:12:24 [INFO] < ESP32: 0
2026-07-11 14:12:24 [INFO] < ESP32: 0
2026-07-11 14:12:24 [INFO] < ESP32: 0
2026-07-11 14:12:24 [INFO] < ESP32: 0
2026-07-11 14:12:24 [INFO] < ESP32: 0
2026-07-11 14:12:24 [INFO] < ESP32: 0
2026-07-11 14:12:24 [INFO] < ESP32: 0
2026-07-11 14:12:24 [INFO] < ESP32: 0
2026-07-11 14:12:24 [INFO] < ESP32: 0
2026-07-11 14:12:24 [INFO] < ESP32: 0
2026-07-11 14:12:24 [INFO] < ESP32: 0
2026-07-11 14:12:24 [INFO] < ESP32: 2047
2026-07-11 14:12:24 [INFO] < ESP32: 65535
2026-07-11 14:12:24 [INFO] < ESP32: 65535
2026-07-11 14:12:24 [INFO] < ESP32: 65535
2026-07-11 14:12:24 [INFO] < ESP32: 63488
2026-07-11 14:12:24 [INFO] < ESP32: 0
2026-07-11 14:12:24 [INFO] < ESP32: 0
2026-07-11 14:12:24 [INFO] < ESP32: 2047
2026-07-11 14:12:24 [INFO] < ESP32: 65535
2026-07-11 14:12:24 [INFO] < ESP32: 63488
2026-07-11 14:12:24 [INFO] < ESP32: 0
2026-07-11 14:12:24 [INFO] < ESP32: 2047
2026-07-11 14:12:24 [INFO] < ESP32: 65535
2026-07-11 14:12:24 [INFO] < ESP32: 63488
2026-07-11 14:12:24 [INFO] < ESP32: 0
2026-07-11 14:12:24 [INFO] < ESP32: 2047
2026-07-11 14:12:24 [INFO] < ESP32: 65535
2026-07-11 14:12:24 [INFO] < ESP32: 65535
2026-07-11 14:12:24 [INFO] < ESP32: 65535
2026-07-11 14:12:24 [INFO] < ESP32: 65535
2026-07-11 14:12:24 [INFO] < ESP32: 65535
2026-07-11 14:12:24 [INFO] < ESP32: 63488
2026-07-11 14:12:24 [INFO] < ESP32: 0
2026-07-11 14:12:24 [INFO] < ESP32: 2047
2026-07-11 14:12:24 [INFO] < ESP32: 65535
2026-07-11 14:12:24 [INFO] < ESP32: 63488
2026-07-11 14:12:24 [INFO] < ESP32: 0
2026-07-11 14:12:24 [INFO] < ESP32: 0
2026-07-11 14:12:24 [INFO] < ESP32: 0
2026-07-11 14:12:24 [INFO] < ESP32: 0
2026-07-11 14:12:24 [INFO] < ESP32: 0
2026-07-11 14:12:24 [INFO] < ESP32: 0
2026-07-11 14:12:24 [INFO] < ESP32: 2047
2026-07-11 14:12:24 [INFO] < ESP32: 65535
2026-07-11 14:12:24 [INFO] < ESP32: 65535
2026-07-11 14:12:24 [INFO] < ESP32: 65535
2026-07-11 14:12:24 [INFO] > Sent: DOWN:w
2026-07-11 14:12:24 [INFO] < ESP32: 63488
2026-07-11 14:12:24 [INFO] < ESP32: 0
2026-07-11 14:12:24 [INFO] < ESP32: 0
2026-07-11 14:12:24 [INFO] < ESP32: 0
2026-07-11 14:12:24 [INFO] < ESP32: 0
2026-07-11 14:12:24 [INFO] < ESP32: 0
2026-07-11 14:12:24 [INFO] < ESP32: 0
2026-07-11 14:12:24 [INFO] < ESP32: 0
2026-07-11 14:12:24 [INFO] < ESP32: 0
2026-07-11 14:12:24 [INFO] < ESP32: 0
2026-07-11 14:12:24 [INFO] < ESP32: 0
2026-07-11 14:12:24 [INFO] < ESP32: 0
2026-07-11 14:12:24 [INFO] < ESP32: 0
2026-07-11 14:12:24 [INFO] < ESP32: 2047
2026-07-11 14:12:24 [INFO] < ESP32: 65535
2026-07-11 14:12:24 [INFO] < ESP32: 63488
2026-07-11 14:12:24 [INFO] < ESP32: 0
2026-07-11 14:12:24 [INFO] < ESP32: 0
2026-07-11 14:12:24 [INFO] < ESP32: 0
2026-07-11 14:12:24 [INFO] < ESP32: 0
2026-07-11 14:12:24 [INFO] < ESP32: 0
2026-07-11 14:12:24 [INFO] < ESP32: 0
2026-07-11 14:12:24 [INFO] < ESP32: 0
2026-07-11 14:12:24 [INFO] < ESP32: 0
2026-07-11 14:12:24 [INFO] < ESP32: 0
2026-07-11 14:12:24 [INFO] < ESP32: 0
2026-07-11 14:12:24 [INFO] < ESP32: 0
2026-07-11 14:12:24 [INFO] < ESP32: 0
2026-07-11 14:12:24 [INFO] < ESP32: 2047
2026-07-11 14:12:24 [INFO] < ESP32: 65535
2026-07-11 14:12:24 [INFO] < ESP32: 65535
2026-07-11 14:12:24 [INFO] < ESP32: 63488
2026-07-11 14:12:24 [INFO] < ESP32: 0
2026-07-11 14:12:24 [INFO] < ESP32: 0
2026-07-11 14:12:24 [INFO] < ESP32: 0
2026-07-11 14:12:24 [INFO] < ESP32: 0
2026-07-11 14:12:24 [INFO] < ESP32: 0
2026-07-11 14:12:24 [INFO] < ESP32: 2047
2026-07-11 14:12:24 [INFO] < ESP32: 65535
2026-07-11 14:12:24 [INFO] < ESP32: 63488
2026-07-11 14:12:24 [INFO] < ESP32: 0
2026-07-11 14:12:24 [INFO] < ESP32: 0
2026-07-11 14:12:24 [INFO] < ESP32: 0
2026-07-11 14:12:24 [INFO] < ESP32: 0
2026-07-11 14:12:24 [INFO] < ESP32: 0
2026-07-11 14:12:24 [INFO] < ESP32: 2047
2026-07-11 14:12:24 [INFO] < ESP32: 65535
2026-07-11 14:12:24 [INFO] < ESP32: 63488
2026-07-11 14:12:24 [INFO] < ESP32: 0
2026-07-11 14:12:24 [INFO] < ESP32: 0
2026-07-11 14:12:24 [INFO] < ESP32: 0
2026-07-11 14:12:24 [INFO] < ESP32: 0
2026-07-11 14:12:24 [INFO] < ESP32: 0
2026-07-11 14:12:24 [INFO] < ESP32: 2047
2026-07-11 14:12:24 [INFO] < ESP32: 65535
2026-07-11 14:12:24 [INFO] < ESP32: 63488
2026-07-11 14:12:24 [INFO] < ESP32: 0
2026-07-11 14:12:24 [INFO] < ESP32: 0
2026-07-11 14:12:24 [INFO] < ESP32: 0
2026-07-11 14:12:24 [INFO] < ESP32: 0
2026-07-11 14:12:24 [INFO] < ESP32: 2047
2026-07-11 14:12:24 [INFO] < ESP32: 65535
2026-07-11 14:12:24 [INFO] < ESP32: 65535
2026-07-11 14:12:24 [INFO] < ESP32: 65535
2026-07-11 14:12:24 [INFO] < ESP32: 63488
2026-07-11 14:12:24 [INFO] < ESP32: 0
2026-07-11 14:12:24 [INFO] < ESP32: 0
2026-07-11 14:12:24 [INFO] < ESP32: 0
2026-07-11 14:12:24 [INFO] < ESP32: 0
2026-07-11 14:12:24 [INFO] < ESP32: 0
2026-07-11 14:12:24 [INFO] < ESP32: 0
2026-07-11 14:12:24 [INFO] < ESP32: 0
2026-07-11 14:12:24 [INFO] < ESP32: 0
2026-07-11 14:12:24 [INFO] < ESP32: 0
2026-07-11 14:12:24 [INFO] < ESP32: 0
2026-07-11 14:12:24 [INFO] < ESP32: 0
2026-07-11 14:12:24 [INFO] < ESP32: 0
2026-07-11 14:12:24 [INFO] < ESP32: 0
2026-07-11 14:12:24 [INFO] < ESP32: 0
2026-07-11 14:12:24 [INFO] < ESP32: 0
2026-07-11 14:12:24 [INFO] < ESP32: 0
2026-07-11 14:12:24 [INFO] < ESP32: 0
2026-07-11 14:12:24 [INFO] < ESP32: 0
2026-07-11 14:12:24 [INFO] < ESP32: 0
2026-07-11 14:12:24 [INFO] < ESP32: 0
2026-07-11 14:12:24 [INFO] < ESP32: 0
2026-07-11 14:12:24 [INFO] < ESP32: 0
2026-07-11 14:12:24 [INFO] < ESP32: 0
2026-07-11 14:12:24 [INFO] < ESP32: 0
2026-07-11 14:12:24 [INFO] < ESP32: 0
2026-07-11 14:12:24 [INFO] < ESP32: 0
2026-07-11 14:12:24 [INFO] < ESP32: 2047
2026-07-11 14:12:24 [INFO] < ESP32: 65535
2026-07-11 14:12:24 [INFO] < ESP32: 63488
2026-07-11 14:12:24 [INFO] < ESP32: 0
2026-07-11 14:12:24 [INFO] < ESP32: 2047
2026-07-11 14:12:24 [INFO] < ESP32: 65535
2026-07-11 14:12:24 [INFO] < ESP32: 63488
2026-07-11 14:12:24 [INFO] < ESP32: 0
2026-07-11 14:12:24 [INFO] < ESP32: 2047
2026-07-11 14:12:24 [INFO] < ESP32: 65535
2026-07-11 14:12:24 [INFO] < ESP32: 63488
2026-07-11 14:12:24 [INFO] < ESP32: 0
2026-07-11 14:12:24 [INFO] < ESP32: 2047
2026-07-11 14:12:24 [INFO] < ESP32: 65535
2026-07-11 14:12:24 [INFO] < ESP32: 63488
2026-07-11 14:12:24 [INFO] < ESP32: 0
2026-07-11 14:12:24 [INFO] < ESP32: 2047
2026-07-11 14:12:24 [INFO] < ESP32: 65535
2026-07-11 14:12:24 [INFO] < ESP32: 63488
2026-07-11 14:12:24 [INFO] < ESP32: 0
2026-07-11 14:12:24 [INFO] < ESP32: 2047
2026-07-11 14:12:24 [INFO] < ESP32: 65535
2026-07-11 14:12:24 [INFO] < ESP32: 63488
2026-07-11 14:12:24 [INFO] < ESP32: 0
2026-07-11 14:12:24 [INFO] < ESP32: 0
2026-07-11 14:12:24 [INFO] < ESP32: 2047
2026-07-11 14:12:24 [INFO] < ESP32: 65535
2026-07-11 14:12:24 [INFO] < ESP32: 65535
2026-07-11 14:12:24 [INFO] < ESP32: 65535
2026-07-11 14:12:24 [INFO] < ESP32: 63488
2026-07-11 14:12:24 [INFO] < ESP32: 0
2026-07-11 14:12:24 [INFO] < ESP32: 0
2026-07-11 14:12:24 [INFO] < ESP32: 0
2026-07-11 14:12:24 [INFO] < ESP32: 0
2026-07-11 14:12:24 [INFO] < ESP32: 2047
2026-07-11 14:12:24 [INFO] < ESP32: 65535
2026-07-11 14:12:24 [INFO] < ESP32: 63488
2026-07-11 14:12:24 [INFO] < ESP32: 0
2026-07-11 14:12:24 [INFO] < ESP32: 0
2026-07-11 14:12:24 [INFO] < ESP32: 0
2026-07-11 14:12:24 [INFO] < ESP32: 0
2026-07-11 14:12:24 [INFO] < ESP32: 0
2026-07-11 14:12:24 [INFO] < ESP32: 0
2026-07-11 14:12:24 [INFO] < ESP32: 0
2026-07-11 14:12:24 [INFO] < ESP32: 0
2026-07-11 14:12:24 [INFO] < ESP32: 0
2026-07-11 14:12:24 [INFO] < ESP32: 0
2026-07-11 14:12:24 [INFO] < ESP32: 0
2026-07-11 14:12:24 [INFO] < ESP32: 0
2026-07-11 14:12:24 [INFO] < ESP32: 0
2026-07-11 14:12:24 [INFO] < ESP32: 0
2026-07-11 14:12:24 [INFO] < ESP32: 0
2026-07-11 14:12:24 [INFO] < ESP32: 0
2026-07-11 14:12:24 [INFO] < ESP32: 0
2026-07-11 14:12:24 [INFO] < ESP32: 0
2026-07-11 14:12:24 [INFO] < ESP32: 0
2026-07-11 14:12:24 [INFO] < ESP32: 0
2026-07-11 14:12:24 [INFO] < ESP32: 0
2026-07-11 14:12:24 [INFO] < ESP32: 0
2026-07-11 14:12:24 [INFO] < ESP32: 0
2026-07-11 14:12:24 [INFO] < ESP32: 0
2026-07-11 14:12:24 [INFO] < ESP32: 0
2026-07-11 14:12:24 [INFO] < ESP32: 0
2026-07-11 14:12:24 [INFO] < ESP32: 0
2026-07-11 14:12:24 [INFO] < ESP32: 0
2026-07-11 14:12:24 [INFO] < ESP32: 2047
2026-07-11 14:12:24 [INFO] < ESP32: 65535
2026-07-11 14:12:24 [INFO] < ESP32: 65535
2026-07-11 14:12:24 [INFO] < ESP32: 65535
2026-07-11 14:12:24 [INFO] < ESP32: 63488
2026-07-11 14:12:24 [INFO] < ESP32: 0
2026-07-11 14:12:24 [INFO] < ESP32: 0
2026-07-11 14:12:24 [INFO] < ESP32: 2047
2026-07-11 14:12:24 [INFO] < ESP32: 65535
2026-07-11 14:12:24 [INFO] < ESP32: 63488
2026-07-11 14:12:24 [INFO] < ESP32: 0
2026-07-11 14:12:24 [INFO] < ESP32: 2047
2026-07-11 14:12:24 [INFO] < ESP32: 65535
2026-07-11 14:12:24 [INFO] < ESP32: 63488
2026-07-11 14:12:24 [INFO] < ESP32: 0
2026-07-11 14:12:24 [INFO] < ESP32: 2047
2026-07-11 14:12:24 [INFO] < ESP32: 65535
2026-07-11 14:12:24 [INFO] < ESP32: 65535
2026-07-11 14:12:24 [INFO] < ESP32: 65535
2026-07-11 14:12:24 [INFO] < ESP32: 65535
2026-07-11 14:12:24 [INFO] < ESP32: 65535
2026-07-11 14:12:24 [INFO] < ESP32: 63488
2026-07-11 14:12:24 [INFO] < ESP32: 0
2026-07-11 14:12:24 [INFO] < ESP32: 2047
2026-07-11 14:12:24 [INFO] < ESP32: 65535
2026-07-11 14:12:24 [INFO] < ESP32: 63488
2026-07-11 14:12:24 [INFO] < ESP32: 0
2026-07-11 14:12:24 [INFO] < ESP32: 0
2026-07-11 14:12:24 [INFO] < ESP32: 0
2026-07-11 14:12:24 [INFO] < ESP32: 0
2026-07-11 14:12:24 [INFO] < ESP32: 0
2026-07-11 14:12:24 [INFO] < ESP32: 0
2026-07-11 14:12:24 [INFO] < ESP32: 2047
2026-07-11 14:12:24 [INFO] < ESP32: 65535
2026-07-11 14:12:24 [INFO] < ESP32: 65535
2026-07-11 14:12:24 [INFO] < ESP32: 65535
2026-07-11 14:12:24 [INFO] < ESP32: 63488
2026-07-11 14:12:24 [INFO] < ESP32: 0
2026-07-11 14:12:24 [INFO] < ESP32: 0
2026-07-11 14:12:24 [INFO] < ESP32: 0
2026-07-11 14:12:24 [INFO] < ESP32: 0
2026-07-11 14:12:24 [INFO] < ESP32: 0
2026-07-11 14:12:24 [INFO] < ESP32: 0
2026-07-11 14:12:24 [INFO] < ESP32: 0
2026-07-11 14:12:24 [INFO] < ESP32: 0
2026-07-11 14:12:24 [INFO] < ESP32: 0
2026-07-11 14:12:24 [INFO] < ESP32: 0
2026-07-11 14:12:24 [INFO] < ESP32: 0
2026-07-11 14:12:24 [INFO] < ESP32: 0
2026-07-11 14:12:24 [INFO] < ESP32: 0
2026-07-11 14:12:24 [INFO] < ESP32: 2047
2026-07-11 14:12:24 [INFO] < ESP32: 65535
2026-07-11 14:12:24 [INFO] < ESP32: 65535
2026-07-11 14:12:24 [INFO] < ESP32: 63488
2026-07-11 14:12:24 [INFO] < ESP32: 0
2026-07-11 14:12:24 [INFO] < ESP32: 0
2026-07-11 14:12:24 [INFO] < ESP32: 0
2026-07-11 14:12:24 [INFO] < ESP32: 0
2026-07-11 14:12:24 [INFO] < ESP32: 0
2026-07-11 14:12:24 [INFO] < ESP32: 2047
2026-07-11 14:12:24 [INFO] < ESP32: 65535
2026-07-11 14:12:24 [INFO] < ESP32: 63488
2026-07-11 14:12:24 [INFO] < ESP32: 0
2026-07-11 14:12:24 [INFO] < ESP32: 0
2026-07-11 14:12:24 [INFO] < ESP32: 0
2026-07-11 14:12:24 [INFO] < ESP32: 0
2026-07-11 14:12:24 [INFO] < ESP32: 0
2026-07-11 14:12:24 [INFO] < ESP32: 2047
2026-07-11 14:12:24 [INFO] < ESP32: 65535
2026-07-11 14:12:24 [INFO] < ESP32: 63488
2026-07-11 14:12:24 [INFO] < ESP32: 0
2026-07-11 14:12:24 [INFO] < ESP32: 0
2026-07-11 14:12:24 [INFO] < ESP32: 2047
2026-07-11 14:12:24 [INFO] < ESP32: 65535
2026-07-11 14:12:24 [INFO] < ESP32: 65535
2026-07-11 14:12:24 [INFO] < ESP32: 65535
2026-07-11 14:12:24 [INFO] < ESP32: 65535
2026-07-11 14:12:24 [INFO] < ESP32: 63488
2026-07-11 14:12:24 [INFO] < ESP32: 0
2026-07-11 14:12:24 [INFO] < ESP32: 2047
2026-07-11 14:12:24 [INFO] < ESP32: 65535
2026-07-11 14:12:24 [INFO] < ESP32: 63488
2026-07-11 14:12:24 [INFO] < ESP32: 0
2026-07-11 14:12:24 [INFO] < ESP32: 2047
2026-07-11 14:12:24 [INFO] < ESP32: 65535
2026-07-11 14:12:24 [INFO] < ESP32: 63488
2026-07-11 14:12:24 [INFO] < ESP32: 0
2026-07-11 14:12:24 [INFO] < ESP32: 2047
2026-07-11 14:12:24 [INFO] < ESP32: 65535
2026-07-11 14:12:24 [INFO] < ESP32: 63488
2026-07-11 14:12:24 [INFO] < ESP32: 0
2026-07-11 14:12:24 [INFO] < ESP32: 2047
2026-07-11 14:12:24 [INFO] < ESP32: 65535
2026-07-11 14:12:24 [INFO] < ESP32: 63488
2026-07-11 14:12:24 [INFO] < ESP32: 0
2026-07-11 14:12:24 [INFO] < ESP32: 0
2026-07-11 14:12:24 [INFO] < ESP32: 2047
2026-07-11 14:12:24 [INFO] < ESP32: 65535
2026-07-11 14:12:24 [INFO] < ESP32: 65535
2026-07-11 14:12:24 [INFO] < ESP32: 63488
2026-07-11 14:12:24 [INFO] < ESP32: 2047
2026-07-11 14:12:24 [INFO] < ESP32: 65535
2026-07-11 14:12:24 [INFO] < ESP32: 63488
2026-07-11 14:12:24 [INFO] < ESP32: 0
2026-07-11 14:12:24 [INFO] < ESP32: 0
2026-07-11 14:12:24 [INFO] < ESP32: 0
2026-07-11 14:12:24 [INFO] < ESP32: 0
2026-07-11 14:12:24 [INFO] < ESP32: 0
2026-07-11 14:12:24 [INFO] < ESP32: 0
2026-07-11 14:12:24 [INFO] > Sent: UP:w
2026-07-11 14:12:24 [INFO] < ESP32: 0
2026-07-11 14:12:24 [INFO] < ESP32: 0
2026-07-11 14:12:24 [INFO] < ESP32: 0
2026-07-11 14:12:24 [INFO] < ESP32: 0
2026-07-11 14:12:24 [INFO] < ESP32: 0
2026-07-11 14:12:24 [INFO] < ESP32: 0
2026-07-11 14:12:24 [INFO] < ESP32: 0
2026-07-11 14:12:24 [INFO] < ESP32: 0
2026-07-11 14:12:24 [INFO] < ESP32: 0
2026-07-11 14:12:24 [INFO] < ESP32: 0
2026-07-11 14:12:24 [INFO] < ESP32: 0
2026-07-11 14:12:24 [INFO] < ESP32: 0
2026-07-11 14:12:24 [INFO] < ESP32: 2047
2026-07-11 14:12:24 [INFO] < ESP32: 65535
2026-07-11 14:12:24 [INFO] < ESP32: 63488
2026-07-11 14:12:24 [INFO] < ESP32: 0
2026-07-11 14:12:24 [INFO] < ESP32: 0
2026-07-11 14:12:24 [INFO] < ESP32: 0
2026-07-11 14:12:24 [INFO] < ESP32: 0
2026-07-11 14:12:24 [INFO] < ESP32: 0
2026-07-11 14:12:24 [INFO] < ESP32: 2047
2026-07-11 14:12:24 [INFO] < ESP32: 65535
2026-07-11 14:12:24 [INFO] < ESP32: 63488
2026-07-11 14:12:24 [INFO] < ESP32: 0
2026-07-11 14:12:24 [INFO] < ESP32: 0
2026-07-11 14:12:24 [INFO] < ESP32: 0
2026-07-11 14:12:24 [INFO] < ESP32: 0
2026-07-11 14:12:24 [INFO] < ESP32: 0
2026-07-11 14:12:24 [INFO] < ESP32: 0
2026-07-11 14:12:24 [INFO] < ESP32: 0
2026-07-11 14:12:24 [INFO] < ESP32: 0
2026-07-11 14:12:24 [INFO] < ESP32: 0
2026-07-11 14:12:24 [INFO] < ESP32: 0
2026-07-11 14:12:24 [INFO] < ESP32: 0
2026-07-11 14:12:24 [INFO] < ESP32: 0
2026-07-11 14:12:24 [INFO] < ESP32: 0
2026-07-11 14:12:24 [INFO] < ESP32: 0
2026-07-11 14:12:24 [INFO] < ESP32: 0
2026-07-11 14:12:24 [INFO] < ESP32: 0
2026-07-11 14:12:24 [INFO] < ESP32: 0
2026-07-11 14:12:24 [INFO] < ESP32: 0
2026-07-11 14:12:24 [INFO] < ESP32: 0
2026-07-11 14:12:24 [INFO] < ESP32: 0
2026-07-11 14:12:24 [INFO] < ESP32: 0
2026-07-11 14:12:24 [INFO] < ESP32: 2047
2026-07-11 14:12:24 [INFO] < ESP32: 65535
2026-07-11 14:12:24 [INFO] < ESP32: 63488
2026-07-11 14:12:24 [INFO] < ESP32: 0
2026-07-11 14:12:24 [INFO] < ESP32: 0
2026-07-11 14:12:24 [INFO] < ESP32: 0
2026-07-11 14:12:24 [INFO] < ESP32: 0
2026-07-11 14:12:24 [INFO] < ESP32: 0
2026-07-11 14:12:24 [INFO] < ESP32: 2047
2026-07-11 14:12:24 [INFO] < ESP32: 65535
2026-07-11 14:12:24 [INFO] < ESP32: 63488
2026-07-11 14:12:24 [INFO] < ESP32: 0
2026-07-11 14:12:24 [INFO] < ESP32: 0
2026-07-11 14:12:24 [INFO] < ESP32: 0
2026-07-11 14:12:24 [INFO] < ESP32: 0
2026-07-11 14:12:24 [INFO] < ESP32: 0
2026-07-11 14:12:24 [INFO] < ESP32: 0
2026-07-11 14:12:24 [INFO] < ESP32: 0
2026-07-11 14:12:24 [INFO] < ESP32: 0
2026-07-11 14:12:24 [INFO] < ESP32: 0
2026-07-11 14:12:24 [INFO] < ESP32: 0
2026-07-11 14:12:24 [INFO] < ESP32: 0
2026-07-11 14:12:24 [INFO] < ESP32: 0
2026-07-11 14:12:24 [INFO] < ESP32: 0
2026-07-11 14:12:24 [INFO] < ESP32: 0
2026-07-11 14:12:24 [INFO] < ESP32: 0
2026-07-11 14:12:24 [INFO] < ESP32: 0
2026-07-11 14:12:24 [INFO] < ESP32: 0
2026-07-11 14:12:24 [INFO] < ESP32: 0
2026-07-11 14:12:24 [INFO] < ESP32: 0
2026-07-11 14:12:24 [INFO] < ESP32: 0
2026-07-11 14:12:24 [INFO] < ESP32: 0
2026-07-11 14:12:24 [INFO] < ESP32: 0
2026-07-11 14:12:24 [INFO] < ESP32: 0
2026-07-11 14:12:24 [INFO] < ESP32: 0
2026-07-11 14:12:24 [INFO] < ESP32: 0
2026-07-11 14:12:24 [INFO] < ESP32: 0
2026-07-11 14:12:24 [INFO] < ESP32: 0
2026-07-11 14:12:24 [INFO] < ESP32: 0
2026-07-11 14:12:24 [INFO] < ESP32: 0
2026-07-11 14:12:24 [INFO] < ESP32: 0
2026-07-11 14:12:24 [INFO] < ESP32: 0
2026-07-11 14:12:24 [INFO] < ESP32: 0
2026-07-11 14:12:24 [INFO] < ESP32: 0
2026-07-11 14:12:24 [INFO] < ESP32: 0
2026-07-11 14:12:24 [INFO] < ESP32: 0
2026-07-11 14:12:24 [INFO] < ESP32: 0
2026-07-11 14:12:24 [INFO] < ESP32: 0
2026-07-11 14:12:24 [INFO] < ESP32: 0
2026-07-11 14:12:24 [INFO] < ESP32: 0
2026-07-11 14:12:24 [INFO] < ESP32: 0
2026-07-11 14:12:24 [INFO] < ESP32: 0
2026-07-11 14:12:24 [INFO] < ESP32: 0
2026-07-11 14:12:24 [INFO] < ESP32: 0
2026-07-11 14:12:24 [INFO] < ESP32: 0
2026-07-11 14:12:24 [INFO] < ESP32: 0
2026-07-11 14:12:24 [INFO] < ESP32: 0
2026-07-11 14:12:24 [INFO] < ESP32: 0
2026-07-11 14:12:24 [INFO] < ESP32: 0
2026-07-11 14:12:24 [INFO] < ESP32: 0
2026-07-11 14:12:24 [INFO] < ESP32: 0
2026-07-11 14:12:24 [INFO] < ESP32: 0
2026-07-11 14:12:24 [INFO] < ESP32: 0
2026-07-11 14:12:24 [INFO] < ESP32: 0
2026-07-11 14:12:24 [INFO] < ESP32: 0
2026-07-11 14:12:24 [INFO] < ESP32: 0
2026-07-11 14:12:24 [INFO] < ESP32: 0
2026-07-11 14:12:24 [INFO] < ESP32: 0
2026-07-11 14:12:24 [INFO] < ESP32: 0
2026-07-11 14:12:24 [INFO] < ESP32: 0
2026-07-11 14:12:24 [INFO] < ESP32: 0
2026-07-11 14:12:24 [INFO] < ESP32: 0
2026-07-11 14:12:24 [INFO] < ESP32: 0
2026-07-11 14:12:24 [INFO] < ESP32: 0
2026-07-11 14:12:24 [INFO] < ESP32: 0
2026-07-11 14:12:24 [INFO] < ESP32: 0
2026-07-11 14:12:24 [INFO] < ESP32: 0
2026-07-11 14:12:24 [INFO] < ESP32: 0
2026-07-11 14:12:24 [INFO] < ESP32: 0
2026-07-11 14:12:24 [INFO] < ESP32: 0
2026-07-11 14:12:24 [INFO] < ESP32: 0
2026-07-11 14:12:24 [INFO] < ESP32: 0
2026-07-11 14:12:24 [INFO] < ESP32: 0
2026-07-11 14:12:24 [INFO] < ESP32: 0
2026-07-11 14:12:24 [INFO] < ESP32: 0
2026-07-11 14:12:24 [INFO] < ESP32: 0
2026-07-11 14:12:24 [INFO] < ESP32: 0
2026-07-11 14:12:24 [INFO] < ESP32: 0
2026-07-11 14:12:24 [INFO] < ESP32: 0
2026-07-11 14:12:24 [INFO] < ESP32: 0
2026-07-11 14:12:24 [INFO] < ESP32: 0
2026-07-11 14:12:24 [INFO] < ESP32: 0
2026-07-11 14:12:24 [INFO] < ESP32: 0
2026-07-11 14:12:24 [INFO] < ESP32: 0
2026-07-11 14:12:24 [INFO] < ESP32: 0
2026-07-11 14:12:24 [INFO] < ESP32: 0
2026-07-11 14:12:24 [INFO] < ESP32: 0
2026-07-11 14:12:24 [INFO] < ESP32: 0
2026-07-11 14:12:24 [INFO] < ESP32: 0
2026-07-11 14:12:24 [INFO] < ESP32: 0
2026-07-11 14:12:24 [INFO] < ESP32: 0
2026-07-11 14:12:24 [INFO] < ESP32: 0
2026-07-11 14:12:24 [INFO] < ESP32: 2047
2026-07-11 14:12:24 [INFO] < ESP32: 65535
2026-07-11 14:12:24 [INFO] < ESP32: 65535
2026-07-11 14:12:24 [INFO] < ESP32: 65535
2026-07-11 14:12:24 [INFO] < ESP32: 65535
2026-07-11 14:12:24 [INFO] < ESP32: 65535
2026-07-11 14:12:24 [INFO] < ESP32: 65535
2026-07-11 14:12:24 [INFO] < ESP32: 63488
2026-07-11 14:12:24 [INFO] < ESP32: 2047
2026-07-11 14:12:24 [INFO] < ESP32: 65535
2026-07-11 14:12:24 [INFO] < ESP32: 63488
2026-07-11 14:12:24 [INFO] < ESP32: 2047
2026-07-11 14:12:24 [INFO] < ESP32: 65535
2026-07-11 14:12:24 [INFO] < ESP32: 65535
2026-07-11 14:12:24 [INFO] < ESP32: 65535
2026-07-11 14:12:24 [INFO] < ESP32: 63488
2026-07-11 14:12:24 [INFO] < ESP32: 2047
2026-07-11 14:12:24 [INFO] < ESP32: 65535
2026-07-11 14:12:24 [INFO] < ESP32: 65535
2026-07-11 14:12:24 [INFO] < ESP32: 65535
2026-07-11 14:12:24 [INFO] < ESP32: 65535
2026-07-11 14:12:24 [INFO] < ESP32: 65535
2026-07-11 14:12:24 [INFO] < ESP32: 65535
2026-07-11 14:12:24 [INFO] < ESP32: 63488
2026-07-11 14:12:24 [INFO] < ESP32: 2047
2026-07-11 14:12:24 [INFO] < ESP32: 65535
2026-07-11 14:12:24 [INFO] < ESP32: 65535
2026-07-11 14:12:24 [INFO] < ESP32: 65535
2026-07-11 14:12:24 [INFO] < ESP32: 65535
2026-07-11 14:12:24 [INFO] < ESP32: 65535
2026-07-11 14:12:24 [INFO] < ESP32: 65535
2026-07-11 14:12:24 [INFO] < ESP32: 63488
2026-07-11 14:12:24 [INFO] < ESP32: 0
2026-07-11 14:12:24 [INFO] < ESP32: 2047
2026-07-11 14:12:24 [INFO] < ESP32: 65535
2026-07-11 14:12:24 [INFO] < ESP32: 65535
2026-07-11 14:12:24 [INFO] < ESP32: 65535
2026-07-11 14:12:24 [INFO] < ESP32: 65535
2026-07-11 14:12:24 [INFO] < ESP32: 65535
2026-07-11 14:12:24 [INFO] < ESP32: 63488
2026-07-11 14:12:24 [INFO] < ESP32: 0
2026-07-11 14:12:24 [INFO] < ESP32: 0
2026-07-11 14:12:24 [INFO] < ESP32: 0
2026-07-11 14:12:24 [INFO] < ESP32: 0
2026-07-11 14:12:24 [INFO] < ESP32: 0
2026-07-11 14:12:24 [INFO] < ESP32: 0
2026-07-11 14:12:24 [INFO] < ESP32: 0
2026-07-11 14:12:24 [INFO] < ESP32: 0
2026-07-11 14:12:24 [INFO] < ESP32: 0
2026-07-11 14:12:24 [INFO] < ESP32: 0
2026-07-11 14:12:24 [INFO] < ESP32: 0
2026-07-11 14:12:24 [INFO] < ESP32: 0
2026-07-11 14:12:24 [INFO] < ESP32: 0
2026-07-11 14:12:24 [INFO] < ESP32: 0
2026-07-11 14:12:24 [INFO] < ESP32: 0
2026-07-11 14:12:24 [INFO] < ESP32: 0
2026-07-11 14:12:24 [INFO] < ESP32: 0
2026-07-11 14:12:24 [INFO] < ESP32: 0
2026-07-11 14:12:24 [INFO] < ESP32: 0
2026-07-11 14:12:24 [INFO] < ESP32: 0
2026-07-11 14:12:24 [INFO] < ESP32: 0
2026-07-11 14:12:24 [INFO] < ESP32: 0
2026-07-11 14:12:24 [INFO] < ESP32: 0
2026-07-11 14:12:24 [INFO] < ESP32: 0
2026-07-11 14:12:24 [INFO] < ESP32: 0
2026-07-11 14:12:24 [INFO] < ESP32: 0
2026-07-11 14:12:24 [INFO] < ESP32: 0
2026-07-11 14:12:24 [INFO] < ESP32: 0
2026-07-11 14:12:24 [INFO] < ESP32: 0
2026-07-11 14:12:24 [INFO] < ESP32: 0
2026-07-11 14:12:24 [INFO] < ESP32: 0
2026-07-11 14:12:24 [INFO] < ESP32: 0
2026-07-11 14:12:24 [INFO] < ESP32: 0
2026-07-11 14:12:24 [INFO] < ESP32: 0
2026-07-11 14:12:24 [INFO] < ESP32: 0
2026-07-11 14:12:24 [INFO] < ESP32: 0
2026-07-11 14:12:24 [INFO] < ESP32: 0
2026-07-11 14:12:24 [INFO] < ESP32: 0
2026-07-11 14:12:24 [INFO] < ESP32: 0
2026-07-11 14:12:24 [INFO] < ESP32: 0
2026-07-11 14:12:24 [INFO] < ESP32: 0
2026-07-11 14:12:24 [INFO] < ESP32: 0
2026-07-11 14:12:24 [INFO] < ESP32: 0
2026-07-11 14:12:24 [INFO] < ESP32: 0
2026-07-11 14:12:24 [INFO] < ESP32: 0
2026-07-11 14:12:24 [INFO] < ESP32: 0
2026-07-11 14:12:24 [INFO] < ESP32: 0
2026-07-11 14:12:24 [INFO] < ESP32: 0
2026-07-11 14:12:24 [INFO] < ESP32: 0
2026-07-11 14:12:24 [INFO] < ESP32: 0
2026-07-11 14:12:24 [INFO] < ESP32: 0
2026-07-11 14:12:24 [INFO] < ESP32: 0
2026-07-11 14:12:24 [INFO] < ESP32: 0
2026-07-11 14:12:24 [INFO] < ESP32: 0
2026-07-11 14:12:24 [INFO] < ESP32: 0
2026-07-11 14:12:24 [INFO] < ESP32: 0
2026-07-11 14:12:24 [INFO] < ESP32: 0
2026-07-11 14:12:24 [INFO] < ESP32: 0
2026-07-11 14:12:24 [INFO] < ESP32: 0
2026-07-11 14:12:24 [INFO] < ESP32: 0
2026-07-11 14:12:24 [INFO] < ESP32: 0
2026-07-11 14:12:24 [INFO] < ESP32: 0
2026-07-11 14:12:24 [INFO] < ESP32: 0
2026-07-11 14:12:24 [INFO] < ESP32: 0
2026-07-11 14:12:24 [INFO] < ESP32: 0
2026-07-11 14:12:24 [INFO] < ESP32: 0
2026-07-11 14:12:24 [INFO] < ESP32: 0
2026-07-11 14:12:24 [INFO] < ESP32: 0
2026-07-11 14:12:24 [INFO] < ESP32: 0
2026-07-11 14:12:24 [INFO] < ESP32: 0
2026-07-11 14:12:24 [INFO] < ESP32: 0
2026-07-11 14:12:24 [INFO] < ESP32: 0
2026-07-11 14:12:24 [INFO] < ESP32: 2047
2026-07-11 14:12:24 [INFO] < ESP32: 65535
2026-07-11 14:12:24 [INFO] < ESP32: 65535
2026-07-11 14:12:24 [INFO] < ESP32: 65535
2026-07-11 14:12:24 [INFO] < ESP32: 65535
2026-07-11 14:12:24 [INFO] < ESP32: 63488
2026-07-11 14:12:24 [INFO] < ESP32: 0
2026-07-11 14:12:24 [INFO] < ESP32: 0
2026-07-11 14:12:24 [INFO] < ESP32: 0
2026-07-11 14:12:24 [INFO] < ESP32: 2047
2026-07-11 14:12:24 [INFO] < ESP32: 65535
2026-07-11 14:12:24 [INFO] < ESP32: 63488
2026-07-11 14:12:24 [INFO] < ESP32: 2047
2026-07-11 14:12:24 [INFO] < ESP32: 65535
2026-07-11 14:12:24 [INFO] < ESP32: 63488
2026-07-11 14:12:24 [INFO] < ESP32: 0
2026-07-11 14:12:24 [INFO] < ESP32: 0
2026-07-11 14:12:24 [INFO] < ESP32: 2047
2026-07-11 14:12:24 [INFO] < ESP32: 65535
2026-07-11 14:12:24 [INFO] < ESP32: 63488
2026-07-11 14:12:24 [INFO] < ESP32: 0
2026-07-11 14:12:24 [INFO] < ESP32: 2047
2026-07-11 14:12:24 [INFO] < ESP32: 65535
2026-07-11 14:12:24 [INFO] < ESP32: 63488
2026-07-11 14:12:24 [INFO] < ESP32: 0
2026-07-11 14:12:24 [INFO] < ESP32: 2047
2026-07-11 14:12:24 [INFO] < ESP32: 65535
2026-07-11 14:12:24 [INFO] < ESP32: 63488
2026-07-11 14:12:24 [INFO] < ESP32: 0
2026-07-11 14:12:24 [INFO] < ESP32: 2047
2026-07-11 14:12:24 [INFO] < ESP32: 65535
2026-07-11 14:12:24 [INFO] < ESP32: 63488
2026-07-11 14:12:24 [INFO] < ESP32: 0
2026-07-11 14:12:24 [INFO] < ESP32: 2047
2026-07-11 14:12:24 [INFO] < ESP32: 65535
2026-07-11 14:12:24 [INFO] < ESP32: 63488
2026-07-11 14:12:24 [INFO] < ESP32: 0
2026-07-11 14:12:24 [INFO] < ESP32: 2047
2026-07-11 14:12:24 [INFO] < ESP32: 65535
2026-07-11 14:12:24 [INFO] < ESP32: 63488
2026-07-11 14:12:24 [INFO] < ESP32: 0
2026-07-11 14:12:24 [INFO] < ESP32: 2047
2026-07-11 14:12:24 [INFO] < ESP32: 65535
2026-07-11 14:12:24 [INFO] < ESP32: 63488
2026-07-11 14:12:24 [INFO] < ESP32: 2047
2026-07-11 14:12:24 [INFO] < ESP32: 65535
2026-07-11 14:12:24 [INFO] < ESP32: 63488
2026-07-11 14:12:24 [INFO] < ESP32: 0
2026-07-11 14:12:24 [INFO] < ESP32: 2047
2026-07-11 14:12:24 [INFO] < ESP32: 65535
2026-07-11 14:12:24 [INFO] < ESP32: 65535
2026-07-11 14:12:24 [INFO] < ESP32: 65535
2026-07-11 14:12:24 [INFO] < ESP32: 65535
2026-07-11 14:12:24 [INFO] < ESP32: 63488
2026-07-11 14:12:24 [INFO] < ESP32: 0
2026-07-11 14:12:24 [INFO] < ESP32: 0
2026-07-11 14:12:24 [INFO] < ESP32: 0
2026-07-11 14:12:24 [INFO] < ESP32: 0
2026-07-11 14:12:24 [INFO] < ESP32: 0
2026-07-11 14:12:24 [INFO] < ESP32: 0
2026-07-11 14:12:24 [INFO] < ESP32: 0
2026-07-11 14:12:24 [INFO] < ESP32: 0
2026-07-11 14:12:24 [INFO] < ESP32: 0
2026-07-11 14:12:24 [INFO] < ESP32: 0
2026-07-11 14:12:24 [INFO] < ESP32: 0
2026-07-11 14:12:24 [INFO] < ESP32: 0
2026-07-11 14:12:24 [INFO] < ESP32: 0
2026-07-11 14:12:24 [INFO] < ESP32: 0
2026-07-11 14:12:24 [INFO] < ESP32: 0
2026-07-11 14:12:24 [INFO] < ESP32: 0
2026-07-11 14:12:24 [INFO] < ESP32: 0
2026-07-11 14:12:24 [INFO] < ESP32: 0
2026-07-11 14:12:24 [INFO] < ESP32: 0
2026-07-11 14:12:24 [INFO] < ESP32: 0
2026-07-11 14:12:24 [INFO] < ESP32: 0
2026-07-11 14:12:24 [INFO] < ESP32: 0
2026-07-11 14:12:24 [INFO] < ESP32: 0
2026-07-11 14:12:24 [INFO] < ESP32: 0
2026-07-11 14:12:24 [INFO] < ESP32: 0
2026-07-11 14:12:24 [INFO] < ESP32: 0
2026-07-11 14:12:24 [INFO] < ESP32: 0
2026-07-11 14:12:24 [INFO] < ESP32: 2047
2026-07-11 14:12:24 [INFO] < ESP32: 65535
2026-07-11 14:12:24 [INFO] < ESP32: 65535
2026-07-11 14:12:24 [INFO] < ESP32: 65535
2026-07-11 14:12:24 [INFO] < ESP32: 63488
2026-07-11 14:12:24 [INFO] < ESP32: 0
2026-07-11 14:12:24 [INFO] < ESP32: 0
2026-07-11 14:12:24 [INFO] < ESP32: 2047
2026-07-11 14:12:24 [INFO] < ESP32: 65535
2026-07-11 14:12:24 [INFO] < ESP32: 63488
2026-07-11 14:12:24 [INFO] < ESP32: 0
2026-07-11 14:12:24 [INFO] < ESP32: 2047
2026-07-11 14:12:24 [INFO] < ESP32: 65535
2026-07-11 14:12:24 [INFO] < ESP32: 63488
2026-07-11 14:12:24 [INFO] < ESP32: 0
2026-07-11 14:12:24 [INFO] < ESP32: 2047
2026-07-11 14:12:24 [INFO] < ESP32: 65535
2026-07-11 14:12:24 [INFO] < ESP32: 63488
2026-07-11 14:12:24 [INFO] < ESP32: 0
2026-07-11 14:12:24 [INFO] < ESP32: 2047
2026-07-11 14:12:24 [INFO] < ESP32: 65535
2026-07-11 14:12:24 [INFO] < ESP32: 63488
2026-07-11 14:12:24 [INFO] < ESP32: 0
2026-07-11 14:12:24 [INFO] < ESP32: 2047
2026-07-11 14:12:24 [INFO] < ESP32: 65535
2026-07-11 14:12:24 [INFO] < ESP32: 63488
2026-07-11 14:12:24 [INFO] < ESP32: 0
2026-07-11 14:12:24 [INFO] < ESP32: 2047
2026-07-11 14:12:24 [INFO] < ESP32: 65535
2026-07-11 14:12:24 [INFO] < ESP32: 63488
2026-07-11 14:12:24 [INFO] < ESP32: 0
2026-07-11 14:12:24 [INFO] < ESP32: 0
2026-07-11 14:12:24 [INFO] < ESP32: 2047
2026-07-11 14:12:24 [INFO] < ESP32: 65535
2026-07-11 14:12:24 [INFO] < ESP32: 65535
2026-07-11 14:12:24 [INFO] < ESP32: 65535
2026-07-11 14:12:24 [INFO] < ESP32: 63488
2026-07-11 14:12:24 [INFO] < ESP32: 0
2026-07-11 14:12:24 [INFO] < ESP32: 0
2026-07-11 14:12:24 [INFO] < ESP32: 0
2026-07-11 14:12:24 [INFO] < ESP32: 0
2026-07-11 14:12:24 [INFO] < ESP32: 0
2026-07-11 14:12:24 [INFO] < ESP32: 0
2026-07-11 14:12:24 [INFO] < ESP32: 0
2026-07-11 14:12:24 [INFO] < ESP32: 0
2026-07-11 14:12:24 [INFO] < ESP32: 0
2026-07-11 14:12:24 [INFO] < ESP32: 0
2026-07-11 14:12:24 [INFO] < ESP32: 0
2026-07-11 14:12:24 [INFO] < ESP32: 0
2026-07-11 14:12:24 [INFO] < ESP32: 0
2026-07-11 14:12:24 [INFO] < ESP32: 0
2026-07-11 14:12:24 [INFO] < ESP32: 0
2026-07-11 14:12:24 [INFO] < ESP32: 0
2026-07-11 14:12:24 [INFO] < ESP32: 0
2026-07-11 14:12:24 [INFO] < ESP32: 0
2026-07-11 14:12:24 [INFO] < ESP32: 0
2026-07-11 14:12:24 [INFO] < ESP32: 0
2026-07-11 14:12:24 [INFO] < ESP32: 0
2026-07-11 14:12:24 [INFO] < ESP32: 0
2026-07-11 14:12:24 [INFO] < ESP32: 0
2026-07-11 14:12:24 [INFO] < ESP32: 0
2026-07-11 14:12:24 [INFO] < ESP32: 0
2026-07-11 14:12:24 [INFO] < ESP32: 0
2026-07-11 14:12:24 [INFO] < ESP32: 2047
2026-07-11 14:12:24 [INFO] < ESP32: 65535
2026-07-11 14:12:24 [INFO] < ESP32: 63488
2026-07-11 14:12:24 [INFO] < ESP32: 0
2026-07-11 14:12:24 [INFO] < ESP32: 0
2026-07-11 14:12:24 [INFO] < ESP32: 2047
2026-07-11 14:12:24 [INFO] < ESP32: 65535
2026-07-11 14:12:24 [INFO] < ESP32: 63488
2026-07-11 14:12:24 [INFO] < ESP32: 2047
2026-07-11 14:12:24 [INFO] < ESP32: 65535
2026-07-11 14:12:24 [INFO] < ESP32: 63488
2026-07-11 14:12:24 [INFO] < ESP32: 2047
2026-07-11 14:12:24 [INFO] < ESP32: 63488
2026-07-11 14:12:24 [INFO] < ESP32: 2047
2026-07-11 14:12:24 [INFO] < ESP32: 65535
2026-07-11 14:12:24 [INFO] < ESP32: 63488
2026-07-11 14:12:24 [INFO] < ESP32: 2047
2026-07-11 14:12:24 [INFO] < ESP32: 65535
2026-07-11 14:12:24 [INFO] < ESP32: 65535
2026-07-11 14:12:24 [INFO] < ESP32: 65535
2026-07-11 14:12:24 [INFO] < ESP32: 65535
2026-07-11 14:12:24 [INFO] < ESP32: 65535
2026-07-11 14:12:24 [INFO] < ESP32: 65535
2026-07-11 14:12:24 [INFO] < ESP32: 63488
2026-07-11 14:12:24 [INFO] < ESP32: 2047
2026-07-11 14:12:24 [INFO] < ESP32: 65535
2026-07-11 14:12:24 [INFO] < ESP32: 65535
2026-07-11 14:12:24 [INFO] < ESP32: 65535
2026-07-11 14:12:24 [INFO] < ESP32: 65535
2026-07-11 14:12:24 [INFO] < ESP32: 65535
2026-07-11 14:12:24 [INFO] < ESP32: 65535
2026-07-11 14:12:24 [INFO] < ESP32: 63488
2026-07-11 14:12:24 [INFO] < ESP32: 0
2026-07-11 14:12:24 [INFO] < ESP32: 2047
2026-07-11 14:12:24 [INFO] < ESP32: 65535
2026-07-11 14:12:24 [INFO] < ESP32: 63488
2026-07-11 14:12:24 [INFO] < ESP32: 2047
2026-07-11 14:12:24 [INFO] < ESP32: 65535
2026-07-11 14:12:24 [INFO] < ESP32: 63488
2026-07-11 14:12:24 [INFO] < ESP32: 0
2026-07-11 14:12:24 [INFO] < ESP32: 0
2026-07-11 14:12:24 [INFO] < ESP32: 0
2026-07-11 14:12:24 [INFO] < ESP32: 0
2026-07-11 14:12:24 [INFO] < ESP32: 0
2026-07-11 14:12:24 [INFO] < ESP32: 0
2026-07-11 14:12:24 [INFO] < ESP32: 0
2026-07-11 14:12:24 [INFO] < ESP32: 0
2026-07-11 14:12:24 [INFO] < ESP32: 0
2026-07-11 14:12:24 [INFO] < ESP32: 0
2026-07-11 14:12:24 [INFO] < ESP32: 0
2026-07-11 14:12:24 [INFO] < ESP32: 0
2026-07-11 14:12:24 [INFO] < ESP32: 0
2026-07-11 14:12:24 [INFO] < ESP32: 0
2026-07-11 14:12:24 [INFO] < ESP32: 0
2026-07-11 14:12:24 [INFO] < ESP32: 0
2026-07-11 14:12:24 [INFO] < ESP32: 0
2026-07-11 14:12:24 [INFO] < ESP32: 0
2026-07-11 14:12:24 [INFO] < ESP32: 0
2026-07-11 14:12:24 [INFO] < ESP32: 0
2026-07-11 14:12:24 [INFO] < ESP32: 0
2026-07-11 14:12:24 [INFO] < ESP32: 0
2026-07-11 14:12:24 [INFO] < ESP32: 0
2026-07-11 14:12:24 [INFO] < ESP32: 0
2026-07-11 14:12:24 [INFO] < ESP32: 0
2026-07-11 14:12:24 [INFO] < ESP32: 2047
2026-07-11 14:12:24 [INFO] < ESP32: 65535
2026-07-11 14:12:24 [INFO] < ESP32: 65535
2026-07-11 14:12:24 [INFO] < ESP32: 65535
2026-07-11 14:12:24 [INFO] < ESP32: 65535
2026-07-11 14:12:24 [INFO] < ESP32: 63488
2026-07-11 14:12:24 [INFO] < ESP32: 0
2026-07-11 14:12:24 [INFO] < ESP32: 0
2026-07-11 14:12:24 [INFO] < ESP32: 2047
2026-07-11 14:12:24 [INFO] < ESP32: 65535
2026-07-11 14:12:24 [INFO] < ESP32: 63488
2026-07-11 14:12:24 [INFO] > Sent: DOWN:d
2026-07-11 14:12:24 [INFO] < ESP32: 0
2026-07-11 14:12:24 [INFO] < ESP32: 2047
2026-07-11 14:12:24 [INFO] < ESP32: 65535
2026-07-11 14:12:24 [INFO] < ESP32: 63488
2026-07-11 14:12:24 [INFO] < ESP32: 0
2026-07-11 14:12:24 [INFO] < ESP32: 2047
2026-07-11 14:12:24 [INFO] < ESP32: 65535
2026-07-11 14:12:24 [INFO] < ESP32: 63488
2026-07-11 14:12:24 [INFO] < ESP32: 0
2026-07-11 14:12:24 [INFO] < ESP32: 2047
2026-07-11 14:12:24 [INFO] < ESP32: 65535
2026-07-11 14:12:24 [INFO] < ESP32: 63488
2026-07-11 14:12:24 [INFO] < ESP32: 0
2026-07-11 14:12:24 [INFO] < ESP32: 2047
2026-07-11 14:12:24 [INFO] < ESP32: 65535
2026-07-11 14:12:24 [INFO] < ESP32: 63488
2026-07-11 14:12:24 [INFO] < ESP32: 0
2026-07-11 14:12:24 [INFO] < ESP32: 2047
2026-07-11 14:12:24 [INFO] < ESP32: 65535
2026-07-11 14:12:24 [INFO] < ESP32: 63488
2026-07-11 14:12:24 [INFO] < ESP32: 0
2026-07-11 14:12:24 [INFO] < ESP32: 2047
2026-07-11 14:12:24 [INFO] < ESP32: 65535
2026-07-11 14:12:24 [INFO] < ESP32: 63488
2026-07-11 14:12:24 [INFO] < ESP32: 0
2026-07-11 14:12:24 [INFO] < ESP32: 2047
2026-07-11 14:12:24 [INFO] < ESP32: 65535
2026-07-11 14:12:24 [INFO] < ESP32: 63488
2026-07-11 14:12:24 [INFO] < ESP32: 0
2026-07-11 14:12:24 [INFO] < ESP32: 0
2026-07-11 14:12:24 [INFO] < ESP32: 0
2026-07-11 14:12:24 [INFO] < ESP32: 0
2026-07-11 14:12:24 [INFO] < ESP32: 0
2026-07-11 14:12:24 [INFO] < ESP32: 0
2026-07-11 14:12:24 [INFO] < ESP32: 0
2026-07-11 14:12:24 [INFO] < ESP32: 0
2026-07-11 14:12:24 [INFO] < ESP32: 0
2026-07-11 14:12:24 [INFO] < ESP32: 2047
2026-07-11 14:12:24 [INFO] < ESP32: 65535
2026-07-11 14:12:24 [INFO] < ESP32: 65535
2026-07-11 14:12:24 [INFO] < ESP32: 65535
2026-07-11 14:12:24 [INFO] < ESP32: 65535
2026-07-11 14:12:24 [INFO] < ESP32: 65535
2026-07-11 14:12:24 [INFO] < ESP32: 63488
2026-07-11 14:12:24 [INFO] < ESP32: 0
2026-07-11 14:12:24 [INFO] < ESP32: 0
2026-07-11 14:12:24 [INFO] < ESP32: 2047
2026-07-11 14:12:24 [INFO] < ESP32: 65535
2026-07-11 14:12:24 [INFO] < ESP32: 63488
2026-07-11 14:12:24 [INFO] < ESP32: 0
2026-07-11 14:12:24 [INFO] < ESP32: 2047
2026-07-11 14:12:24 [INFO] < ESP32: 65535
2026-07-11 14:12:24 [INFO] < ESP32: 63488
2026-07-11 14:12:24 [INFO] < ESP32: 0
2026-07-11 14:12:24 [INFO] < ESP32: 2047
2026-07-11 14:12:24 [INFO] < ESP32: 65535
2026-07-11 14:12:24 [INFO] < ESP32: 63488
2026-07-11 14:12:24 [INFO] < ESP32: 0
2026-07-11 14:12:24 [INFO] < ESP32: 2047
2026-07-11 14:12:24 [INFO] < ESP32: 65535
2026-07-11 14:12:24 [INFO] < ESP32: 63488
2026-07-11 14:12:24 [INFO] < ESP32: 0
2026-07-11 14:12:24 [INFO] < ESP32: 2047
2026-07-11 14:12:24 [INFO] < ESP32: 65535
2026-07-11 14:12:24 [INFO] < ESP32: 65535
2026-07-11 14:12:24 [INFO] < ESP32: 65535
2026-07-11 14:12:24 [INFO] < ESP32: 65535
2026-07-11 14:12:24 [INFO] < ESP32: 63488
2026-07-11 14:12:24 [INFO] < ESP32: 0
2026-07-11 14:12:24 [INFO] < ESP32: 0
2026-07-11 14:12:24 [INFO] < ESP32: 2047
2026-07-11 14:12:24 [INFO] < ESP32: 65535
2026-07-11 14:12:24 [INFO] < ESP32: 63488
2026-07-11 14:12:24 [INFO] < ESP32: 2047
2026-07-11 14:12:24 [INFO] < ESP32: 65535
2026-07-11 14:12:24 [INFO] < ESP32: 63488
2026-07-11 14:12:24 [INFO] < ESP32: 0
2026-07-11 14:12:24 [INFO] < ESP32: 0
2026-07-11 14:12:24 [INFO] < ESP32: 2047
2026-07-11 14:12:24 [INFO] < ESP32: 65535
2026-07-11 14:12:24 [INFO] < ESP32: 63488
2026-07-11 14:12:24 [INFO] < ESP32: 0
2026-07-11 14:12:24 [INFO] < ESP32: 2047
2026-07-11 14:12:24 [INFO] < ESP32: 65535
2026-07-11 14:12:24 [INFO] < ESP32: 63488
2026-07-11 14:12:24 [INFO] < ESP32: 2047
2026-07-11 14:12:24 [INFO] < ESP32: 65535
2026-07-11 14:12:24 [INFO] < ESP32: 65535
2026-07-11 14:12:24 [INFO] < ESP32: 63488
2026-07-11 14:12:24 [INFO] < ESP32: 0
2026-07-11 14:12:24 [INFO] < ESP32: 2047
2026-07-11 14:12:24 [INFO] < ESP32: 65535
2026-07-11 14:12:24 [INFO] < ESP32: 63488
2026-07-11 14:12:24 [INFO] < ESP32: 0
2026-07-11 14:12:24 [INFO] < ESP32: 0
2026-07-11 14:12:24 [INFO] < ESP32: 0
2026-07-11 14:12:24 [INFO] < ESP32: 0
2026-07-11 14:12:24 [INFO] < ESP32: 0
2026-07-11 14:12:24 [INFO] < ESP32: 0
2026-07-11 14:12:24 [INFO] < ESP32: 0
2026-07-11 14:12:24 [INFO] < ESP32: 0
2026-07-11 14:12:24 [INFO] < ESP32: 0
2026-07-11 14:12:24 [INFO] < ESP32: 0
2026-07-11 14:12:24 [INFO] < ESP32: 0
2026-07-11 14:12:24 [INFO] < ESP32: 0
2026-07-11 14:12:24 [INFO] < ESP32: 0
2026-07-11 14:12:24 [INFO] < ESP32: 0
2026-07-11 14:12:24 [INFO] < ESP32: 0
2026-07-11 14:12:24 [INFO] < ESP32: 0
2026-07-11 14:12:24 [INFO] < ESP32: 0
2026-07-11 14:12:24 [INFO] < ESP32: 0
2026-07-11 14:12:24 [INFO] < ESP32: 0
2026-07-11 14:12:24 [INFO] < ESP32: 0
2026-07-11 14:12:24 [INFO] < ESP32: 0
2026-07-11 14:12:24 [INFO] < ESP32: 0
2026-07-11 14:12:24 [INFO] < ESP32: 0
2026-07-11 14:12:24 [INFO] < ESP32: 0
2026-07-11 14:12:24 [INFO] < ESP32: 0
2026-07-11 14:12:24 [INFO] < ESP32: 2047
2026-07-11 14:12:24 [INFO] < ESP32: 65535
2026-07-11 14:12:24 [INFO] < ESP32: 65535
2026-07-11 14:12:24 [INFO] < ESP32: 65535
2026-07-11 14:12:24 [INFO] < ESP32: 63488
2026-07-11 14:12:24 [INFO] < ESP32: 0
2026-07-11 14:12:24 [INFO] < ESP32: 0
2026-07-11 14:12:24 [INFO] < ESP32: 2047
2026-07-11 14:12:24 [INFO] < ESP32: 65535
2026-07-11 14:12:24 [INFO] < ESP32: 63488
2026-07-11 14:12:24 [INFO] < ESP32: 0
2026-07-11 14:12:24 [INFO] < ESP32: 2047
2026-07-11 14:12:24 [INFO] < ESP32: 65535
2026-07-11 14:12:24 [INFO] < ESP32: 63488
2026-07-11 14:12:24 [INFO] < ESP32: 0
2026-07-11 14:12:24 [INFO] < ESP32: 2047
2026-07-11 14:12:24 [INFO] < ESP32: 65535
2026-07-11 14:12:24 [INFO] < ESP32: 65535
2026-07-11 14:12:24 [INFO] < ESP32: 65535
2026-07-11 14:12:24 [INFO] < ESP32: 65535
2026-07-11 14:12:24 [INFO] < ESP32: 65535
2026-07-11 14:12:24 [INFO] < ESP32: 63488
2026-07-11 14:12:24 [INFO] < ESP32: 0
2026-07-11 14:12:24 [INFO] < ESP32: 2047
2026-07-11 14:12:24 [INFO] < ESP32: 65535
2026-07-11 14:12:24 [INFO] < ESP32: 63488
2026-07-11 14:12:24 [INFO] < ESP32: 0
2026-07-11 14:12:24 [INFO] < ESP32: 0
2026-07-11 14:12:24 [INFO] < ESP32: 0
2026-07-11 14:12:24 [INFO] < ESP32: 0
2026-07-11 14:12:24 [INFO] < ESP32: 0
2026-07-11 14:12:24 [INFO] < ESP32: 0
2026-07-11 14:12:24 [INFO] < ESP32: 2047
2026-07-11 14:12:24 [INFO] < ESP32: 65535
2026-07-11 14:12:24 [INFO] < ESP32: 65535
2026-07-11 14:12:24 [INFO] < ESP32: 65535
2026-07-11 14:12:24 [INFO] < ESP32: 63488
2026-07-11 14:12:24 [INFO] < ESP32: 0
2026-07-11 14:12:24 [INFO] < ESP32: 0
2026-07-11 14:12:24 [INFO] < ESP32: 0
2026-07-11 14:12:24 [INFO] < ESP32: 0
2026-07-11 14:12:24 [INFO] < ESP32: 0
2026-07-11 14:12:24 [INFO] < ESP32: 0
2026-07-11 14:12:24 [INFO] < ESP32: 0
2026-07-11 14:12:24 [INFO] < ESP32: 0
2026-07-11 14:12:24 [INFO] < ESP32: 0
2026-07-11 14:12:24 [INFO] < ESP32: 0
2026-07-11 14:12:24 [INFO] < ESP32: 0
2026-07-11 14:12:24 [INFO] < ESP32: 0
2026-07-11 14:12:24 [INFO] < ESP32: 0
2026-07-11 14:12:24 [INFO] < ESP32: 0
2026-07-11 14:12:24 [INFO] < ESP32: 0
2026-07-11 14:12:24 [INFO] < ESP32: 0
2026-07-11 14:12:24 [INFO] < ESP32: 0
2026-07-11 14:12:24 [INFO] < ESP32: 0
2026-07-11 14:12:24 [INFO] < ESP32: 0
2026-07-11 14:12:24 [INFO] < ESP32: 0
2026-07-11 14:12:24 [INFO] < ESP32: 0
2026-07-11 14:12:24 [INFO] < ESP32: 0
2026-07-11 14:12:24 [INFO] < ESP32: 0
2026-07-11 14:12:24 [INFO] < ESP32: 0
2026-07-11 14:12:24 [INFO] < ESP32: 0
2026-07-11 14:12:24 [INFO] < ESP32: 0
2026-07-11 14:12:24 [INFO] < ESP32: 0
2026-07-11 14:12:24 [INFO] < ESP32: 2047
2026-07-11 14:12:24 [INFO] < ESP32: 65535
2026-07-11 14:12:24 [INFO] < ESP32: 65535
2026-07-11 14:12:24 [INFO] < ESP32: 65535
2026-07-11 14:12:24 [INFO] < ESP32: 63488
2026-07-11 14:12:24 [INFO] < ESP32: 0
2026-07-11 14:12:24 [INFO] < ESP32: 0
2026-07-11 14:12:24 [INFO] < ESP32: 2047
2026-07-11 14:12:24 [INFO] < ESP32: 65535
2026-07-11 14:12:24 [INFO] < ESP32: 63488
2026-07-11 14:12:24 [INFO] < ESP32: 0
2026-07-11 14:12:24 [INFO] < ESP32: 2047
2026-07-11 14:12:24 [INFO] < ESP32: 65535
2026-07-11 14:12:24 [INFO] < ESP32: 63488
2026-07-11 14:12:24 [INFO] < ESP32: 0
2026-07-11 14:12:24 [INFO] < ESP32: 2047
2026-07-11 14:12:24 [INFO] < ESP32: 65535
2026-07-11 14:12:24 [INFO] < ESP32: 63488
2026-07-11 14:12:24 [INFO] < ESP32: 0
2026-07-11 14:12:24 [INFO] < ESP32: 0
2026-07-11 14:12:24 [INFO] < ESP32: 0
2026-07-11 14:12:24 [INFO] < ESP32: 0
2026-07-11 14:12:24 [INFO] < ESP32: 0
2026-07-11 14:12:24 [INFO] < ESP32: 2047
2026-07-11 14:12:24 [INFO] < ESP32: 65535
2026-07-11 14:12:24 [INFO] < ESP32: 63488
2026-07-11 14:12:24 [INFO] < ESP32: 0
2026-07-11 14:12:24 [INFO] < ESP32: 2047
2026-07-11 14:12:24 [INFO] < ESP32: 65535
2026-07-11 14:12:24 [INFO] < ESP32: 63488
2026-07-11 14:12:24 [INFO] < ESP32: 0
2026-07-11 14:12:24 [INFO] < ESP32: 0
2026-07-11 14:12:24 [INFO] < ESP32: 2047
2026-07-11 14:12:24 [INFO] < ESP32: 65535
2026-07-11 14:12:24 [INFO] < ESP32: 65535
2026-07-11 14:12:24 [INFO] < ESP32: 65535
2026-07-11 14:12:24 [INFO] < ESP32: 63488
2026-07-11 14:12:24 [INFO] < ESP32: 0
2026-07-11 14:12:24 [INFO] < ESP32: 0
2026-07-11 14:12:24 [INFO] < ESP32: 0
2026-07-11 14:12:24 [INFO] < ESP32: 0
2026-07-11 14:12:24 [INFO] < ESP32: 0
2026-07-11 14:12:24 [INFO] < ESP32: 0
2026-07-11 14:12:24 [INFO] < ESP32: 0
2026-07-11 14:12:24 [INFO] < ESP32: 0
2026-07-11 14:12:24 [INFO] < ESP32: 0
2026-07-11 14:12:24 [INFO] < ESP32: 0
2026-07-11 14:12:24 [INFO] < ESP32: 0
2026-07-11 14:12:24 [INFO] < ESP32: 0
2026-07-11 14:12:24 [INFO] < ESP32: 0
2026-07-11 14:12:24 [INFO] < ESP32: 0
2026-07-11 14:12:24 [INFO] < ESP32: 0
2026-07-11 14:12:24 [INFO] < ESP32: 0
2026-07-11 14:12:24 [INFO] < ESP32: 0
2026-07-11 14:12:24 [INFO] < ESP32: 0
2026-07-11 14:12:24 [INFO] < ESP32: 0
2026-07-11 14:12:24 [INFO] < ESP32: 0
2026-07-11 14:12:24 [INFO] < ESP32: 0
2026-07-11 14:12:24 [INFO] < ESP32: 0
2026-07-11 14:12:24 [INFO] < ESP32: 0
2026-07-11 14:12:24 [INFO] < ESP32: 0
2026-07-11 14:12:24 [INFO] < ESP32: 0
2026-07-11 14:12:24 [INFO] < ESP32: 0
2026-07-11 14:12:24 [INFO] < ESP32: 0
2026-07-11 14:12:24 [INFO] < ESP32: 2047
2026-07-11 14:12:24 [INFO] < ESP32: 65535
2026-07-11 14:12:24 [INFO] < ESP32: 65535
2026-07-11 14:12:24 [INFO] < ESP32: 65535
2026-07-11 14:12:24 [INFO] < ESP32: 63488
2026-07-11 14:12:24 [INFO] < ESP32: 0
2026-07-11 14:12:24 [INFO] < ESP32: 0
2026-07-11 14:12:24 [INFO] < ESP32: 2047
2026-07-11 14:12:24 [INFO] < ESP32: 65535
2026-07-11 14:12:24 [INFO] < ESP32: 63488
2026-07-11 14:12:24 [INFO] < ESP32: 0
2026-07-11 14:12:24 [INFO] < ESP32: 2047
2026-07-11 14:12:24 [INFO] < ESP32: 65535
2026-07-11 14:12:24 [INFO] < ESP32: 63488
2026-07-11 14:12:24 [INFO] < ESP32: 0
2026-07-11 14:12:24 [INFO] < ESP32: 2047
2026-07-11 14:12:24 [INFO] < ESP32: 65535
2026-07-11 14:12:24 [INFO] < ESP32: 65535
2026-07-11 14:12:24 [INFO] < ESP32: 65535
2026-07-11 14:12:24 [INFO] < ESP32: 65535
2026-07-11 14:12:24 [INFO] < ESP32: 65535
2026-07-11 14:12:24 [INFO] < ESP32: 63488
2026-07-11 14:12:24 [INFO] < ESP32: 0
2026-07-11 14:12:24 [INFO] < ESP32: 2047
2026-07-11 14:12:24 [INFO] < ESP32: 65535
2026-07-11 14:12:24 [INFO] < ESP32: 63488
2026-07-11 14:12:24 [INFO] < ESP32: 0
2026-07-11 14:12:24 [INFO] < ESP32: 0
2026-07-11 14:12:24 [INFO] < ESP32: 0
2026-07-11 14:12:24 [INFO] < ESP32: 0
2026-07-11 14:12:24 [INFO] < ESP32: 0
2026-07-11 14:12:24 [INFO] < ESP32: 0
2026-07-11 14:12:24 [INFO] < ESP32: 2047
2026-07-11 14:12:24 [INFO] < ESP32: 65535
2026-07-11 14:12:24 [INFO] < ESP32: 65535
2026-07-11 14:12:24 [INFO] < ESP32: 65535
2026-07-11 14:12:24 [INFO] < ESP32: 63488
2026-07-11 14:12:24 [INFO] < ESP32: 0
2026-07-11 14:12:24 [INFO] < ESP32: 0
2026-07-11 14:12:24 [INFO] < ESP32: 0
2026-07-11 14:12:24 [INFO] < ESP32: 0
2026-07-11 14:12:24 [INFO] < ESP32: 0
2026-07-11 14:12:24 [INFO] < ESP32: 0
2026-07-11 14:12:24 [INFO] < ESP32: 0
2026-07-11 14:12:24 [INFO] < ESP32: 0
2026-07-11 14:12:24 [INFO] < ESP32: 0
2026-07-11 14:12:24 [INFO] < ESP32: 0
2026-07-11 14:12:24 [INFO] < ESP32: 0
2026-07-11 14:12:24 [INFO] < ESP32: 0
2026-07-11 14:12:24 [INFO] < ESP32: 2047
2026-07-11 14:12:24 [INFO] < ESP32: 65535
2026-07-11 14:12:24 [INFO] < ESP32: 63488
2026-07-11 14:12:24 [INFO] < ESP32: 0
2026-07-11 14:12:24 [INFO] < ESP32: 0
2026-07-11 14:12:24 [INFO] < ESP32: 0
2026-07-11 14:12:24 [INFO] < ESP32: 0
2026-07-11 14:12:24 [INFO] < ESP32: 0
2026-07-11 14:12:24 [INFO] < ESP32: 0
2026-07-11 14:12:24 [INFO] < ESP32: 0
2026-07-11 14:12:24 [INFO] < ESP32: 0
2026-07-11 14:12:24 [INFO] < ESP32: 0
2026-07-11 14:12:24 [INFO] < ESP32: 0
2026-07-11 14:12:24 [INFO] < ESP32: 0
2026-07-11 14:12:24 [INFO] < ESP32: 0
2026-07-11 14:12:24 [INFO] < ESP32: 2047
2026-07-11 14:12:24 [INFO] < ESP32: 65535
2026-07-11 14:12:24 [INFO] < ESP32: 65535
2026-07-11 14:12:24 [INFO] < ESP32: 63488
2026-07-11 14:12:24 [INFO] < ESP32: 0
2026-07-11 14:12:24 [INFO] < ESP32: 0
2026-07-11 14:12:24 [INFO] < ESP32: 0
2026-07-11 14:12:24 [INFO] < ESP32: 0
2026-07-11 14:12:24 [INFO] < ESP32: 0
2026-07-11 14:12:24 [INFO] < ESP32: 2047
2026-07-11 14:12:24 [INFO] < ESP32: 65535
2026-07-11 14:12:24 [INFO] < ESP32: 63488
2026-07-11 14:12:24 [INFO] < ESP32: 0
2026-07-11 14:12:24 [INFO] < ESP32: 0
2026-07-11 14:12:24 [INFO] < ESP32: 0
2026-07-11 14:12:24 [INFO] < ESP32: 0
2026-07-11 14:12:24 [INFO] < ESP32: 0
2026-07-11 14:12:24 [INFO] < ESP32: 2047
2026-07-11 14:12:24 [INFO] < ESP32: 65535
2026-07-11 14:12:24 [INFO] < ESP32: 63488
2026-07-11 14:12:24 [INFO] < ESP32: 0
2026-07-11 14:12:24 [INFO] < ESP32: 0
2026-07-11 14:12:24 [INFO] < ESP32: 0
2026-07-11 14:12:24 [INFO] < ESP32: 0
2026-07-11 14:12:24 [INFO] < ESP32: 0
2026-07-11 14:12:24 [INFO] < ESP32: 2047
2026-07-11 14:12:24 [INFO] < ESP32: 65535
2026-07-11 14:12:24 [INFO] < ESP32: 63488
2026-07-11 14:12:24 [INFO] < ESP32: 0
2026-07-11 14:12:24 [INFO] < ESP32: 0
2026-07-11 14:12:24 [INFO] < ESP32: 0
2026-07-11 14:12:24 [INFO] < ESP32: 0
2026-07-11 14:12:24 [INFO] < ESP32: 2047
2026-07-11 14:12:24 [INFO] < ESP32: 65535
2026-07-11 14:12:24 [INFO] < ESP32: 65535
2026-07-11 14:12:24 [INFO] < ESP32: 65535
2026-07-11 14:12:24 [INFO] < ESP32: 63488
2026-07-11 14:12:24 [INFO] < ESP32: 0
2026-07-11 14:12:24 [INFO] < ESP32: 0
2026-07-11 14:12:24 [INFO] < ESP32: 0
2026-07-11 14:12:24 [INFO] < ESP32: 0
2026-07-11 14:12:24 [INFO] < ESP32: 0
2026-07-11 14:12:24 [INFO] < ESP32: 0
2026-07-11 14:12:24 [INFO] < ESP32: 0
2026-07-11 14:12:24 [INFO] < ESP32: 0
2026-07-11 14:12:24 [INFO] < ESP32: 0
2026-07-11 14:12:24 [INFO] < ESP32: 0
2026-07-11 14:12:24 [INFO] < ESP32: 0
2026-07-11 14:12:24 [INFO] < ESP32: 0
2026-07-11 14:12:24 [INFO] < ESP32: 0
2026-07-11 14:12:24 [INFO] < ESP32: 0
2026-07-11 14:12:24 [INFO] < ESP32: 0
2026-07-11 14:12:24 [INFO] < ESP32: 0
2026-07-11 14:12:24 [INFO] < ESP32: 0
2026-07-11 14:12:24 [INFO] < ESP32: 0
2026-07-11 14:12:24 [INFO] < ESP32: 0
2026-07-11 14:12:24 [INFO] < ESP32: 0
2026-07-11 14:12:24 [INFO] < ESP32: 0
2026-07-11 14:12:24 [INFO] < ESP32: 0
2026-07-11 14:12:24 [INFO] < ESP32: 0
2026-07-11 14:12:24 [INFO] < ESP32: 0
2026-07-11 14:12:24 [INFO] < ESP32: 0
2026-07-11 14:12:24 [INFO] < ESP32: 0
2026-07-11 14:12:24 [INFO] < ESP32: 2047
2026-07-11 14:12:24 [INFO] < ESP32: 65535
2026-07-11 14:12:24 [INFO] < ESP32: 63488
2026-07-11 14:12:24 [INFO] < ESP32: 0
2026-07-11 14:12:24 [INFO] < ESP32: 2047
2026-07-11 14:12:24 [INFO] < ESP32: 65535
2026-07-11 14:12:24 [INFO] < ESP32: 63488
2026-07-11 14:12:24 [INFO] < ESP32: 0
2026-07-11 14:12:24 [INFO] < ESP32: 2047
2026-07-11 14:12:24 [INFO] < ESP32: 65535
2026-07-11 14:12:24 [INFO] < ESP32: 63488
2026-07-11 14:12:24 [INFO] < ESP32: 0
2026-07-11 14:12:24 [INFO] < ESP32: 2047
2026-07-11 14:12:24 [INFO] < ESP32: 65535
2026-07-11 14:12:24 [INFO] < ESP32: 63488
2026-07-11 14:12:24 [INFO] < ESP32: 0
2026-07-11 14:12:24 [INFO] < ESP32: 2047
2026-07-11 14:12:24 [INFO] < ESP32: 65535
2026-07-11 14:12:24 [INFO] < ESP32: 63488
2026-07-11 14:12:24 [INFO] < ESP32: 0
2026-07-11 14:12:24 [INFO] < ESP32: 2047
2026-07-11 14:12:24 [INFO] < ESP32: 65535
2026-07-11 14:12:24 [INFO] < ESP32: 63488
2026-07-11 14:12:24 [INFO] < ESP32: 0
2026-07-11 14:12:24 [INFO] < ESP32: 0
2026-07-11 14:12:24 [INFO] < ESP32: 2047
2026-07-11 14:12:24 [INFO] < ESP32: 65535
2026-07-11 14:12:24 [INFO] < ESP32: 65535
2026-07-11 14:12:24 [INFO] < ESP32: 65535
2026-07-11 14:12:24 [INFO] < ESP32: 63488
2026-07-11 14:12:24 [INFO] < ESP32: 0
2026-07-11 14:12:24 [INFO] < ESP32: 0
2026-07-11 14:12:24 [INFO] < ESP32: 0
2026-07-11 14:12:24 [INFO] < ESP32: 0
2026-07-11 14:12:24 [INFO] < ESP32: 2047
2026-07-11 14:12:24 [INFO] < ESP32: 65535
2026-07-11 14:12:24 [INFO] < ESP32: 63488
2026-07-11 14:12:24 [INFO] < ESP32: 0
2026-07-11 14:12:24 [INFO] < ESP32: 0
2026-07-11 14:12:24 [INFO] < ESP32: 0
2026-07-11 14:12:24 [INFO] < ESP32: 0
2026-07-11 14:12:24 [INFO] < ESP32: 0
2026-07-11 14:12:24 [INFO] < ESP32: 0
2026-07-11 14:12:24 [INFO] < ESP32: 0
2026-07-11 14:12:24 [INFO] < ESP32: 0
2026-07-11 14:12:24 [INFO] < ESP32: 0
2026-07-11 14:12:24 [INFO] < ESP32: 0
2026-07-11 14:12:24 [INFO] < ESP32: 0
2026-07-11 14:12:24 [INFO] < ESP32: 0
2026-07-11 14:12:24 [INFO] < ESP32: 0
2026-07-11 14:12:24 [INFO] < ESP32: 0
2026-07-11 14:12:24 [INFO] < ESP32: 0
2026-07-11 14:12:24 [INFO] < ESP32: 0
2026-07-11 14:12:24 [INFO] < ESP32: 0
2026-07-11 14:12:24 [INFO] < ESP32: 0
2026-07-11 14:12:24 [INFO] < ESP32: 0
2026-07-11 14:12:24 [INFO] < ESP32: 0
2026-07-11 14:12:24 [INFO] < ESP32: 0
2026-07-11 14:12:24 [INFO] < ESP32: 0
2026-07-11 14:12:24 [INFO] < ESP32: 0
2026-07-11 14:12:24 [INFO] < ESP32: 0
2026-07-11 14:12:24 [INFO] < ESP32: 0
2026-07-11 14:12:24 [INFO] < ESP32: 0
2026-07-11 14:12:24 [INFO] < ESP32: 0
2026-07-11 14:12:24 [INFO] < ESP32: 0
2026-07-11 14:12:24 [INFO] < ESP32: 2047
2026-07-11 14:12:24 [INFO] < ESP32: 65535
2026-07-11 14:12:24 [INFO] < ESP32: 65535
2026-07-11 14:12:24 [INFO] < ESP32: 65535
2026-07-11 14:12:24 [INFO] < ESP32: 63488
2026-07-11 14:12:24 [INFO] < ESP32: 0
2026-07-11 14:12:24 [INFO] < ESP32: 0
2026-07-11 14:12:24 [INFO] < ESP32: 2047
2026-07-11 14:12:24 [INFO] < ESP32: 65535
2026-07-11 14:12:24 [INFO] < ESP32: 63488
2026-07-11 14:12:24 [INFO] < ESP32: 0
2026-07-11 14:12:24 [INFO] < ESP32: 2047
2026-07-11 14:12:24 [INFO] < ESP32: 65535
2026-07-11 14:12:24 [INFO] < ESP32: 63488
2026-07-11 14:12:24 [INFO] < ESP32: 0
2026-07-11 14:12:24 [INFO] < ESP32: 2047
2026-07-11 14:12:24 [INFO] < ESP32: 65535
2026-07-11 14:12:24 [INFO] < ESP32: 65535
2026-07-11 14:12:24 [INFO] < ESP32: 65535
2026-07-11 14:12:24 [INFO] < ESP32: 65535
2026-07-11 14:12:24 [INFO] < ESP32: 65535
2026-07-11 14:12:24 [INFO] < ESP32: 63488
2026-07-11 14:12:24 [INFO] < ESP32: 0
2026-07-11 14:12:24 [INFO] < ESP32: 2047
2026-07-11 14:12:24 [INFO] < ESP32: 65535
2026-07-11 14:12:24 [INFO] < ESP32: 63488
2026-07-11 14:12:24 [INFO] < ESP32: 0
2026-07-11 14:12:24 [INFO] < ESP32: 0
2026-07-11 14:12:24 [INFO] < ESP32: 0
2026-07-11 14:12:24 [INFO] < ESP32: 0
2026-07-11 14:12:24 [INFO] < ESP32: 0
2026-07-11 14:12:24 [INFO] < ESP32: 0
2026-07-11 14:12:24 [INFO] < ESP32: 2047
2026-07-11 14:12:24 [INFO] < ESP32: 65535
2026-07-11 14:12:24 [INFO] < ESP32: 65535
2026-07-11 14:12:24 [INFO] < ESP32: 65535
2026-07-11 14:12:24 [INFO] < ESP32: 63488
2026-07-11 14:12:24 [INFO] < ESP32: 0
2026-07-11 14:12:24 [INFO] < ESP32: 0
2026-07-11 14:12:24 [INFO] < ESP32: 0
2026-07-11 14:12:24 [INFO] < ESP32: 0
2026-07-11 14:12:24 [INFO] < ESP32: 0
2026-07-11 14:12:24 [INFO] < ESP32: 0
2026-07-11 14:12:24 [INFO] < ESP32: 0
2026-07-11 14:12:24 [INFO] < ESP32: 0
2026-07-11 14:12:24 [INFO] < ESP32: 0
2026-07-11 14:12:24 [INFO] < ESP32: 0
2026-07-11 14:12:24 [INFO] < ESP32: 0
2026-07-11 14:12:24 [INFO] < ESP32: 0
2026-07-11 14:12:24 [INFO] < ESP32: 0
2026-07-11 14:12:24 [INFO] < ESP32: 2047
2026-07-11 14:12:24 [INFO] < ESP32: 65535
2026-07-11 14:12:24 [INFO] < ESP32: 65535
2026-07-11 14:12:24 [INFO] < ESP32: 63488
2026-07-11 14:12:24 [INFO] < ESP32: 0
2026-07-11 14:12:24 [INFO] < ESP32: 0
2026-07-11 14:12:24 [INFO] < ESP32: 0
2026-07-11 14:12:24 [INFO] < ESP32: 0
2026-07-11 14:12:24 [INFO] < ESP32: 0
2026-07-11 14:12:24 [INFO] < ESP32: 2047
2026-07-11 14:12:24 [INFO] < ESP32: 65535
2026-07-11 14:12:24 [INFO] < ESP32: 63488
2026-07-11 14:12:24 [INFO] < ESP32: 0
2026-07-11 14:12:24 [INFO] < ESP32: 0
2026-07-11 14:12:24 [INFO] < ESP32: 0
2026-07-11 14:12:24 [INFO] < ESP32: 0
2026-07-11 14:12:24 [INFO] < ESP32: 0
2026-07-11 14:12:24 [INFO] < ESP32: 2047
2026-07-11 14:12:24 [INFO] < ESP32: 65535
2026-07-11 14:12:24 [INFO] < ESP32: 63488
2026-07-11 14:12:24 [INFO] < ESP32: 0
2026-07-11 14:12:24 [INFO] < ESP32: 0
2026-07-11 14:12:24 [INFO] < ESP32: 2047
2026-07-11 14:12:24 [INFO] < ESP32: 65535
2026-07-11 14:12:24 [INFO] < ESP32: 65535
2026-07-11 14:12:24 [INFO] < ESP32: 65535
2026-07-11 14:12:24 [INFO] < ESP32: 65535
2026-07-11 14:12:24 [INFO] > Sent: UP:d
2026-07-11 14:12:24 [INFO] < ESP32: 63488
2026-07-11 14:12:24 [INFO] < ESP32: 0
2026-07-11 14:12:24 [INFO] < ESP32: 2047
2026-07-11 14:12:24 [INFO] < ESP32: 65535
2026-07-11 14:12:24 [INFO] < ESP32: 63488
2026-07-11 14:12:24 [INFO] < ESP32: 0
2026-07-11 14:12:24 [INFO] < ESP32: 2047
2026-07-11 14:12:24 [INFO] < ESP32: 65535
2026-07-11 14:12:24 [INFO] < ESP32: 63488
2026-07-11 14:12:24 [INFO] < ESP32: 0
2026-07-11 14:12:24 [INFO] < ESP32: 2047
2026-07-11 14:12:24 [INFO] < ESP32: 65535
2026-07-11 14:12:24 [INFO] < ESP32: 63488
2026-07-11 14:12:24 [INFO] < ESP32: 0
2026-07-11 14:12:24 [INFO] < ESP32: 2047
2026-07-11 14:12:24 [INFO] < ESP32: 65535
2026-07-11 14:12:24 [INFO] < ESP32: 63488
2026-07-11 14:12:24 [INFO] < ESP32: 0
2026-07-11 14:12:24 [INFO] < ESP32: 0
2026-07-11 14:12:24 [INFO] < ESP32: 2047
2026-07-11 14:12:24 [INFO] < ESP32: 65535
2026-07-11 14:12:24 [INFO] < ESP32: 65535
2026-07-11 14:12:24 [INFO] < ESP32: 63488
2026-07-11 14:12:24 [INFO] < ESP32: 2047
2026-07-11 14:12:24 [INFO] < ESP32: 65535
2026-07-11 14:12:24 [INFO] < ESP32: 63488
2026-07-11 14:12:24 [INFO] < ESP32: 0
2026-07-11 14:12:24 [INFO] < ESP32: 0
2026-07-11 14:12:24 [INFO] < ESP32: 0
2026-07-11 14:12:24 [INFO] < ESP32: 0
2026-07-11 14:12:24 [INFO] < ESP32: 0
2026-07-11 14:12:24 [INFO] < ESP32: 0
2026-07-11 14:12:24 [INFO] < ESP32: 0
2026-07-11 14:12:24 [INFO] < ESP32: 0
2026-07-11 14:12:24 [INFO] < ESP32: 0
2026-07-11 14:12:24 [INFO] < ESP32: 0
2026-07-11 14:12:24 [INFO] < ESP32: 0
2026-07-11 14:12:24 [INFO] < ESP32: 0
2026-07-11 14:12:24 [INFO] < ESP32: 0
2026-07-11 14:12:24 [INFO] < ESP32: 0
2026-07-11 14:12:24 [INFO] < ESP32: 0
2026-07-11 14:12:24 [INFO] < ESP32: 0
2026-07-11 14:12:24 [INFO] < ESP32: 0
2026-07-11 14:12:24 [INFO] < ESP32: 0
2026-07-11 14:12:24 [INFO] < ESP32: 2047
2026-07-11 14:12:24 [INFO] < ESP32: 65535
2026-07-11 14:12:24 [INFO] < ESP32: 63488
2026-07-11 14:12:24 [INFO] < ESP32: 0
2026-07-11 14:12:24 [INFO] < ESP32: 0
2026-07-11 14:12:24 [INFO] < ESP32: 0
2026-07-11 14:12:24 [INFO] < ESP32: 0
2026-07-11 14:12:24 [INFO] < ESP32: 0
2026-07-11 14:12:24 [INFO] < ESP32: 2047
2026-07-11 14:12:24 [INFO] < ESP32: 65535
2026-07-11 14:12:24 [INFO] < ESP32: 63488
2026-07-11 14:12:24 [INFO] < ESP32: 0
2026-07-11 14:12:24 [INFO] < ESP32: 0
2026-07-11 14:12:24 [INFO] < ESP32: 0
2026-07-11 14:12:24 [INFO] < ESP32: 0
2026-07-11 14:12:24 [INFO] < ESP32: 0
2026-07-11 14:12:24 [INFO] < ESP32: 0
2026-07-11 14:12:24 [INFO] < ESP32: 0
2026-07-11 14:12:24 [INFO] < ESP32: 0
2026-07-11 14:12:24 [INFO] < ESP32: 0
2026-07-11 14:12:24 [INFO] < ESP32: 0
2026-07-11 14:12:24 [INFO] < ESP32: 0
2026-07-11 14:12:24 [INFO] < ESP32: 0
2026-07-11 14:12:24 [INFO] < ESP32: 0
2026-07-11 14:12:24 [INFO] < ESP32: 0
2026-07-11 14:12:24 [INFO] < ESP32: 0
2026-07-11 14:12:24 [INFO] < ESP32: 0
2026-07-11 14:12:24 [INFO] < ESP32: 0
2026-07-11 14:12:24 [INFO] < ESP32: 0
2026-07-11 14:12:24 [INFO] < ESP32: 0
2026-07-11 14:12:24 [INFO] < ESP32: 0
2026-07-11 14:12:24 [INFO] < ESP32: 0
2026-07-11 14:12:24 [INFO] < ESP32: 2047
2026-07-11 14:12:24 [INFO] < ESP32: 65535
2026-07-11 14:12:24 [INFO] < ESP32: 63488
2026-07-11 14:12:24 [INFO] < ESP32: 0
2026-07-11 14:12:24 [INFO] < ESP32: 0
2026-07-11 14:12:24 [INFO] < ESP32: 0
2026-07-11 14:12:24 [INFO] < ESP32: 0
2026-07-11 14:12:24 [INFO] < ESP32: 0
2026-07-11 14:12:24 [INFO] < ESP32: 2047
2026-07-11 14:12:24 [INFO] < ESP32: 65535
2026-07-11 14:12:24 [INFO] < ESP32: 63488
2026-07-11 14:12:24 [INFO] < ESP32: 0
2026-07-11 14:12:24 [INFO] < ESP32: 0
2026-07-11 14:12:24 [INFO] < ESP32: 0
2026-07-11 14:12:24 [INFO] < ESP32: 0
2026-07-11 14:12:24 [INFO] < ESP32: 0
2026-07-11 14:12:24 [INFO] < ESP32: 0
2026-07-11 14:12:24 [INFO] < ESP32: 0
2026-07-11 14:12:24 [INFO] < ESP32: 0
2026-07-11 14:12:24 [INFO] < ESP32: 0
2026-07-11 14:12:24 [INFO] < ESP32: 0
2026-07-11 14:12:24 [INFO] < ESP32: 0
2026-07-11 14:12:24 [INFO] < ESP32: 0
2026-07-11 14:12:24 [INFO] < ESP32: 0
2026-07-11 14:12:24 [INFO] < ESP32: 0
2026-07-11 14:12:24 [INFO] < ESP32: 0
2026-07-11 14:12:24 [INFO] < ESP32: 0
2026-07-11 14:12:24 [INFO] < ESP32: 0
2026-07-11 14:12:24 [INFO] < ESP32: 0
2026-07-11 14:12:24 [INFO] < ESP32: 0
2026-07-11 14:12:24 [INFO] < ESP32: 0
2026-07-11 14:12:24 [INFO] < ESP32: 0
2026-07-11 14:12:24 [INFO] < ESP32: 0
2026-07-11 14:12:24 [INFO] < ESP32: 0
2026-07-11 14:12:24 [INFO] < ESP32: 0
2026-07-11 14:12:24 [INFO] < ESP32: 0
2026-07-11 14:12:24 [INFO] < ESP32: 0
2026-07-11 14:12:24 [INFO] < ESP32: 0
2026-07-11 14:12:24 [INFO] < ESP32: 0
2026-07-11 14:12:24 [INFO] < ESP32: 0
2026-07-11 14:12:24 [INFO] < ESP32: 0
2026-07-11 14:12:24 [INFO] < ESP32: 0
2026-07-11 14:12:24 [INFO] < ESP32: 0
2026-07-11 14:12:24 [INFO] < ESP32: 0
2026-07-11 14:12:24 [INFO] < ESP32: 0
2026-07-11 14:12:24 [INFO] < ESP32: 0
2026-07-11 14:12:24 [INFO] < ESP32: 0
2026-07-11 14:12:24 [INFO] < ESP32: 0
2026-07-11 14:12:24 [INFO] < ESP32: 0
2026-07-11 14:12:24 [INFO] < ESP32: 0
2026-07-11 14:12:24 [INFO] < ESP32: 0
2026-07-11 14:12:24 [INFO] < ESP32: 0
2026-07-11 14:12:24 [INFO] < ESP32: 0
2026-07-11 14:12:24 [INFO] < ESP32: 0
2026-07-11 14:12:24 [INFO] < ESP32: 0
2026-07-11 14:12:24 [INFO] < ESP32: 0
2026-07-11 14:12:24 [INFO] < ESP32: 0
2026-07-11 14:12:24 [INFO] < ESP32: 0
2026-07-11 14:12:24 [INFO] < ESP32: 0
2026-07-11 14:12:24 [INFO] < ESP32: 0
2026-07-11 14:12:24 [INFO] < ESP32: 0
2026-07-11 14:12:24 [INFO] < ESP32: 0
2026-07-11 14:12:24 [INFO] < ESP32: 0
2026-07-11 14:12:24 [INFO] < ESP32: 0
2026-07-11 14:12:24 [INFO] < ESP32: 0
2026-07-11 14:12:24 [INFO] < ESP32: 0
2026-07-11 14:12:24 [INFO] < ESP32: 0
2026-07-11 14:12:24 [INFO] < ESP32: 0
2026-07-11 14:12:24 [INFO] < ESP32: 0
2026-07-11 14:12:24 [INFO] < ESP32: 0
2026-07-11 14:12:24 [INFO] < ESP32: 0
2026-07-11 14:12:24 [INFO] < ESP32: 0
2026-07-11 14:12:24 [INFO] < ESP32: 0
2026-07-11 14:12:24 [INFO] < ESP32: 0
2026-07-11 14:12:24 [INFO] < ESP32: 0
2026-07-11 14:12:24 [INFO] < ESP32: 0
2026-07-11 14:12:24 [INFO] < ESP32: 0
2026-07-11 14:12:24 [INFO] < ESP32: 0
2026-07-11 14:12:24 [INFO] < ESP32: 0
2026-07-11 14:12:24 [INFO] < ESP32: 0
2026-07-11 14:12:24 [INFO] < ESP32: 0
2026-07-11 14:12:24 [INFO] < ESP32: 0
2026-07-11 14:12:24 [INFO] < ESP32: 0
2026-07-11 14:12:24 [INFO] < ESP32: 0
2026-07-11 14:12:24 [INFO] < ESP32: 0
2026-07-11 14:12:24 [INFO] < ESP32: 0
2026-07-11 14:12:24 [INFO] < ESP32: 0
2026-07-11 14:12:24 [INFO] < ESP32: 0
2026-07-11 14:12:24 [INFO] < ESP32: 0
2026-07-11 14:12:24 [INFO] < ESP32: 0
2026-07-11 14:12:24 [INFO] < ESP32: 0
2026-07-11 14:12:24 [INFO] < ESP32: 0
2026-07-11 14:12:24 [INFO] < ESP32: 0
2026-07-11 14:12:24 [INFO] < ESP32: 0
2026-07-11 14:12:24 [INFO] < ESP32: 0
2026-07-11 14:12:24 [INFO] < ESP32: 0
2026-07-11 14:12:24 [INFO] < ESP32: 0
2026-07-11 14:12:24 [INFO] < ESP32: 0
2026-07-11 14:12:24 [INFO] < ESP32: 0
2026-07-11 14:12:24 [INFO] < ESP32: 0
2026-07-11 14:12:24 [INFO] < ESP32: 0
2026-07-11 14:12:24 [INFO] < ESP32: 0
2026-07-11 14:12:24 [INFO] < ESP32: 2047
2026-07-11 14:12:24 [INFO] < ESP32: 65535
2026-07-11 14:12:24 [INFO] < ESP32: 65535
2026-07-11 14:12:24 [INFO] < ESP32: 65535
2026-07-11 14:12:24 [INFO] < ESP32: 65535
2026-07-11 14:12:24 [INFO] < ESP32: 65535
2026-07-11 14:12:24 [INFO] < ESP32: 65535
2026-07-11 14:12:24 [INFO] < ESP32: 63488
2026-07-11 14:12:24 [INFO] < ESP32: 2047
2026-07-11 14:12:24 [INFO] < ESP32: 65535
2026-07-11 14:12:24 [INFO] < ESP32: 63488
2026-07-11 14:12:24 [INFO] < ESP32: 2047
2026-07-11 14:12:24 [INFO] < ESP32: 65535
2026-07-11 14:12:24 [INFO] < ESP32: 65535
2026-07-11 14:12:24 [INFO] < ESP32: 65535
2026-07-11 14:12:24 [INFO] < ESP32: 63488
2026-07-11 14:12:24 [INFO] < ESP32: 2047
2026-07-11 14:12:24 [INFO] < ESP32: 65535
2026-07-11 14:12:24 [INFO] < ESP32: 65535
2026-07-11 14:12:24 [INFO] < ESP32: 65535
2026-07-11 14:12:24 [INFO] < ESP32: 65535
2026-07-11 14:12:24 [INFO] < ESP32: 65535
2026-07-11 14:12:24 [INFO] < ESP32: 65535
2026-07-11 14:12:24 [INFO] < ESP32: 63488
2026-07-11 14:12:24 [INFO] < ESP32: 2047
2026-07-11 14:12:24 [INFO] < ESP32: 65535
2026-07-11 14:12:24 [INFO] < ESP32: 65535
2026-07-11 14:12:24 [INFO] < ESP32: 65535
2026-07-11 14:12:24 [INFO] < ESP32: 65535
2026-07-11 14:12:24 [INFO] < ESP32: 65535
2026-07-11 14:12:24 [INFO] < ESP32: 65535
2026-07-11 14:12:24 [INFO] < ESP32: 63488
2026-07-11 14:12:24 [INFO] < ESP32: 0
2026-07-11 14:12:24 [INFO] < ESP32: 2047
2026-07-11 14:12:24 [INFO] < ESP32: 65535
2026-07-11 14:12:24 [INFO] < ESP32: 65535
2026-07-11 14:12:24 [INFO] < ESP32: 65535
2026-07-11 14:12:24 [INFO] < ESP32: 65535
2026-07-11 14:12:24 [INFO] < ESP32: 65535
2026-07-11 14:12:24 [INFO] < ESP32: 63488
2026-07-11 14:12:24 [INFO] < ESP32: 0
2026-07-11 14:12:24 [INFO] < ESP32: 0
2026-07-11 14:12:24 [INFO] < ESP32: 0
2026-07-11 14:12:24 [INFO] < ESP32: 0
2026-07-11 14:12:24 [INFO] < ESP32: 0
2026-07-11 14:12:24 [INFO] < ESP32: 0
2026-07-11 14:12:24 [INFO] < ESP32: 0
2026-07-11 14:12:24 [INFO] < ESP32: 0
2026-07-11 14:12:24 [INFO] < ESP32: 0
2026-07-11 14:12:24 [INFO] < ESP32: 0
2026-07-11 14:12:24 [INFO] < ESP32: 0
2026-07-11 14:12:24 [INFO] < ESP32: 0
2026-07-11 14:12:24 [INFO] < ESP32: 0
2026-07-11 14:12:24 [INFO] < ESP32: 0
2026-07-11 14:12:24 [INFO] < ESP32: 0
2026-07-11 14:12:24 [INFO] < ESP32: 0
2026-07-11 14:12:24 [INFO] < ESP32: 0
2026-07-11 14:12:24 [INFO] < ESP32: 0
2026-07-11 14:12:24 [INFO] < ESP32: 0
2026-07-11 14:12:24 [INFO] < ESP32: 0
2026-07-11 14:12:24 [INFO] < ESP32: 0
2026-07-11 14:12:24 [INFO] < ESP32: 0
2026-07-11 14:12:24 [INFO] < ESP32: 0
2026-07-11 14:12:24 [INFO] < ESP32: 0
2026-07-11 14:12:24 [INFO] < ESP32: 0
2026-07-11 14:12:24 [INFO] < ESP32: 0
2026-07-11 14:12:24 [INFO] < ESP32: 0
2026-07-11 14:12:24 [INFO] < ESP32: 0
2026-07-11 14:12:24 [INFO] < ESP32: 0
2026-07-11 14:12:24 [INFO] < ESP32: 0
2026-07-11 14:12:24 [INFO] < ESP32: 0
2026-07-11 14:12:24 [INFO] < ESP32: 0
2026-07-11 14:12:24 [INFO] < ESP32: 0
2026-07-11 14:12:24 [INFO] < ESP32: 0
2026-07-11 14:12:24 [INFO] < ESP32: 0
2026-07-11 14:12:24 [INFO] < ESP32: 0
2026-07-11 14:12:24 [INFO] < ESP32: 0
2026-07-11 14:12:24 [INFO] < ESP32: 0
2026-07-11 14:12:24 [INFO] < ESP32: 0
2026-07-11 14:12:24 [INFO] < ESP32: 0
2026-07-11 14:12:24 [INFO] < ESP32: 0
2026-07-11 14:12:24 [INFO] < ESP32: 0
2026-07-11 14:12:24 [INFO] < ESP32: 0
2026-07-11 14:12:24 [INFO] < ESP32: 0
2026-07-11 14:12:24 [INFO] < ESP32: 0
2026-07-11 14:12:24 [INFO] < ESP32: 0
2026-07-11 14:12:24 [INFO] < ESP32: 0
2026-07-11 14:12:24 [INFO] < ESP32: 0
2026-07-11 14:12:24 [INFO] < ESP32: 0
2026-07-11 14:12:24 [INFO] < ESP32: 0
2026-07-11 14:12:24 [INFO] < ESP32: 0
2026-07-11 14:12:24 [INFO] < ESP32: 0
2026-07-11 14:12:24 [INFO] < ESP32: 0
2026-07-11 14:12:24 [INFO] < ESP32: 0
2026-07-11 14:12:24 [INFO] < ESP32: 0
2026-07-11 14:12:24 [INFO] < ESP32: 0
2026-07-11 14:12:24 [INFO] < ESP32: 0
2026-07-11 14:12:24 [INFO] < ESP32: 0
2026-07-11 14:12:24 [INFO] < ESP32: 0
2026-07-11 14:12:24 [INFO] < ESP32: 0
2026-07-11 14:12:24 [INFO] < ESP32: 0
2026-07-11 14:12:24 [INFO] < ESP32: 0
2026-07-11 14:12:24 [INFO] < ESP32: 0
2026-07-11 14:12:24 [INFO] < ESP32: 0
2026-07-11 14:12:24 [INFO] < ESP32: 0
2026-07-11 14:12:24 [INFO] < ESP32: 0
2026-07-11 14:12:24 [INFO] < ESP32: 0
2026-07-11 14:12:24 [INFO] < ESP32: 0
2026-07-11 14:12:24 [INFO] < ESP32: 0
2026-07-11 14:12:24 [INFO] < ESP32: 0
2026-07-11 14:12:24 [INFO] < ESP32: 0
2026-07-11 14:12:24 [INFO] < ESP32: 0
2026-07-11 14:12:24 [INFO] < ESP32: 2047
2026-07-11 14:12:24 [INFO] < ESP32: 65535
2026-07-11 14:12:24 [INFO] < ESP32: 65535
2026-07-11 14:12:24 [INFO] < ESP32: 65535
2026-07-11 14:12:24 [INFO] < ESP32: 65535
2026-07-11 14:12:24 [INFO] < ESP32: 63488
2026-07-11 14:12:24 [INFO] < ESP32: 0
2026-07-11 14:12:24 [INFO] < ESP32: 0
2026-07-11 14:12:24 [INFO] < ESP32: 0
2026-07-11 14:12:24 [INFO] < ESP32: 2047
2026-07-11 14:12:24 [INFO] < ESP32: 65535
2026-07-11 14:12:24 [INFO] < ESP32: 63488
2026-07-11 14:12:24 [INFO] < ESP32: 2047
2026-07-11 14:12:24 [INFO] < ESP32: 65535
2026-07-11 14:12:24 [INFO] < ESP32: 63488
2026-07-11 14:12:24 [INFO] < ESP32: 0
2026-07-11 14:12:24 [INFO] < ESP32: 0
2026-07-11 14:12:24 [INFO] < ESP32: 2047
2026-07-11 14:12:24 [INFO] < ESP32: 65535
2026-07-11 14:12:24 [INFO] < ESP32: 63488
2026-07-11 14:12:24 [INFO] < ESP32: 0
2026-07-11 14:12:24 [INFO] < ESP32: 2047
2026-07-11 14:12:24 [INFO] < ESP32: 65535
2026-07-11 14:12:24 [INFO] < ESP32: 63488
2026-07-11 14:12:24 [INFO] < ESP32: 0
2026-07-11 14:12:24 [INFO] < ESP32: 2047
2026-07-11 14:12:24 [INFO] < ESP32: 65535
2026-07-11 14:12:24 [INFO] < ESP32: 63488
2026-07-11 14:12:24 [INFO] < ESP32: 0
2026-07-11 14:12:24 [INFO] < ESP32: 2047
2026-07-11 14:12:24 [INFO] < ESP32: 65535
2026-07-11 14:12:24 [INFO] < ESP32: 63488
2026-07-11 14:12:24 [INFO] < ESP32: 0
2026-07-11 14:12:24 [INFO] < ESP32: 2047
2026-07-11 14:12:24 [INFO] < ESP32: 65535
2026-07-11 14:12:24 [INFO] < ESP32: 63488
2026-07-11 14:12:24 [INFO] < ESP32: 0
2026-07-11 14:12:24 [INFO] < ESP32: 2047
2026-07-11 14:12:24 [INFO] < ESP32: 65535
2026-07-11 14:12:24 [INFO] < ESP32: 63488
2026-07-11 14:12:24 [INFO] < ESP32: 0
2026-07-11 14:12:24 [INFO] < ESP32: 2047
2026-07-11 14:12:24 [INFO] < ESP32: 65535
2026-07-11 14:12:24 [INFO] < ESP32: 63488
2026-07-11 14:12:24 [INFO] < ESP32: 2047
2026-07-11 14:12:24 [INFO] < ESP32: 65535
2026-07-11 14:12:24 [INFO] < ESP32: 63488
2026-07-11 14:12:24 [INFO] < ESP32: 0
2026-07-11 14:12:24 [INFO] < ESP32: 2047
2026-07-11 14:12:24 [INFO] < ESP32: 65535
2026-07-11 14:12:24 [INFO] < ESP32: 65535
2026-07-11 14:12:24 [INFO] < ESP32: 65535
2026-07-11 14:12:24 [INFO] < ESP32: 65535
2026-07-11 14:12:24 [INFO] < ESP32: 63488
2026-07-11 14:12:24 [INFO] < ESP32: 0
2026-07-11 14:12:24 [INFO] < ESP32: 0
2026-07-11 14:12:24 [INFO] < ESP32: 0
2026-07-11 14:12:24 [INFO] < ESP32: 0
2026-07-11 14:12:24 [INFO] < ESP32: 0
2026-07-11 14:12:24 [INFO] < ESP32: 0
2026-07-11 14:12:24 [INFO] < ESP32: 0
2026-07-11 14:12:24 [INFO] < ESP32: 0
2026-07-11 14:12:24 [INFO] < ESP32: 0
2026-07-11 14:12:24 [INFO] < ESP32: 0
2026-07-11 14:12:24 [INFO] < ESP32: 0
2026-07-11 14:12:24 [INFO] < ESP32: 0
2026-07-11 14:12:24 [INFO] < ESP32: 0
2026-07-11 14:12:24 [INFO] < ESP32: 0
2026-07-11 14:12:24 [INFO] < ESP32: 0
2026-07-11 14:12:24 [INFO] < ESP32: 0
2026-07-11 14:12:24 [INFO] < ESP32: 0
2026-07-11 14:12:24 [INFO] < ESP32: 0
2026-07-11 14:12:24 [INFO] < ESP32: 0
2026-07-11 14:12:24 [INFO] < ESP32: 0
2026-07-11 14:12:24 [INFO] < ESP32: 0
2026-07-11 14:12:24 [INFO] < ESP32: 0
2026-07-11 14:12:24 [INFO] < ESP32: 0
2026-07-11 14:12:24 [INFO] < ESP32: 0
2026-07-11 14:12:24 [INFO] < ESP32: 0
2026-07-11 14:12:24 [INFO] < ESP32: 0
2026-07-11 14:12:24 [INFO] < ESP32: 0
2026-07-11 14:12:24 [INFO] < ESP32: 2047
2026-07-11 14:12:24 [INFO] < ESP32: 65535
2026-07-11 14:12:24 [INFO] < ESP32: 65535
2026-07-11 14:12:24 [INFO] < ESP32: 65535
2026-07-11 14:12:24 [INFO] < ESP32: 63488
2026-07-11 14:12:24 [INFO] < ESP32: 0
2026-07-11 14:12:24 [INFO] < ESP32: 0
2026-07-11 14:12:24 [INFO] < ESP32: 2047
2026-07-11 14:12:24 [INFO] < ESP32: 65535
2026-07-11 14:12:24 [INFO] < ESP32: 63488
2026-07-11 14:12:24 [INFO] < ESP32: 0
2026-07-11 14:12:24 [INFO] < ESP32: 2047
2026-07-11 14:12:24 [INFO] < ESP32: 65535
2026-07-11 14:12:24 [INFO] < ESP32: 63488
2026-07-11 14:12:24 [INFO] < ESP32: 0
2026-07-11 14:12:24 [INFO] < ESP32: 2047
2026-07-11 14:12:24 [INFO] < ESP32: 65535
2026-07-11 14:12:24 [INFO] < ESP32: 63488
2026-07-11 14:12:24 [INFO] < ESP32: 0
2026-07-11 14:12:24 [INFO] < ESP32: 2047
2026-07-11 14:12:24 [INFO] < ESP32: 65535
2026-07-11 14:12:24 [INFO] < ESP32: 63488
2026-07-11 14:12:24 [INFO] < ESP32: 0
2026-07-11 14:12:24 [INFO] < ESP32: 2047
2026-07-11 14:12:24 [INFO] < ESP32: 65535
2026-07-11 14:12:24 [INFO] < ESP32: 63488
2026-07-11 14:12:24 [INFO] < ESP32: 0
2026-07-11 14:12:24 [INFO] < ESP32: 2047
2026-07-11 14:12:24 [INFO] < ESP32: 65535
2026-07-11 14:12:24 [INFO] < ESP32: 63488
2026-07-11 14:12:24 [INFO] < ESP32: 0
2026-07-11 14:12:24 [INFO] < ESP32: 0
2026-07-11 14:12:24 [INFO] < ESP32: 2047
2026-07-11 14:12:24 [INFO] < ESP32: 65535
2026-07-11 14:12:24 [INFO] < ESP32: 65535
2026-07-11 14:12:24 [INFO] < ESP32: 65535
2026-07-11 14:12:24 [INFO] < ESP32: 63488
2026-07-11 14:12:24 [INFO] < ESP32: 0
2026-07-11 14:12:24 [INFO] < ESP32: 0
2026-07-11 14:12:24 [INFO] < ESP32: 0
2026-07-11 14:12:24 [INFO] < ESP32: 0
2026-07-11 14:12:24 [INFO] < ESP32: 0
2026-07-11 14:12:24 [INFO] < ESP32: 0
2026-07-11 14:12:24 [INFO] < ESP32: 0
2026-07-11 14:12:24 [INFO] < ESP32: 0
2026-07-11 14:12:24 [INFO] < ESP32: 0
2026-07-11 14:12:24 [INFO] < ESP32: 0
2026-07-11 14:12:24 [INFO] < ESP32: 0
2026-07-11 14:12:24 [INFO] < ESP32: 0
2026-07-11 14:12:24 [INFO] < ESP32: 0
2026-07-11 14:12:24 [INFO] < ESP32: 0
2026-07-11 14:12:24 [INFO] < ESP32: 0
2026-07-11 14:12:24 [INFO] < ESP32: 0
2026-07-11 14:12:24 [INFO] < ESP32: 0
2026-07-11 14:12:24 [INFO] < ESP32: 0
2026-07-11 14:12:24 [INFO] < ESP32: 0
2026-07-11 14:12:24 [INFO] < ESP32: 0
2026-07-11 14:12:24 [INFO] < ESP32: 0
2026-07-11 14:12:24 [INFO] < ESP32: 0
2026-07-11 14:12:24 [INFO] < ESP32: 0
2026-07-11 14:12:24 [INFO] < ESP32: 0
2026-07-11 14:12:24 [INFO] < ESP32: 0
2026-07-11 14:12:24 [INFO] < ESP32: 0
2026-07-11 14:12:24 [INFO] < ESP32: 2047
2026-07-11 14:12:24 [INFO] < ESP32: 65535
2026-07-11 14:12:24 [INFO] < ESP32: 63488
2026-07-11 14:12:24 [INFO] < ESP32: 0
2026-07-11 14:12:24 [INFO] < ESP32: 0
2026-07-11 14:12:24 [INFO] < ESP32: 2047
2026-07-11 14:12:24 [INFO] < ESP32: 65535
2026-07-11 14:12:24 [INFO] < ESP32: 63488
2026-07-11 14:12:24 [INFO] < ESP32: 2047
2026-07-11 14:12:24 [INFO] < ESP32: 65535
2026-07-11 14:12:24 [INFO] < ESP32: 63488
2026-07-11 14:12:24 [INFO] < ESP32: 2047
2026-07-11 14:12:24 [INFO] < ESP32: 63488
2026-07-11 14:12:24 [INFO] < ESP32: 2047
2026-07-11 14:12:24 [INFO] < ESP32: 65535
2026-07-11 14:12:24 [INFO] < ESP32: 63488
2026-07-11 14:12:24 [INFO] < ESP32: 2047
2026-07-11 14:12:24 [INFO] < ESP32: 65535
2026-07-11 14:12:24 [INFO] < ESP32: 65535
2026-07-11 14:12:24 [INFO] < ESP32: 65535
2026-07-11 14:12:24 [INFO] < ESP32: 65535
2026-07-11 14:12:24 [INFO] < ESP32: 65535
2026-07-11 14:12:24 [INFO] < ESP32: 65535
2026-07-11 14:12:24 [INFO] < ESP32: 63488
2026-07-11 14:12:24 [INFO] < ESP32: 2047
2026-07-11 14:12:24 [INFO] < ESP32: 65535
2026-07-11 14:12:24 [INFO] < ESP32: 65535
2026-07-11 14:12:24 [INFO] < ESP32: 65535
2026-07-11 14:12:24 [INFO] < ESP32: 65535
2026-07-11 14:12:24 [INFO] < ESP32: 65535
2026-07-11 14:12:24 [INFO] < ESP32: 65535
2026-07-11 14:12:24 [INFO] < ESP32: 63488
2026-07-11 14:12:24 [INFO] < ESP32: 0
2026-07-11 14:12:24 [INFO] < ESP32: 2047
2026-07-11 14:12:24 [INFO] < ESP32: 65535
2026-07-11 14:12:24 [INFO] < ESP32: 63488
2026-07-11 14:12:24 [INFO] < ESP32: 2047
2026-07-11 14:12:24 [INFO] < ESP32: 65535
2026-07-11 14:12:24 [INFO] < ESP32: 63488
2026-07-11 14:12:24 [INFO] < ESP32: 0
2026-07-11 14:12:24 [INFO] < ESP32: 0
2026-07-11 14:12:24 [INFO] < ESP32: 0
2026-07-11 14:12:24 [INFO] < ESP32: 0
2026-07-11 14:12:24 [INFO] < ESP32: 0
2026-07-11 14:12:24 [INFO] < ESP32: 0
2026-07-11 14:12:24 [INFO] < ESP32: 0
2026-07-11 14:12:24 [INFO] < ESP32: 0
2026-07-11 14:12:24 [INFO] < ESP32: 0
2026-07-11 14:12:24 [INFO] < ESP32: 0
2026-07-11 14:12:24 [INFO] < ESP32: 0
2026-07-11 14:12:24 [INFO] > Sent: DOWN:a
2026-07-11 14:12:24 [INFO] < ESP32: 0
2026-07-11 14:12:24 [INFO] < ESP32: 0
2026-07-11 14:12:24 [INFO] < ESP32: 0
2026-07-11 14:12:24 [INFO] < ESP32: 0
2026-07-11 14:12:24 [INFO] < ESP32: 0
2026-07-11 14:12:24 [INFO] < ESP32: 0
2026-07-11 14:12:24 [INFO] < ESP32: 0
2026-07-11 14:12:24 [INFO] < ESP32: 0
2026-07-11 14:12:24 [INFO] < ESP32: 0
2026-07-11 14:12:24 [INFO] < ESP32: 0
2026-07-11 14:12:24 [INFO] < ESP32: 0
2026-07-11 14:12:24 [INFO] < ESP32: 0
2026-07-11 14:12:24 [INFO] < ESP32: 0
2026-07-11 14:12:24 [INFO] < ESP32: 0
2026-07-11 14:12:24 [INFO] < ESP32: 2047
2026-07-11 14:12:24 [INFO] < ESP32: 65535
2026-07-11 14:12:24 [INFO] < ESP32: 65535
2026-07-11 14:12:24 [INFO] < ESP32: 65535
2026-07-11 14:12:24 [INFO] < ESP32: 65535
2026-07-11 14:12:24 [INFO] < ESP32: 63488
2026-07-11 14:12:24 [INFO] < ESP32: 0
2026-07-11 14:12:24 [INFO] < ESP32: 0
2026-07-11 14:12:24 [INFO] < ESP32: 2047
2026-07-11 14:12:24 [INFO] < ESP32: 65535
2026-07-11 14:12:24 [INFO] < ESP32: 63488
2026-07-11 14:12:24 [INFO] < ESP32: 0
2026-07-11 14:12:24 [INFO] < ESP32: 2047
2026-07-11 14:12:24 [INFO] < ESP32: 65535
2026-07-11 14:12:24 [INFO] < ESP32: 63488
2026-07-11 14:12:24 [INFO] < ESP32: 0
2026-07-11 14:12:24 [INFO] < ESP32: 2047
2026-07-11 14:12:24 [INFO] < ESP32: 65535
2026-07-11 14:12:24 [INFO] < ESP32: 63488
2026-07-11 14:12:24 [INFO] < ESP32: 0
2026-07-11 14:12:24 [INFO] < ESP32: 2047
2026-07-11 14:12:24 [INFO] < ESP32: 65535
2026-07-11 14:12:24 [INFO] < ESP32: 63488
2026-07-11 14:12:24 [INFO] < ESP32: 0
2026-07-11 14:12:24 [INFO] < ESP32: 2047
2026-07-11 14:12:24 [INFO] < ESP32: 65535
2026-07-11 14:12:24 [INFO] < ESP32: 63488
2026-07-11 14:12:24 [INFO] < ESP32: 0
2026-07-11 14:12:24 [INFO] < ESP32: 2047
2026-07-11 14:12:24 [INFO] < ESP32: 65535
2026-07-11 14:12:24 [INFO] < ESP32: 63488
2026-07-11 14:12:24 [INFO] < ESP32: 0
2026-07-11 14:12:24 [INFO] < ESP32: 2047
2026-07-11 14:12:24 [INFO] < ESP32: 65535
2026-07-11 14:12:24 [INFO] < ESP32: 63488
2026-07-11 14:12:24 [INFO] < ESP32: 0
2026-07-11 14:12:24 [INFO] < ESP32: 2047
2026-07-11 14:12:24 [INFO] < ESP32: 65535
2026-07-11 14:12:24 [INFO] < ESP32: 63488
2026-07-11 14:12:24 [INFO] < ESP32: 0
2026-07-11 14:12:24 [INFO] < ESP32: 0
2026-07-11 14:12:24 [INFO] < ESP32: 0
2026-07-11 14:12:24 [INFO] < ESP32: 0
2026-07-11 14:12:24 [INFO] < ESP32: 0
2026-07-11 14:12:24 [INFO] < ESP32: 0
2026-07-11 14:12:24 [INFO] < ESP32: 0
2026-07-11 14:12:24 [INFO] < ESP32: 0
2026-07-11 14:12:24 [INFO] < ESP32: 0
2026-07-11 14:12:24 [INFO] < ESP32: 2047
2026-07-11 14:12:24 [INFO] < ESP32: 65535
2026-07-11 14:12:24 [INFO] < ESP32: 65535
2026-07-11 14:12:24 [INFO] < ESP32: 65535
2026-07-11 14:12:24 [INFO] < ESP32: 65535
2026-07-11 14:12:24 [INFO] < ESP32: 65535
2026-07-11 14:12:24 [INFO] < ESP32: 63488
2026-07-11 14:12:24 [INFO] < ESP32: 0
2026-07-11 14:12:24 [INFO] < ESP32: 0
2026-07-11 14:12:24 [INFO] < ESP32: 2047
2026-07-11 14:12:24 [INFO] < ESP32: 65535
2026-07-11 14:12:24 [INFO] < ESP32: 63488
2026-07-11 14:12:24 [INFO] < ESP32: 0
2026-07-11 14:12:24 [INFO] < ESP32: 2047
2026-07-11 14:12:24 [INFO] < ESP32: 65535
2026-07-11 14:12:24 [INFO] < ESP32: 63488
2026-07-11 14:12:24 [INFO] < ESP32: 0
2026-07-11 14:12:24 [INFO] < ESP32: 2047
2026-07-11 14:12:24 [INFO] < ESP32: 65535
2026-07-11 14:12:24 [INFO] < ESP32: 63488
2026-07-11 14:12:24 [INFO] < ESP32: 0
2026-07-11 14:12:24 [INFO] < ESP32: 2047
2026-07-11 14:12:24 [INFO] < ESP32: 65535
2026-07-11 14:12:24 [INFO] < ESP32: 63488
2026-07-11 14:12:24 [INFO] < ESP32: 0
2026-07-11 14:12:24 [INFO] < ESP32: 2047
2026-07-11 14:12:24 [INFO] < ESP32: 65535
2026-07-11 14:12:24 [INFO] < ESP32: 65535
2026-07-11 14:12:24 [INFO] < ESP32: 65535
2026-07-11 14:12:24 [INFO] < ESP32: 65535
2026-07-11 14:12:24 [INFO] < ESP32: 63488
2026-07-11 14:12:24 [INFO] < ESP32: 0
2026-07-11 14:12:24 [INFO] < ESP32: 0
2026-07-11 14:12:24 [INFO] < ESP32: 2047
2026-07-11 14:12:24 [INFO] < ESP32: 65535
2026-07-11 14:12:24 [INFO] < ESP32: 63488
2026-07-11 14:12:24 [INFO] < ESP32: 2047
2026-07-11 14:12:24 [INFO] < ESP32: 65535
2026-07-11 14:12:24 [INFO] < ESP32: 63488
2026-07-11 14:12:24 [INFO] < ESP32: 0
2026-07-11 14:12:24 [INFO] < ESP32: 0
2026-07-11 14:12:24 [INFO] < ESP32: 2047
2026-07-11 14:12:24 [INFO] < ESP32: 65535
2026-07-11 14:12:24 [INFO] < ESP32: 63488
2026-07-11 14:12:24 [INFO] < ESP32: 0
2026-07-11 14:12:24 [INFO] < ESP32: 2047
2026-07-11 14:12:24 [INFO] < ESP32: 65535
2026-07-11 14:12:24 [INFO] < ESP32: 63488
2026-07-11 14:12:24 [INFO] < ESP32: 2047
2026-07-11 14:12:24 [INFO] < ESP32: 65535
2026-07-11 14:12:24 [INFO] < ESP32: 65535
2026-07-11 14:12:24 [INFO] < ESP32: 63488
2026-07-11 14:12:24 [INFO] < ESP32: 0
2026-07-11 14:12:24 [INFO] < ESP32: 2047
2026-07-11 14:12:24 [INFO] < ESP32: 65535
2026-07-11 14:12:24 [INFO] < ESP32: 63488
2026-07-11 14:12:24 [INFO] < ESP32: 0
2026-07-11 14:12:24 [INFO] < ESP32: 0
2026-07-11 14:12:24 [INFO] < ESP32: 0
2026-07-11 14:12:24 [INFO] < ESP32: 0
2026-07-11 14:12:24 [INFO] < ESP32: 0
2026-07-11 14:12:24 [INFO] < ESP32: 0
2026-07-11 14:12:24 [INFO] < ESP32: 0
2026-07-11 14:12:24 [INFO] < ESP32: 0
2026-07-11 14:12:24 [INFO] < ESP32: 0
2026-07-11 14:12:24 [INFO] < ESP32: 0
2026-07-11 14:12:24 [INFO] < ESP32: 0
2026-07-11 14:12:24 [INFO] < ESP32: 0
2026-07-11 14:12:24 [INFO] < ESP32: 0
2026-07-11 14:12:24 [INFO] < ESP32: 0
2026-07-11 14:12:24 [INFO] < ESP32: 0
2026-07-11 14:12:24 [INFO] < ESP32: 0
2026-07-11 14:12:24 [INFO] < ESP32: 0
2026-07-11 14:12:24 [INFO] < ESP32: 0
2026-07-11 14:12:24 [INFO] < ESP32: 0
2026-07-11 14:12:24 [INFO] < ESP32: 0
2026-07-11 14:12:24 [INFO] < ESP32: 0
2026-07-11 14:12:24 [INFO] < ESP32: 0
2026-07-11 14:12:24 [INFO] < ESP32: 0
2026-07-11 14:12:24 [INFO] < ESP32: 0
2026-07-11 14:12:24 [INFO] < ESP32: 0
2026-07-11 14:12:24 [INFO] < ESP32: 2047
2026-07-11 14:12:24 [INFO] < ESP32: 65535
2026-07-11 14:12:24 [INFO] < ESP32: 65535
2026-07-11 14:12:24 [INFO] < ESP32: 65535
2026-07-11 14:12:24 [INFO] < ESP32: 63488
2026-07-11 14:12:24 [INFO] < ESP32: 0
2026-07-11 14:12:24 [INFO] < ESP32: 0
2026-07-11 14:12:24 [INFO] < ESP32: 2047
2026-07-11 14:12:24 [INFO] < ESP32: 65535
2026-07-11 14:12:24 [INFO] < ESP32: 63488
2026-07-11 14:12:24 [INFO] < ESP32: 0
2026-07-11 14:12:24 [INFO] < ESP32: 2047
2026-07-11 14:12:24 [INFO] < ESP32: 65535
2026-07-11 14:12:24 [INFO] < ESP32: 63488
2026-07-11 14:12:24 [INFO] < ESP32: 0
2026-07-11 14:12:24 [INFO] < ESP32: 2047
2026-07-11 14:12:24 [INFO] < ESP32: 65535
2026-07-11 14:12:24 [INFO] < ESP32: 65535
2026-07-11 14:12:24 [INFO] < ESP32: 65535
2026-07-11 14:12:24 [INFO] < ESP32: 65535
2026-07-11 14:12:24 [INFO] < ESP32: 65535
2026-07-11 14:12:24 [INFO] < ESP32: 63488
2026-07-11 14:12:24 [INFO] < ESP32: 0
2026-07-11 14:12:24 [INFO] < ESP32: 2047
2026-07-11 14:12:24 [INFO] < ESP32: 65535
2026-07-11 14:12:24 [INFO] < ESP32: 63488
2026-07-11 14:12:24 [INFO] < ESP32: 0
2026-07-11 14:12:24 [INFO] < ESP32: 0
2026-07-11 14:12:24 [INFO] < ESP32: 0
2026-07-11 14:12:24 [INFO] < ESP32: 0
2026-07-11 14:12:24 [INFO] < ESP32: 0
2026-07-11 14:12:24 [INFO] < ESP32: 0
2026-07-11 14:12:24 [INFO] < ESP32: 2047
2026-07-11 14:12:24 [INFO] < ESP32: 65535
2026-07-11 14:12:24 [INFO] < ESP32: 65535
2026-07-11 14:12:24 [INFO] < ESP32: 65535
2026-07-11 14:12:24 [INFO] < ESP32: 63488
2026-07-11 14:12:24 [INFO] < ESP32: 0
2026-07-11 14:12:24 [INFO] < ESP32: 0
2026-07-11 14:12:24 [INFO] < ESP32: 0
2026-07-11 14:12:24 [INFO] < ESP32: 0
2026-07-11 14:12:24 [INFO] < ESP32: 0
2026-07-11 14:12:24 [INFO] < ESP32: 0
2026-07-11 14:12:24 [INFO] < ESP32: 0
2026-07-11 14:12:24 [INFO] < ESP32: 0
2026-07-11 14:12:24 [INFO] < ESP32: 0
2026-07-11 14:12:24 [INFO] < ESP32: 0
2026-07-11 14:12:24 [INFO] < ESP32: 0
2026-07-11 14:12:24 [INFO] < ESP32: 0
2026-07-11 14:12:24 [INFO] < ESP32: 0
2026-07-11 14:12:24 [INFO] < ESP32: 0
2026-07-11 14:12:24 [INFO] < ESP32: 0
2026-07-11 14:12:24 [INFO] < ESP32: 0
2026-07-11 14:12:24 [INFO] < ESP32: 0
2026-07-11 14:12:24 [INFO] < ESP32: 0
2026-07-11 14:12:24 [INFO] < ESP32: 0
2026-07-11 14:12:24 [INFO] < ESP32: 0
2026-07-11 14:12:24 [INFO] < ESP32: 0
2026-07-11 14:12:24 [INFO] < ESP32: 0
2026-07-11 14:12:24 [INFO] < ESP32: 0
2026-07-11 14:12:24 [INFO] < ESP32: 0
2026-07-11 14:12:24 [INFO] < ESP32: 0
2026-07-11 14:12:24 [INFO] < ESP32: 0
2026-07-11 14:12:24 [INFO] < ESP32: 0
2026-07-11 14:12:24 [INFO] < ESP32: 2047
2026-07-11 14:12:24 [INFO] < ESP32: 65535
2026-07-11 14:12:24 [INFO] < ESP32: 65535
2026-07-11 14:12:24 [INFO] < ESP32: 65535
2026-07-11 14:12:24 [INFO] < ESP32: 63488
2026-07-11 14:12:24 [INFO] < ESP32: 0
2026-07-11 14:12:24 [INFO] < ESP32: 0
2026-07-11 14:12:24 [INFO] < ESP32: 2047
2026-07-11 14:12:24 [INFO] < ESP32: 65535
2026-07-11 14:12:24 [INFO] < ESP32: 63488
2026-07-11 14:12:24 [INFO] < ESP32: 0
2026-07-11 14:12:24 [INFO] < ESP32: 2047
2026-07-11 14:12:24 [INFO] < ESP32: 65535
2026-07-11 14:12:24 [INFO] < ESP32: 63488
2026-07-11 14:12:24 [INFO] < ESP32: 0
2026-07-11 14:12:24 [INFO] < ESP32: 2047
2026-07-11 14:12:24 [INFO] < ESP32: 65535
2026-07-11 14:12:24 [INFO] < ESP32: 63488
2026-07-11 14:12:24 [INFO] < ESP32: 0
2026-07-11 14:12:24 [INFO] < ESP32: 0
2026-07-11 14:12:24 [INFO] < ESP32: 0
2026-07-11 14:12:24 [INFO] < ESP32: 0
2026-07-11 14:12:24 [INFO] < ESP32: 0
2026-07-11 14:12:24 [INFO] < ESP32: 2047
2026-07-11 14:12:24 [INFO] < ESP32: 65535
2026-07-11 14:12:24 [INFO] < ESP32: 63488
2026-07-11 14:12:24 [INFO] < ESP32: 0
2026-07-11 14:12:24 [INFO] < ESP32: 2047
2026-07-11 14:12:24 [INFO] < ESP32: 65535
2026-07-11 14:12:24 [INFO] < ESP32: 63488
2026-07-11 14:12:24 [INFO] < ESP32: 0
2026-07-11 14:12:24 [INFO] < ESP32: 0
2026-07-11 14:12:24 [INFO] < ESP32: 2047
2026-07-11 14:12:24 [INFO] < ESP32: 65535
2026-07-11 14:12:24 [INFO] < ESP32: 65535
2026-07-11 14:12:24 [INFO] < ESP32: 65535
2026-07-11 14:12:24 [INFO] < ESP32: 63488
2026-07-11 14:12:24 [INFO] < ESP32: 0
2026-07-11 14:12:24 [INFO] < ESP32: 0
2026-07-11 14:12:24 [INFO] < ESP32: 0
2026-07-11 14:12:24 [INFO] < ESP32: 0
2026-07-11 14:12:24 [INFO] < ESP32: 0
2026-07-11 14:12:24 [INFO] < ESP32: 0
2026-07-11 14:12:24 [INFO] < ESP32: 0
2026-07-11 14:12:24 [INFO] < ESP32: 0
2026-07-11 14:12:24 [INFO] < ESP32: 0
2026-07-11 14:12:24 [INFO] < ESP32: 0
2026-07-11 14:12:24 [INFO] < ESP32: 0
2026-07-11 14:12:24 [INFO] < ESP32: 0
2026-07-11 14:12:24 [INFO] < ESP32: 0
2026-07-11 14:12:24 [INFO] < ESP32: 0
2026-07-11 14:12:24 [INFO] < ESP32: 0
2026-07-11 14:12:24 [INFO] < ESP32: 0
2026-07-11 14:12:24 [INFO] < ESP32: 0
2026-07-11 14:12:24 [INFO] < ESP32: 0
2026-07-11 14:12:24 [INFO] < ESP32: 0
2026-07-11 14:12:24 [INFO] < ESP32: 0
2026-07-11 14:12:24 [INFO] < ESP32: 0
2026-07-11 14:12:24 [INFO] < ESP32: 0
2026-07-11 14:12:24 [INFO] < ESP32: 0
2026-07-11 14:12:24 [INFO] < ESP32: 0
2026-07-11 14:12:24 [INFO] < ESP32: 0
2026-07-11 14:12:24 [INFO] < ESP32: 0
2026-07-11 14:12:24 [INFO] < ESP32: 0
2026-07-11 14:12:24 [INFO] < ESP32: 2047
2026-07-11 14:12:24 [INFO] < ESP32: 65535
2026-07-11 14:12:24 [INFO] < ESP32: 65535
2026-07-11 14:12:24 [INFO] < ESP32: 65535
2026-07-11 14:12:24 [INFO] < ESP32: 63488
2026-07-11 14:12:24 [INFO] < ESP32: 0
2026-07-11 14:12:24 [INFO] < ESP32: 0
2026-07-11 14:12:24 [INFO] < ESP32: 2047
2026-07-11 14:12:24 [INFO] < ESP32: 65535
2026-07-11 14:12:24 [INFO] < ESP32: 63488
2026-07-11 14:12:24 [INFO] < ESP32: 0
2026-07-11 14:12:24 [INFO] < ESP32: 2047
2026-07-11 14:12:24 [INFO] < ESP32: 65535
2026-07-11 14:12:24 [INFO] < ESP32: 63488
2026-07-11 14:12:24 [INFO] < ESP32: 0
2026-07-11 14:12:24 [INFO] < ESP32: 2047
2026-07-11 14:12:24 [INFO] < ESP32: 65535
2026-07-11 14:12:24 [INFO] < ESP32: 65535
2026-07-11 14:12:24 [INFO] < ESP32: 65535
2026-07-11 14:12:24 [INFO] < ESP32: 65535
2026-07-11 14:12:24 [INFO] < ESP32: 65535
2026-07-11 14:12:24 [INFO] < ESP32: 63488
2026-07-11 14:12:24 [INFO] < ESP32: 0
2026-07-11 14:12:24 [INFO] < ESP32: 2047
2026-07-11 14:12:24 [INFO] < ESP32: 65535
2026-07-11 14:12:24 [INFO] < ESP32: 63488
2026-07-11 14:12:24 [INFO] < ESP32: 0
2026-07-11 14:12:24 [INFO] < ESP32: 0
2026-07-11 14:12:24 [INFO] < ESP32: 0
2026-07-11 14:12:24 [INFO] < ESP32: 0
2026-07-11 14:12:24 [INFO] < ESP32: 0
2026-07-11 14:12:24 [INFO] < ESP32: 0
2026-07-11 14:12:24 [INFO] < ESP32: 2047
2026-07-11 14:12:24 [INFO] < ESP32: 65535
2026-07-11 14:12:24 [INFO] < ESP32: 65535
2026-07-11 14:12:24 [INFO] < ESP32: 65535
2026-07-11 14:12:24 [INFO] < ESP32: 63488
2026-07-11 14:12:24 [INFO] < ESP32: 0
2026-07-11 14:12:24 [INFO] < ESP32: 0
2026-07-11 14:12:24 [INFO] < ESP32: 0
2026-07-11 14:12:24 [INFO] < ESP32: 0
2026-07-11 14:12:24 [INFO] < ESP32: 0
2026-07-11 14:12:24 [INFO] < ESP32: 0
2026-07-11 14:12:24 [INFO] < ESP32: 0
2026-07-11 14:12:24 [INFO] < ESP32: 0
2026-07-11 14:12:24 [INFO] < ESP32: 0
2026-07-11 14:12:24 [INFO] < ESP32: 0
2026-07-11 14:12:24 [INFO] < ESP32: 0
2026-07-11 14:12:24 [INFO] < ESP32: 0
2026-07-11 14:12:24 [INFO] < ESP32: 2047
2026-07-11 14:12:24 [INFO] < ESP32: 65535
2026-07-11 14:12:24 [INFO] < ESP32: 63488
2026-07-11 14:12:24 [INFO] < ESP32: 0
2026-07-11 14:12:24 [INFO] < ESP32: 0
2026-07-11 14:12:24 [INFO] < ESP32: 0
2026-07-11 14:12:24 [INFO] < ESP32: 0
2026-07-11 14:12:24 [INFO] < ESP32: 0
2026-07-11 14:12:24 [INFO] < ESP32: 0
2026-07-11 14:12:24 [INFO] < ESP32: 0
2026-07-11 14:12:24 [INFO] < ESP32: 0
2026-07-11 14:12:24 [INFO] < ESP32: 0
2026-07-11 14:12:24 [INFO] < ESP32: 0
2026-07-11 14:12:24 [INFO] < ESP32: 0
2026-07-11 14:12:24 [INFO] < ESP32: 0
2026-07-11 14:12:24 [INFO] < ESP32: 2047
2026-07-11 14:12:24 [INFO] < ESP32: 65535
2026-07-11 14:12:24 [INFO] < ESP32: 65535
2026-07-11 14:12:24 [INFO] < ESP32: 63488
2026-07-11 14:12:24 [INFO] < ESP32: 0
2026-07-11 14:12:24 [INFO] < ESP32: 0
2026-07-11 14:12:24 [INFO] < ESP32: 0
2026-07-11 14:12:24 [INFO] < ESP32: 0
2026-07-11 14:12:24 [INFO] < ESP32: 0
2026-07-11 14:12:24 [INFO] < ESP32: 2047
2026-07-11 14:12:24 [INFO] < ESP32: 65535
2026-07-11 14:12:24 [INFO] < ESP32: 63488
2026-07-11 14:12:24 [INFO] < ESP32: 0
2026-07-11 14:12:24 [INFO] < ESP32: 0
2026-07-11 14:12:24 [INFO] < ESP32: 0
2026-07-11 14:12:24 [INFO] < ESP32: 0
2026-07-11 14:12:24 [INFO] < ESP32: 0
2026-07-11 14:12:24 [INFO] < ESP32: 2047
2026-07-11 14:12:24 [INFO] < ESP32: 65535
2026-07-11 14:12:24 [INFO] < ESP32: 63488
2026-07-11 14:12:24 [INFO] < ESP32: 0
2026-07-11 14:12:24 [INFO] < ESP32: 0
2026-07-11 14:12:24 [INFO] < ESP32: 0
2026-07-11 14:12:24 [INFO] < ESP32: 0
2026-07-11 14:12:24 [INFO] < ESP32: 0
2026-07-11 14:12:24 [INFO] < ESP32: 2047
2026-07-11 14:12:24 [INFO] < ESP32: 65535
2026-07-11 14:12:24 [INFO] < ESP32: 63488
2026-07-11 14:12:24 [INFO] < ESP32: 0
2026-07-11 14:12:24 [INFO] < ESP32: 0
2026-07-11 14:12:24 [INFO] < ESP32: 0
2026-07-11 14:12:24 [INFO] < ESP32: 0
2026-07-11 14:12:24 [INFO] < ESP32: 2047
2026-07-11 14:12:24 [INFO] < ESP32: 65535
2026-07-11 14:12:24 [INFO] < ESP32: 65535
2026-07-11 14:12:24 [INFO] < ESP32: 65535
2026-07-11 14:12:24 [INFO] < ESP32: 63488
2026-07-11 14:12:24 [INFO] < ESP32: 0
2026-07-11 14:12:24 [INFO] < ESP32: 0
2026-07-11 14:12:24 [INFO] < ESP32: 0
2026-07-11 14:12:24 [INFO] < ESP32: 0
2026-07-11 14:12:24 [INFO] < ESP32: 0
2026-07-11 14:12:24 [INFO] < ESP32: 0
2026-07-11 14:12:24 [INFO] < ESP32: 0
2026-07-11 14:12:24 [INFO] < ESP32: 0
2026-07-11 14:12:24 [INFO] < ESP32: 0
2026-07-11 14:12:24 [INFO] < ESP32: 0
2026-07-11 14:12:24 [INFO] < ESP32: 0
2026-07-11 14:12:24 [INFO] < ESP32: 0
2026-07-11 14:12:24 [INFO] < ESP32: 0
2026-07-11 14:12:24 [INFO] < ESP32: 0
2026-07-11 14:12:24 [INFO] < ESP32: 0
2026-07-11 14:12:24 [INFO] < ESP32: 0
2026-07-11 14:12:24 [INFO] < ESP32: 0
2026-07-11 14:12:24 [INFO] < ESP32: 0
2026-07-11 14:12:24 [INFO] < ESP32: 0
2026-07-11 14:12:24 [INFO] < ESP32: 0
2026-07-11 14:12:24 [INFO] < ESP32: 0
2026-07-11 14:12:24 [INFO] < ESP32: 0
2026-07-11 14:12:24 [INFO] < ESP32: 0
2026-07-11 14:12:24 [INFO] < ESP32: 0
2026-07-11 14:12:24 [INFO] < ESP32: 0
2026-07-11 14:12:24 [INFO] < ESP32: 0
2026-07-11 14:12:24 [INFO] < ESP32: 2047
2026-07-11 14:12:24 [INFO] < ESP32: 65535
2026-07-11 14:12:24 [INFO] < ESP32: 63488
2026-07-11 14:12:24 [INFO] < ESP32: 0
2026-07-11 14:12:24 [INFO] < ESP32: 2047
2026-07-11 14:12:24 [INFO] < ESP32: 65535
2026-07-11 14:12:24 [INFO] < ESP32: 63488
2026-07-11 14:12:24 [INFO] < ESP32: 0
2026-07-11 14:12:24 [INFO] < ESP32: 2047
2026-07-11 14:12:24 [INFO] < ESP32: 65535
2026-07-11 14:12:24 [INFO] < ESP32: 63488
2026-07-11 14:12:24 [INFO] < ESP32: 0
2026-07-11 14:12:24 [INFO] < ESP32: 2047
2026-07-11 14:12:24 [INFO] < ESP32: 65535
2026-07-11 14:12:24 [INFO] < ESP32: 63488
2026-07-11 14:12:24 [INFO] < ESP32: 0
2026-07-11 14:12:24 [INFO] < ESP32: 2047
2026-07-11 14:12:24 [INFO] < ESP32: 65535
2026-07-11 14:12:24 [INFO] < ESP32: 63488
2026-07-11 14:12:24 [INFO] < ESP32: 0
2026-07-11 14:12:24 [INFO] < ESP32: 2047
2026-07-11 14:12:24 [INFO] < ESP32: 65535
2026-07-11 14:12:24 [INFO] < ESP32: 63488
2026-07-11 14:12:24 [INFO] < ESP32: 0
2026-07-11 14:12:24 [INFO] < ESP32: 0
2026-07-11 14:12:24 [INFO] < ESP32: 2047
2026-07-11 14:12:24 [INFO] < ESP32: 65535
2026-07-11 14:12:24 [INFO] < ESP32: 65535
2026-07-11 14:12:24 [INFO] < ESP32: 65535
2026-07-11 14:12:24 [INFO] < ESP32: 63488
2026-07-11 14:12:24 [INFO] < ESP32: 0
2026-07-11 14:12:24 [INFO] < ESP32: 0
2026-07-11 14:12:24 [INFO] < ESP32: 0
2026-07-11 14:12:24 [INFO] < ESP32: 0
2026-07-11 14:12:24 [INFO] < ESP32: 2047
2026-07-11 14:12:24 [INFO] < ESP32: 65535
2026-07-11 14:12:24 [INFO] < ESP32: 63488
2026-07-11 14:12:24 [INFO] < ESP32: 0
2026-07-11 14:12:24 [INFO] < ESP32: 0
2026-07-11 14:12:24 [INFO] < ESP32: 0
2026-07-11 14:12:24 [INFO] < ESP32: 0
2026-07-11 14:12:24 [INFO] < ESP32: 0
2026-07-11 14:12:24 [INFO] < ESP32: 0
2026-07-11 14:12:24 [INFO] < ESP32: 0
2026-07-11 14:12:24 [INFO] < ESP32: 0
2026-07-11 14:12:24 [INFO] < ESP32: 0
2026-07-11 14:12:24 [INFO] < ESP32: 0
2026-07-11 14:12:24 [INFO] < ESP32: 0
2026-07-11 14:12:24 [INFO] < ESP32: 0
2026-07-11 14:12:24 [INFO] < ESP32: 0
2026-07-11 14:12:24 [INFO] < ESP32: 0
2026-07-11 14:12:24 [INFO] < ESP32: 0
2026-07-11 14:12:24 [INFO] < ESP32: 0
2026-07-11 14:12:24 [INFO] < ESP32: 0
2026-07-11 14:12:24 [INFO] < ESP32: 0
2026-07-11 14:12:24 [INFO] < ESP32: 0
2026-07-11 14:12:24 [INFO] < ESP32: 0
2026-07-11 14:12:24 [INFO] < ESP32: 0
2026-07-11 14:12:24 [INFO] < ESP32: 0
2026-07-11 14:12:24 [INFO] < ESP32: 0
2026-07-11 14:12:24 [INFO] < ESP32: 0
2026-07-11 14:12:24 [INFO] < ESP32: 0
2026-07-11 14:12:24 [INFO] < ESP32: 0
2026-07-11 14:12:24 [INFO] < ESP32: 0
2026-07-11 14:12:24 [INFO] < ESP32: 0
2026-07-11 14:12:24 [INFO] < ESP32: 2047
2026-07-11 14:12:24 [INFO] < ESP32: 65535
2026-07-11 14:12:24 [INFO] < ESP32: 65535
2026-07-11 14:12:24 [INFO] < ESP32: 65535
2026-07-11 14:12:24 [INFO] < ESP32: 63488
2026-07-11 14:12:24 [INFO] < ESP32: 0
2026-07-11 14:12:24 [INFO] < ESP32: 0
2026-07-11 14:12:24 [INFO] < ESP32: 2047
2026-07-11 14:12:24 [INFO] < ESP32: 65535
2026-07-11 14:12:24 [INFO] < ESP32: 63488
2026-07-11 14:12:24 [INFO] < ESP32: 0
2026-07-11 14:12:24 [INFO] < ESP32: 2047
2026-07-11 14:12:24 [INFO] < ESP32: 65535
2026-07-11 14:12:24 [INFO] < ESP32: 63488
2026-07-11 14:12:24 [INFO] < ESP32: 0
2026-07-11 14:12:24 [INFO] < ESP32: 2047
2026-07-11 14:12:24 [INFO] < ESP32: 65535
2026-07-11 14:12:24 [INFO] < ESP32: 65535
2026-07-11 14:12:24 [INFO] < ESP32: 65535
2026-07-11 14:12:24 [INFO] < ESP32: 65535
2026-07-11 14:12:24 [INFO] < ESP32: 65535
2026-07-11 14:12:24 [INFO] < ESP32: 63488
2026-07-11 14:12:24 [INFO] < ESP32: 0
2026-07-11 14:12:24 [INFO] < ESP32: 2047
2026-07-11 14:12:24 [INFO] < ESP32: 65535
2026-07-11 14:12:24 [INFO] < ESP32: 63488
2026-07-11 14:12:24 [INFO] < ESP32: 0
2026-07-11 14:12:24 [INFO] < ESP32: 0
2026-07-11 14:12:24 [INFO] < ESP32: 0
2026-07-11 14:12:24 [INFO] < ESP32: 0
2026-07-11 14:12:24 [INFO] < ESP32: 0
2026-07-11 14:12:24 [INFO] < ESP32: 0
2026-07-11 14:12:24 [INFO] < ESP32: 2047
2026-07-11 14:12:24 [INFO] < ESP32: 65535
2026-07-11 14:12:24 [INFO] < ESP32: 65535
2026-07-11 14:12:24 [INFO] < ESP32: 65535
2026-07-11 14:12:24 [INFO] < ESP32: 63488
2026-07-11 14:12:24 [INFO] < ESP32: 0
2026-07-11 14:12:24 [INFO] < ESP32: 0
2026-07-11 14:12:24 [INFO] < ESP32: 0
2026-07-11 14:12:24 [INFO] < ESP32: 0
2026-07-11 14:12:24 [INFO] < ESP32: 0
2026-07-11 14:12:24 [INFO] < ESP32: 0
2026-07-11 14:12:24 [INFO] < ESP32: 0
2026-07-11 14:12:24 [INFO] < ESP32: 0
2026-07-11 14:12:24 [INFO] < ESP32: 0
2026-07-11 14:12:24 [INFO] < ESP32: 0
2026-07-11 14:12:24 [INFO] < ESP32: 0
2026-07-11 14:12:24 [INFO] < ESP32: 0
2026-07-11 14:12:24 [INFO] < ESP32: 0
2026-07-11 14:12:24 [INFO] < ESP32: 2047
2026-07-11 14:12:24 [INFO] < ESP32: 65535
2026-07-11 14:12:24 [INFO] < ESP32: 65535
2026-07-11 14:12:24 [INFO] < ESP32: 63488
2026-07-11 14:12:24 [INFO] < ESP32: 0
2026-07-11 14:12:24 [INFO] < ESP32: 0
2026-07-11 14:12:24 [INFO] < ESP32: 0
2026-07-11 14:12:24 [INFO] < ESP32: 0
2026-07-11 14:12:24 [INFO] < ESP32: 0
2026-07-11 14:12:24 [INFO] < ESP32: 2047
2026-07-11 14:12:24 [INFO] < ESP32: 65535
2026-07-11 14:12:24 [INFO] < ESP32: 63488
2026-07-11 14:12:24 [INFO] < ESP32: 0
2026-07-11 14:12:24 [INFO] < ESP32: 0
2026-07-11 14:12:24 [INFO] < ESP32: 0
2026-07-11 14:12:24 [INFO] < ESP32: 0
2026-07-11 14:12:24 [INFO] < ESP32: 0
2026-07-11 14:12:24 [INFO] < ESP32: 2047
2026-07-11 14:12:24 [INFO] < ESP32: 65535
2026-07-11 14:12:24 [INFO] < ESP32: 63488
2026-07-11 14:12:24 [INFO] < ESP32: 0
2026-07-11 14:12:24 [INFO] < ESP32: 0
2026-07-11 14:12:24 [INFO] < ESP32: 2047
2026-07-11 14:12:24 [INFO] < ESP32: 65535
2026-07-11 14:12:24 [INFO] < ESP32: 65535
2026-07-11 14:12:24 [INFO] > Sent: UP:a
2026-07-11 14:12:24 [INFO] < ESP32: 65535
2026-07-11 14:12:24 [INFO] < ESP32: 65535
2026-07-11 14:12:24 [INFO] < ESP32: 63488
2026-07-11 14:12:24 [INFO] < ESP32: 0
2026-07-11 14:12:24 [INFO] < ESP32: 2047
2026-07-11 14:12:24 [INFO] < ESP32: 65535
2026-07-11 14:12:24 [INFO] < ESP32: 63488
2026-07-11 14:12:24 [INFO] < ESP32: 0
2026-07-11 14:12:24 [INFO] < ESP32: 2047
2026-07-11 14:12:24 [INFO] < ESP32: 65535
2026-07-11 14:12:24 [INFO] < ESP32: 63488
2026-07-11 14:12:24 [INFO] < ESP32: 0
2026-07-11 14:12:24 [INFO] < ESP32: 2047
2026-07-11 14:12:24 [INFO] < ESP32: 65535
2026-07-11 14:12:24 [INFO] < ESP32: 63488
2026-07-11 14:12:24 [INFO] < ESP32: 0
2026-07-11 14:12:24 [INFO] < ESP32: 2047
2026-07-11 14:12:24 [INFO] < ESP32: 65535
2026-07-11 14:12:24 [INFO] < ESP32: 63488
2026-07-11 14:12:24 [INFO] < ESP32: 0
2026-07-11 14:12:24 [INFO] < ESP32: 0
2026-07-11 14:12:24 [INFO] < ESP32: 2047
2026-07-11 14:12:24 [INFO] < ESP32: 65535
2026-07-11 14:12:24 [INFO] < ESP32: 65535
2026-07-11 14:12:24 [INFO] < ESP32: 63488
2026-07-11 14:12:24 [INFO] < ESP32: 2047
2026-07-11 14:12:24 [INFO] < ESP32: 65535
2026-07-11 14:12:24 [INFO] < ESP32: 63488
2026-07-11 14:12:24 [INFO] < ESP32: 0
2026-07-11 14:12:24 [INFO] < ESP32: 0
2026-07-11 14:12:24 [INFO] < ESP32: 0
2026-07-11 14:12:24 [INFO] < ESP32: 0
2026-07-11 14:12:24 [INFO] < ESP32: 0
2026-07-11 14:12:24 [INFO] < ESP32: 0
2026-07-11 14:12:24 [INFO] < ESP32: 0
2026-07-11 14:12:24 [INFO] < ESP32: 0
2026-07-11 14:12:24 [INFO] < ESP32: 0
2026-07-11 14:12:24 [INFO] < ESP32: 0
2026-07-11 14:12:24 [INFO] < ESP32: 0
2026-07-11 14:12:24 [INFO] < ESP32: 0
2026-07-11 14:12:24 [INFO] < ESP32: 0
2026-07-11 14:12:24 [INFO] < ESP32: 0
2026-07-11 14:12:24 [INFO] < ESP32: 0
2026-07-11 14:12:24 [INFO] < ESP32: 0
2026-07-11 14:12:24 [INFO] < ESP32: 0
2026-07-11 14:12:24 [INFO] < ESP32: 0
2026-07-11 14:12:24 [INFO] < ESP32: 2047
2026-07-11 14:12:24 [INFO] < ESP32: 65535
2026-07-11 14:12:24 [INFO] < ESP32: 63488
2026-07-11 14:12:24 [INFO] < ESP32: 0
2026-07-11 14:12:24 [INFO] < ESP32: 0
2026-07-11 14:12:24 [INFO] < ESP32: 0
2026-07-11 14:12:24 [INFO] < ESP32: 0
2026-07-11 14:12:24 [INFO] < ESP32: 0
2026-07-11 14:12:24 [INFO] < ESP32: 2047
2026-07-11 14:12:24 [INFO] < ESP32: 65535
2026-07-11 14:12:24 [INFO] < ESP32: 63488
2026-07-11 14:12:24 [INFO] < ESP32: 0
2026-07-11 14:12:24 [INFO] < ESP32: 0
2026-07-11 14:12:24 [INFO] < ESP32: 0
2026-07-11 14:12:24 [INFO] < ESP32: 0
2026-07-11 14:12:24 [INFO] < ESP32: 0
2026-07-11 14:12:24 [INFO] < ESP32: 0
2026-07-11 14:12:24 [INFO] < ESP32: 0
2026-07-11 14:12:24 [INFO] < ESP32: 0
2026-07-11 14:12:24 [INFO] < ESP32: 0
2026-07-11 14:12:24 [INFO] < ESP32: 0
2026-07-11 14:12:24 [INFO] < ESP32: 0
2026-07-11 14:12:24 [INFO] < ESP32: 0
2026-07-11 14:12:24 [INFO] < ESP32: 0
2026-07-11 14:12:24 [INFO] < ESP32: 0
2026-07-11 14:12:24 [INFO] < ESP32: 0
2026-07-11 14:12:24 [INFO] < ESP32: 0
2026-07-11 14:12:24 [INFO] < ESP32: 0
2026-07-11 14:12:24 [INFO] < ESP32: 0
2026-07-11 14:12:24 [INFO] < ESP32: 0
2026-07-11 14:12:24 [INFO] < ESP32: 0
2026-07-11 14:12:24 [INFO] < ESP32: 0
2026-07-11 14:12:24 [INFO] < ESP32: 2047
2026-07-11 14:12:24 [INFO] < ESP32: 65535
2026-07-11 14:12:24 [INFO] < ESP32: 63488
2026-07-11 14:12:24 [INFO] < ESP32: 0
2026-07-11 14:12:24 [INFO] < ESP32: 0
2026-07-11 14:12:24 [INFO] < ESP32: 0
2026-07-11 14:12:24 [INFO] < ESP32: 0
2026-07-11 14:12:24 [INFO] < ESP32: 0
2026-07-11 14:12:24 [INFO] < ESP32: 2047
2026-07-11 14:12:24 [INFO] < ESP32: 65535
2026-07-11 14:12:24 [INFO] < ESP32: 63488
2026-07-11 14:12:24 [INFO] < ESP32: 0
2026-07-11 14:12:24 [INFO] < ESP32: 0
2026-07-11 14:12:24 [INFO] < ESP32: 0
2026-07-11 14:12:24 [INFO] < ESP32: 0
2026-07-11 14:12:24 [INFO] < ESP32: 0
2026-07-11 14:12:24 [INFO] < ESP32: 0
2026-07-11 14:12:24 [INFO] < ESP32: 0
2026-07-11 14:12:24 [INFO] < ESP32: 0
2026-07-11 14:12:24 [INFO] < ESP32: 0
2026-07-11 14:12:24 [INFO] < ESP32: 0
2026-07-11 14:12:24 [INFO] < ESP32: 0
2026-07-11 14:12:24 [INFO] < ESP32: 0
2026-07-11 14:12:24 [INFO] < ESP32: 0
2026-07-11 14:12:24 [INFO] < ESP32: 0
2026-07-11 14:12:24 [INFO] < ESP32: 0
2026-07-11 14:12:24 [INFO] < ESP32: 0
2026-07-11 14:12:24 [INFO] < ESP32: 0
2026-07-11 14:12:24 [INFO] < ESP32: 0
2026-07-11 14:12:24 [INFO] < ESP32: 0
2026-07-11 14:12:24 [INFO] < ESP32: 0
2026-07-11 14:12:24 [INFO] < ESP32: 0
2026-07-11 14:12:24 [INFO] < ESP32: 0
2026-07-11 14:12:24 [INFO] < ESP32: 0
2026-07-11 14:12:24 [INFO] < ESP32: 0
2026-07-11 14:12:24 [INFO] < ESP32: 0
2026-07-11 14:12:24 [INFO] < ESP32: 0
2026-07-11 14:12:24 [INFO] < ESP32: 0
2026-07-11 14:12:24 [INFO] < ESP32: 0
2026-07-11 14:12:24 [INFO] < ESP32: 0
2026-07-11 14:12:24 [INFO] < ESP32: 0
2026-07-11 14:12:24 [INFO] < ESP32: 0
2026-07-11 14:12:24 [INFO] < ESP32: 0
2026-07-11 14:12:24 [INFO] < ESP32: 0
2026-07-11 14:12:24 [INFO] < ESP32: 0
2026-07-11 14:12:24 [INFO] < ESP32: 0
2026-07-11 14:12:24 [INFO] < ESP32: 0
2026-07-11 14:12:24 [INFO] < ESP32: 0
2026-07-11 14:12:24 [INFO] < ESP32: 0
2026-07-11 14:12:24 [INFO] < ESP32: 0
2026-07-11 14:12:24 [INFO] < ESP32: 0
2026-07-11 14:12:24 [INFO] < ESP32: 0
2026-07-11 14:12:24 [INFO] < ESP32: 0
2026-07-11 14:12:24 [INFO] < ESP32: 0
2026-07-11 14:12:24 [INFO] < ESP32: 0
2026-07-11 14:12:24 [INFO] < ESP32: 0
2026-07-11 14:12:24 [INFO] < ESP32: 0
2026-07-11 14:12:24 [INFO] < ESP32: 0
2026-07-11 14:12:24 [INFO] < ESP32: 0
2026-07-11 14:12:24 [INFO] < ESP32: 0
2026-07-11 14:12:24 [INFO] < ESP32: 0
2026-07-11 14:12:24 [INFO] < ESP32: 0
2026-07-11 14:12:24 [INFO] < ESP32: 0
2026-07-11 14:12:24 [INFO] < ESP32: 0
2026-07-11 14:12:24 [INFO] < ESP32: 0
2026-07-11 14:12:24 [INFO] < ESP32: 0
2026-07-11 14:12:24 [INFO] < ESP32: 0
2026-07-11 14:12:24 [INFO] < ESP32: 0
2026-07-11 14:12:24 [INFO] < ESP32: 0
2026-07-11 14:12:24 [INFO] < ESP32: 0
2026-07-11 14:12:24 [INFO] < ESP32: 0
2026-07-11 14:12:24 [INFO] < ESP32: 0
2026-07-11 14:12:24 [INFO] < ESP32: 0
2026-07-11 14:12:24 [INFO] < ESP32: 0
2026-07-11 14:12:24 [INFO] < ESP32: 0
2026-07-11 14:12:24 [INFO] < ESP32: 0
2026-07-11 14:12:24 [INFO] < ESP32: 0
2026-07-11 14:12:24 [INFO] < ESP32: 0
2026-07-11 14:12:24 [INFO] < ESP32: 0
2026-07-11 14:12:24 [INFO] < ESP32: 0
2026-07-11 14:12:24 [INFO] < ESP32: 0
2026-07-11 14:12:24 [INFO] < ESP32: 0
2026-07-11 14:12:24 [INFO] < ESP32: 0
2026-07-11 14:12:24 [INFO] < ESP32: 0
2026-07-11 14:12:24 [INFO] < ESP32: 0
2026-07-11 14:12:24 [INFO] < ESP32: 0
2026-07-11 14:12:24 [INFO] < ESP32: 0
2026-07-11 14:12:24 [INFO] < ESP32: 0
2026-07-11 14:12:24 [INFO] < ESP32: 0
2026-07-11 14:12:24 [INFO] < ESP32: 0
2026-07-11 14:12:24 [INFO] < ESP32: 0
2026-07-11 14:12:25 [INFO] < ESP32: 0
2026-07-11 14:12:25 [INFO] < ESP32: 0
2026-07-11 14:12:25 [INFO] < ESP32: 0
2026-07-11 14:12:25 [INFO] < ESP32: 0
2026-07-11 14:12:25 [INFO] < ESP32: 0
2026-07-11 14:12:25 [INFO] < ESP32: 0
2026-07-11 14:12:25 [INFO] < ESP32: 0
2026-07-11 14:12:25 [INFO] < ESP32: 0
2026-07-11 14:12:25 [INFO] < ESP32: 0
2026-07-11 14:12:25 [INFO] < ESP32: 0
2026-07-11 14:12:25 [INFO] < ESP32: 0
2026-07-11 14:12:25 [INFO] < ESP32: 2047
2026-07-11 14:12:25 [INFO] < ESP32: 65535
2026-07-11 14:12:25 [INFO] < ESP32: 65535
2026-07-11 14:12:25 [INFO] < ESP32: 65535
2026-07-11 14:12:25 [INFO] < ESP32: 65535
2026-07-11 14:12:25 [INFO] < ESP32: 65535
2026-07-11 14:12:25 [INFO] < ESP32: 65535
2026-07-11 14:12:25 [INFO] < ESP32: 63488
2026-07-11 14:12:25 [INFO] < ESP32: 2047
2026-07-11 14:12:25 [INFO] < ESP32: 65535
2026-07-11 14:12:25 [INFO] < ESP32: 63488
2026-07-11 14:12:25 [INFO] < ESP32: 2047
2026-07-11 14:12:25 [INFO] < ESP32: 65535
2026-07-11 14:12:25 [INFO] < ESP32: 65535
2026-07-11 14:12:25 [INFO] < ESP32: 65535
2026-07-11 14:12:25 [INFO] < ESP32: 63488
2026-07-11 14:12:25 [INFO] < ESP32: 2047
2026-07-11 14:12:25 [INFO] < ESP32: 65535
2026-07-11 14:12:25 [INFO] < ESP32: 65535
2026-07-11 14:12:25 [INFO] < ESP32: 65535
2026-07-11 14:12:25 [INFO] < ESP32: 65535
2026-07-11 14:12:25 [INFO] < ESP32: 65535
2026-07-11 14:12:25 [INFO] < ESP32: 65535
2026-07-11 14:12:25 [INFO] < ESP32: 63488
2026-07-11 14:12:25 [INFO] < ESP32: 2047
2026-07-11 14:12:25 [INFO] < ESP32: 65535
2026-07-11 14:12:25 [INFO] < ESP32: 65535
2026-07-11 14:12:25 [INFO] < ESP32: 65535
2026-07-11 14:12:25 [INFO] < ESP32: 65535
2026-07-11 14:12:25 [INFO] < ESP32: 65535
2026-07-11 14:12:25 [INFO] < ESP32: 65535
2026-07-11 14:12:25 [INFO] < ESP32: 63488
2026-07-11 14:12:25 [INFO] < ESP32: 0
2026-07-11 14:12:25 [INFO] < ESP32: 2047
2026-07-11 14:12:25 [INFO] < ESP32: 65535
2026-07-11 14:12:25 [INFO] < ESP32: 65535
2026-07-11 14:12:25 [INFO] < ESP32: 65535
2026-07-11 14:12:25 [INFO] < ESP32: 65535
2026-07-11 14:12:25 [INFO] < ESP32: 65535
2026-07-11 14:12:25 [INFO] < ESP32: 63488
2026-07-11 14:12:25 [INFO] < ESP32: 0
2026-07-11 14:12:25 [INFO] < ESP32: 0
2026-07-11 14:12:25 [INFO] < ESP32: 0
2026-07-11 14:12:25 [INFO] < ESP32: 0
2026-07-11 14:12:25 [INFO] < ESP32: 0
2026-07-11 14:12:25 [INFO] < ESP32: 0
2026-07-11 14:12:25 [INFO] < ESP32: 0
2026-07-11 14:12:25 [INFO] < ESP32: 0
2026-07-11 14:12:25 [INFO] < ESP32: 0
2026-07-11 14:12:25 [INFO] < ESP32: 0
2026-07-11 14:12:25 [INFO] < ESP32: 0
2026-07-11 14:12:25 [INFO] < ESP32: 0
2026-07-11 14:12:25 [INFO] < ESP32: 0
2026-07-11 14:12:25 [INFO] < ESP32: 0
2026-07-11 14:12:25 [INFO] < ESP32: 0
2026-07-11 14:12:25 [INFO] < ESP32: 0
2026-07-11 14:12:25 [INFO] < ESP32: 0
2026-07-11 14:12:25 [INFO] < ESP32: 0
2026-07-11 14:12:25 [INFO] < ESP32: 0
2026-07-11 14:12:25 [INFO] < ESP32: 0
2026-07-11 14:12:25 [INFO] < ESP32: 0
2026-07-11 14:12:25 [INFO] < ESP32: 0
2026-07-11 14:12:25 [INFO] < ESP32: 0
2026-07-11 14:12:25 [INFO] < ESP32: 0
2026-07-11 14:12:25 [INFO] < ESP32: 0
2026-07-11 14:12:25 [INFO] < ESP32: 0
2026-07-11 14:12:25 [INFO] < ESP32: 0
2026-07-11 14:12:25 [INFO] < ESP32: 0
2026-07-11 14:12:25 [INFO] < ESP32: 0
2026-07-11 14:12:25 [INFO] < ESP32: 0
2026-07-11 14:12:25 [INFO] < ESP32: 0
2026-07-11 14:12:25 [INFO] < ESP32: 0
2026-07-11 14:12:25 [INFO] < ESP32: 0
2026-07-11 14:12:25 [INFO] < ESP32: 0
2026-07-11 14:12:25 [INFO] < ESP32: 0
2026-07-11 14:12:25 [INFO] < ESP32: 0
2026-07-11 14:12:25 [INFO] < ESP32: 0
2026-07-11 14:12:25 [INFO] < ESP32: 0
2026-07-11 14:12:25 [INFO] < ESP32: 0
2026-07-11 14:12:25 [INFO] < ESP32: 0
2026-07-11 14:12:25 [INFO] < ESP32: 0
2026-07-11 14:12:25 [INFO] < ESP32: 0
2026-07-11 14:12:25 [INFO] < ESP32: 0
2026-07-11 14:12:25 [INFO] < ESP32: 0
2026-07-11 14:12:25 [INFO] < ESP32: 0
2026-07-11 14:12:25 [INFO] < ESP32: 0
2026-07-11 14:12:25 [INFO] < ESP32: 0
2026-07-11 14:12:25 [INFO] < ESP32: 0
2026-07-11 14:12:25 [INFO] < ESP32: 0
2026-07-11 14:12:25 [INFO] < ESP32: 0
2026-07-11 14:12:25 [INFO] < ESP32: 0
2026-07-11 14:12:25 [INFO] < ESP32: 0
2026-07-11 14:12:25 [INFO] < ESP32: 0
2026-07-11 14:12:25 [INFO] < ESP32: 0
2026-07-11 14:12:25 [INFO] < ESP32: 0
2026-07-11 14:12:25 [INFO] < ESP32: 0
2026-07-11 14:12:25 [INFO] < ESP32: 0
2026-07-11 14:12:25 [INFO] < ESP32: 0
2026-07-11 14:12:25 [INFO] < ESP32: 0
2026-07-11 14:12:25 [INFO] < ESP32: 0
2026-07-11 14:12:25 [INFO] < ESP32: 0
2026-07-11 14:12:25 [INFO] < ESP32: 0
2026-07-11 14:12:25 [INFO] < ESP32: 0
2026-07-11 14:12:25 [INFO] < ESP32: 0
2026-07-11 14:12:25 [INFO] < ESP32: 0
2026-07-11 14:12:25 [INFO] < ESP32: 0
2026-07-11 14:12:25 [INFO] < ESP32: 0
2026-07-11 14:12:25 [INFO] < ESP32: 0
2026-07-11 14:12:25 [INFO] < ESP32: 0
2026-07-11 14:12:25 [INFO] < ESP32: 0
2026-07-11 14:12:25 [INFO] < ESP32: 0
2026-07-11 14:12:25 [INFO] < ESP32: 0
2026-07-11 14:12:25 [INFO] < ESP32: 2047
2026-07-11 14:12:25 [INFO] < ESP32: 65535
2026-07-11 14:12:25 [INFO] < ESP32: 65535
2026-07-11 14:12:25 [INFO] < ESP32: 65535
2026-07-11 14:12:25 [INFO] < ESP32: 65535
2026-07-11 14:12:25 [INFO] < ESP32: 63488
2026-07-11 14:12:25 [INFO] < ESP32: 0
2026-07-11 14:12:25 [INFO] < ESP32: 0
2026-07-11 14:12:25 [INFO] < ESP32: 0
2026-07-11 14:12:25 [INFO] < ESP32: 2047
2026-07-11 14:12:25 [INFO] < ESP32: 65535
2026-07-11 14:12:25 [INFO] < ESP32: 63488
2026-07-11 14:12:25 [INFO] < ESP32: 2047
2026-07-11 14:12:25 [INFO] < ESP32: 65535
2026-07-11 14:12:25 [INFO] < ESP32: 63488
2026-07-11 14:12:25 [INFO] < ESP32: 0
2026-07-11 14:12:25 [INFO] < ESP32: 0
2026-07-11 14:12:25 [INFO] < ESP32: 2047
2026-07-11 14:12:25 [INFO] < ESP32: 65535
2026-07-11 14:12:25 [INFO] < ESP32: 63488
2026-07-11 14:12:25 [INFO] < ESP32: 0
2026-07-11 14:12:25 [INFO] < ESP32: 2047
2026-07-11 14:12:25 [INFO] < ESP32: 65535
2026-07-11 14:12:25 [INFO] < ESP32: 63488
2026-07-11 14:12:25 [INFO] < ESP32: 0
2026-07-11 14:12:25 [INFO] < ESP32: 2047
2026-07-11 14:12:25 [INFO] < ESP32: 65535
2026-07-11 14:12:25 [INFO] < ESP32: 63488
2026-07-11 14:12:25 [INFO] < ESP32: 0
2026-07-11 14:12:25 [INFO] < ESP32: 2047
2026-07-11 14:12:25 [INFO] < ESP32: 65535
2026-07-11 14:12:25 [INFO] < ESP32: 63488
2026-07-11 14:12:25 [INFO] < ESP32: 0
2026-07-11 14:12:25 [INFO] < ESP32: 2047
2026-07-11 14:12:25 [INFO] < ESP32: 65535
2026-07-11 14:12:25 [INFO] < ESP32: 63488
2026-07-11 14:12:25 [INFO] < ESP32: 0
2026-07-11 14:12:25 [INFO] < ESP32: 2047
2026-07-11 14:12:25 [INFO] < ESP32: 65535
2026-07-11 14:12:25 [INFO] < ESP32: 63488
2026-07-11 14:12:25 [INFO] < ESP32: 0
2026-07-11 14:12:25 [INFO] < ESP32: 2047
2026-07-11 14:12:25 [INFO] < ESP32: 65535
2026-07-11 14:12:25 [INFO] < ESP32: 63488
2026-07-11 14:12:25 [INFO] < ESP32: 2047
2026-07-11 14:12:25 [INFO] < ESP32: 65535
2026-07-11 14:12:25 [INFO] < ESP32: 63488
2026-07-11 14:12:25 [INFO] < ESP32: 0
2026-07-11 14:12:25 [INFO] < ESP32: 2047
2026-07-11 14:12:25 [INFO] < ESP32: 65535
2026-07-11 14:12:25 [INFO] < ESP32: 65535
2026-07-11 14:12:25 [INFO] < ESP32: 65535
2026-07-11 14:12:25 [INFO] < ESP32: 65535
2026-07-11 14:12:25 [INFO] < ESP32: 63488
2026-07-11 14:12:25 [INFO] < ESP32: 0
2026-07-11 14:12:25 [INFO] < ESP32: 0
2026-07-11 14:12:25 [INFO] < ESP32: 0
2026-07-11 14:12:25 [INFO] < ESP32: 0
2026-07-11 14:12:25 [INFO] < ESP32: 0
2026-07-11 14:12:25 [INFO] < ESP32: 0
2026-07-11 14:12:25 [INFO] < ESP32: 0
2026-07-11 14:12:25 [INFO] < ESP32: 0
2026-07-11 14:12:25 [INFO] < ESP32: 0
2026-07-11 14:12:25 [INFO] < ESP32: 0
2026-07-11 14:12:25 [INFO] < ESP32: 0
2026-07-11 14:12:25 [INFO] < ESP32: 0
2026-07-11 14:12:25 [INFO] < ESP32: 0
2026-07-11 14:12:25 [INFO] < ESP32: 0
2026-07-11 14:12:25 [INFO] < ESP32: 0
2026-07-11 14:12:25 [INFO] < ESP32: 0
2026-07-11 14:12:25 [INFO] < ESP32: 0
2026-07-11 14:12:25 [INFO] < ESP32: 0
2026-07-11 14:12:25 [INFO] < ESP32: 0
2026-07-11 14:12:25 [INFO] < ESP32: 0
2026-07-11 14:12:25 [INFO] < ESP32: 0
2026-07-11 14:12:25 [INFO] < ESP32: 0
2026-07-11 14:12:25 [INFO] < ESP32: 0
2026-07-11 14:12:25 [INFO] < ESP32: 0
2026-07-11 14:12:25 [INFO] < ESP32: 0
2026-07-11 14:12:25 [INFO] < ESP32: 0
2026-07-11 14:12:25 [INFO] < ESP32: 0
2026-07-11 14:12:25 [INFO] < ESP32: 2047
2026-07-11 14:12:25 [INFO] < ESP32: 65535
2026-07-11 14:12:25 [INFO] < ESP32: 65535
2026-07-11 14:12:25 [INFO] < ESP32: 65535
2026-07-11 14:12:25 [INFO] < ESP32: 63488
2026-07-11 14:12:25 [INFO] < ESP32: 0
2026-07-11 14:12:25 [INFO] < ESP32: 0
2026-07-11 14:12:25 [INFO] < ESP32: 2047
2026-07-11 14:12:25 [INFO] < ESP32: 65535
2026-07-11 14:12:25 [INFO] < ESP32: 63488
2026-07-11 14:12:25 [INFO] < ESP32: 0
2026-07-11 14:12:25 [INFO] < ESP32: 2047
2026-07-11 14:12:25 [INFO] < ESP32: 65535
2026-07-11 14:12:25 [INFO] < ESP32: 63488
2026-07-11 14:12:25 [INFO] < ESP32: 0
2026-07-11 14:12:25 [INFO] < ESP32: 2047
2026-07-11 14:12:25 [INFO] < ESP32: 65535
2026-07-11 14:12:25 [INFO] < ESP32: 63488
2026-07-11 14:12:25 [INFO] < ESP32: 0
2026-07-11 14:12:25 [INFO] < ESP32: 2047
2026-07-11 14:12:25 [INFO] < ESP32: 65535
2026-07-11 14:12:25 [INFO] < ESP32: 63488
2026-07-11 14:12:25 [INFO] < ESP32: 0
2026-07-11 14:12:25 [INFO] < ESP32: 2047
2026-07-11 14:12:25 [INFO] < ESP32: 65535
2026-07-11 14:12:25 [INFO] < ESP32: 63488
2026-07-11 14:12:25 [INFO] < ESP32: 0
2026-07-11 14:12:25 [INFO] < ESP32: 2047
2026-07-11 14:12:25 [INFO] < ESP32: 65535
2026-07-11 14:12:25 [INFO] < ESP32: 63488
2026-07-11 14:12:25 [INFO] < ESP32: 0
2026-07-11 14:12:25 [INFO] < ESP32: 0
2026-07-11 14:12:25 [INFO] < ESP32: 2047
2026-07-11 14:12:25 [INFO] < ESP32: 65535
2026-07-11 14:12:25 [INFO] < ESP32: 65535
2026-07-11 14:12:25 [INFO] < ESP32: 65535
2026-07-11 14:12:25 [INFO] < ESP32: 63488
2026-07-11 14:12:25 [INFO] < ESP32: 0
2026-07-11 14:12:25 [INFO] < ESP32: 0
2026-07-11 14:12:25 [INFO] < ESP32: 0
2026-07-11 14:12:25 [INFO] < ESP32: 0
2026-07-11 14:12:25 [INFO] < ESP32: 0
2026-07-11 14:12:25 [INFO] < ESP32: 0
2026-07-11 14:12:25 [INFO] < ESP32: 0
2026-07-11 14:12:25 [INFO] < ESP32: 0
2026-07-11 14:12:25 [INFO] < ESP32: 0
2026-07-11 14:12:25 [INFO] < ESP32: 0
2026-07-11 14:12:25 [INFO] < ESP32: 0
2026-07-11 14:12:25 [INFO] < ESP32: 0
2026-07-11 14:12:25 [INFO] < ESP32: 0
2026-07-11 14:12:25 [INFO] < ESP32: 0
2026-07-11 14:12:25 [INFO] < ESP32: 0
2026-07-11 14:12:25 [INFO] < ESP32: 0
2026-07-11 14:12:25 [INFO] < ESP32: 0
2026-07-11 14:12:25 [INFO] < ESP32: 0
2026-07-11 14:12:25 [INFO] < ESP32: 0
2026-07-11 14:12:25 [INFO] < ESP32: 0
2026-07-11 14:12:25 [INFO] < ESP32: 0
2026-07-11 14:12:25 [INFO] < ESP32: 0
2026-07-11 14:12:25 [INFO] < ESP32: 0
2026-07-11 14:12:25 [INFO] < ESP32: 0
2026-07-11 14:12:25 [INFO] < ESP32: 0
2026-07-11 14:12:25 [INFO] < ESP32: 0
2026-07-11 14:12:25 [INFO] < ESP32: 2047
2026-07-11 14:12:25 [INFO] < ESP32: 65535
2026-07-11 14:12:25 [INFO] < ESP32: 63488
2026-07-11 14:12:25 [INFO] < ESP32: 0
2026-07-11 14:12:25 [INFO] < ESP32: 0
2026-07-11 14:12:25 [INFO] < ESP32: 2047
2026-07-11 14:12:25 [INFO] < ESP32: 65535
2026-07-11 14:12:25 [INFO] < ESP32: 63488
2026-07-11 14:12:25 [INFO] < ESP32: 2047
2026-07-11 14:12:25 [INFO] < ESP32: 65535
2026-07-11 14:12:25 [INFO] < ESP32: 63488
2026-07-11 14:12:25 [INFO] < ESP32: 2047
2026-07-11 14:12:25 [INFO] < ESP32: 63488
2026-07-11 14:12:25 [INFO] < ESP32: 2047
2026-07-11 14:12:25 [INFO] < ESP32: 65535
2026-07-11 14:12:25 [INFO] < ESP32: 63488
2026-07-11 14:12:25 [INFO] < ESP32: 2047
2026-07-11 14:12:25 [INFO] < ESP32: 65535
2026-07-11 14:12:25 [INFO] < ESP32: 65535
2026-07-11 14:12:25 [INFO] < ESP32: 65535
2026-07-11 14:12:25 [INFO] < ESP32: 65535
2026-07-11 14:12:25 [INFO] < ESP32: 65535
2026-07-11 14:12:25 [INFO] < ESP32: 65535
2026-07-11 14:12:25 [INFO] < ESP32: 63488
2026-07-11 14:12:25 [INFO] < ESP32: 2047
2026-07-11 14:12:25 [INFO] < ESP32: 65535
2026-07-11 14:12:25 [INFO] < ESP32: 65535
2026-07-11 14:12:25 [INFO] < ESP32: 65535
2026-07-11 14:12:25 [INFO] < ESP32: 65535
2026-07-11 14:12:25 [INFO] < ESP32: 65535
2026-07-11 14:12:25 [INFO] < ESP32: 65535
2026-07-11 14:12:25 [INFO] < ESP32: 63488
2026-07-11 14:12:25 [INFO] < ESP32: 0
2026-07-11 14:12:25 [INFO] < ESP32: 2047
2026-07-11 14:12:25 [INFO] < ESP32: 65535
2026-07-11 14:12:25 [INFO] < ESP32: 63488
2026-07-11 14:12:25 [INFO] < ESP32: 2047
2026-07-11 14:12:25 [INFO] < ESP32: 65535
2026-07-11 14:12:25 [INFO] < ESP32: 63488
2026-07-11 14:12:25 [INFO] < ESP32: 0
2026-07-11 14:12:25 [INFO] < ESP32: 0
2026-07-11 14:12:25 [INFO] < ESP32: 0
2026-07-11 14:12:25 [INFO] < ESP32: 0
2026-07-11 14:12:25 [INFO] < ESP32: 0
2026-07-11 14:12:25 [INFO] < ESP32: 0
2026-07-11 14:12:25 [INFO] < ESP32: 0
2026-07-11 14:12:25 [INFO] < ESP32: 0
2026-07-11 14:12:25 [INFO] < ESP32: 0
2026-07-11 14:12:25 [INFO] < ESP32: 0
2026-07-11 14:12:25 [INFO] < ESP32: 0
2026-07-11 14:12:25 [INFO] < ESP32: 0
2026-07-11 14:12:25 [INFO] < ESP32: 0
2026-07-11 14:12:25 [INFO] < ESP32: 0
2026-07-11 14:12:25 [INFO] < ESP32: 0
2026-07-11 14:12:25 [INFO] < ESP32: 0
2026-07-11 14:12:25 [INFO] < ESP32: 0
2026-07-11 14:12:25 [INFO] < ESP32: 0
2026-07-11 14:12:25 [INFO] < ESP32: 0
2026-07-11 14:12:25 [INFO] < ESP32: 0
2026-07-11 14:12:25 [INFO] < ESP32: 0
2026-07-11 14:12:25 [INFO] < ESP32: 0
2026-07-11 14:12:25 [INFO] < ESP32: 0
2026-07-11 14:12:25 [INFO] < ESP32: 0
2026-07-11 14:12:25 [INFO] < ESP32: 0
2026-07-11 14:12:25 [INFO] < ESP32: 2047
2026-07-11 14:12:25 [INFO] < ESP32: 65535
2026-07-11 14:12:25 [INFO] < ESP32: 65535
2026-07-11 14:12:25 [INFO] < ESP32: 65535
2026-07-11 14:12:25 [INFO] < ESP32: 65535
2026-07-11 14:12:25 [INFO] < ESP32: 63488
2026-07-11 14:12:25 [INFO] < ESP32: 0
2026-07-11 14:12:25 [INFO] < ESP32: 0
2026-07-11 14:12:25 [INFO] < ESP32: 2047
2026-07-11 14:12:25 [INFO] < ESP32: 65535
2026-07-11 14:12:25 [INFO] < ESP32: 63488
2026-07-11 14:12:25 [INFO] < ESP32: 0
2026-07-11 14:12:25 [INFO] < ESP32: 2047
2026-07-11 14:12:25 [INFO] < ESP32: 65535
2026-07-11 14:12:25 [INFO] < ESP32: 63488
2026-07-11 14:12:25 [INFO] < ESP32: 0
2026-07-11 14:12:25 [INFO] < ESP32: 2047
2026-07-11 14:12:25 [INFO] < ESP32: 65535
2026-07-11 14:12:25 [INFO] < ESP32: 63488
2026-07-11 14:12:25 [INFO] < ESP32: 0
2026-07-11 14:12:25 [INFO] < ESP32: 2047
2026-07-11 14:12:25 [INFO] < ESP32: 65535
2026-07-11 14:12:25 [INFO] < ESP32: 63488
2026-07-11 14:12:25 [INFO] < ESP32: 0
2026-07-11 14:12:25 [INFO] < ESP32: 2047
2026-07-11 14:12:25 [INFO] < ESP32: 65535
2026-07-11 14:12:25 [INFO] < ESP32: 63488
2026-07-11 14:12:25 [INFO] < ESP32: 0
2026-07-11 14:12:25 [INFO] < ESP32: 2047
2026-07-11 14:12:25 [INFO] < ESP32: 65535
2026-07-11 14:12:25 [INFO] < ESP32: 63488
2026-07-11 14:12:25 [INFO] < ESP32: 0
2026-07-11 14:12:25 [INFO] < ESP32: 2047
2026-07-11 14:12:25 [INFO] < ESP32: 65535
2026-07-11 14:12:25 [INFO] < ESP32: 63488
2026-07-11 14:12:25 [INFO] < ESP32: 0
2026-07-11 14:12:25 [INFO] < ESP32: 2047
2026-07-11 14:12:25 [INFO] < ESP32: 65535
2026-07-11 14:12:25 [INFO] < ESP32: 63488
2026-07-11 14:12:25 [INFO] < ESP32: 0
2026-07-11 14:12:25 [INFO] < ESP32: 0
2026-07-11 14:12:25 [INFO] < ESP32: 0
2026-07-11 14:12:25 [INFO] < ESP32: 0
2026-07-11 14:12:25 [INFO] < ESP32: 0
2026-07-11 14:12:25 [INFO] < ESP32: 0
2026-07-11 14:12:25 [INFO] < ESP32: 0
2026-07-11 14:12:25 [INFO] < ESP32: 0
2026-07-11 14:12:25 [INFO] < ESP32: 0
2026-07-11 14:12:25 [INFO] < ESP32: 2047
2026-07-11 14:12:25 [INFO] < ESP32: 65535
2026-07-11 14:12:25 [INFO] < ESP32: 65535
2026-07-11 14:12:25 [INFO] < ESP32: 65535
2026-07-11 14:12:25 [INFO] < ESP32: 65535
2026-07-11 14:12:25 [INFO] < ESP32: 65535
2026-07-11 14:12:25 [INFO] < ESP32: 63488
2026-07-11 14:12:25 [INFO] < ESP32: 0
2026-07-11 14:12:25 [INFO] < ESP32: 0
2026-07-11 14:12:25 [INFO] < ESP32: 2047
2026-07-11 14:12:25 [INFO] < ESP32: 65535
2026-07-11 14:12:25 [INFO] < ESP32: 63488
2026-07-11 14:12:25 [INFO] < ESP32: 0
2026-07-11 14:12:25 [INFO] < ESP32: 2047
2026-07-11 14:12:25 [INFO] < ESP32: 65535
2026-07-11 14:12:25 [INFO] < ESP32: 63488
2026-07-11 14:12:25 [INFO] < ESP32: 0
2026-07-11 14:12:25 [INFO] < ESP32: 2047
2026-07-11 14:12:25 [INFO] < ESP32: 65535
2026-07-11 14:12:25 [INFO] < ESP32: 63488
2026-07-11 14:12:25 [INFO] < ESP32: 0
2026-07-11 14:12:25 [INFO] < ESP32: 2047
2026-07-11 14:12:25 [INFO] < ESP32: 65535
2026-07-11 14:12:25 [INFO] < ESP32: 63488
2026-07-11 14:12:25 [INFO] < ESP32: 0
2026-07-11 14:12:25 [INFO] < ESP32: 2047
2026-07-11 14:12:25 [INFO] < ESP32: 65535
2026-07-11 14:12:25 [INFO] < ESP32: 65535
2026-07-11 14:12:25 [INFO] < ESP32: 65535
2026-07-11 14:12:25 [INFO] < ESP32: 65535
2026-07-11 14:12:25 [INFO] < ESP32: 63488
2026-07-11 14:12:25 [INFO] < ESP32: 0
2026-07-11 14:12:25 [INFO] < ESP32: 0
2026-07-11 14:12:25 [INFO] < ESP32: 2047
2026-07-11 14:12:25 [INFO] < ESP32: 65535
2026-07-11 14:12:25 [INFO] < ESP32: 63488
2026-07-11 14:12:25 [INFO] < ESP32: 2047
2026-07-11 14:12:25 [INFO] < ESP32: 65535
2026-07-11 14:12:25 [INFO] < ESP32: 63488
2026-07-11 14:12:25 [INFO] < ESP32: 0
2026-07-11 14:12:25 [INFO] < ESP32: 0
2026-07-11 14:12:25 [INFO] < ESP32: 2047
2026-07-11 14:12:25 [INFO] < ESP32: 65535
2026-07-11 14:12:25 [INFO] < ESP32: 63488
2026-07-11 14:12:25 [INFO] < ESP32: 0
2026-07-11 14:12:25 [INFO] < ESP32: 2047
2026-07-11 14:12:25 [INFO] < ESP32: 65535
2026-07-11 14:12:25 [INFO] < ESP32: 63488
2026-07-11 14:12:25 [INFO] < ESP32: 2047
2026-07-11 14:12:25 [INFO] < ESP32: 65535
2026-07-11 14:12:25 [INFO] < ESP32: 65535
2026-07-11 14:12:25 [INFO] < ESP32: 63488
2026-07-11 14:12:25 [INFO] < ESP32: 0
2026-07-11 14:12:25 [INFO] < ESP32: 2047
2026-07-11 14:12:25 [INFO] < ESP32: 65535
2026-07-11 14:12:25 [INFO] < ESP32: 63488
2026-07-11 14:12:25 [INFO] < ESP32: 0
2026-07-11 14:12:25 [INFO] < ESP32: 0
2026-07-11 14:12:25 [INFO] < ESP32: 0
2026-07-11 14:12:25 [INFO] < ESP32: 0
2026-07-11 14:12:25 [INFO] < ESP32: 0
2026-07-11 14:12:25 [INFO] < ESP32: 0
2026-07-11 14:12:25 [INFO] < ESP32: 0
2026-07-11 14:12:25 [INFO] < ESP32: 0
2026-07-11 14:12:25 [INFO] < ESP32: 0
2026-07-11 14:12:25 [INFO] < ESP32: 0
2026-07-11 14:12:25 [INFO] < ESP32: 0
2026-07-11 14:12:25 [INFO] < ESP32: 0
2026-07-11 14:12:25 [INFO] < ESP32: 0
2026-07-11 14:12:25 [INFO] < ESP32: 0
2026-07-11 14:12:25 [INFO] < ESP32: 0
2026-07-11 14:12:25 [INFO] < ESP32: 0
2026-07-11 14:12:25 [INFO] < ESP32: 0
2026-07-11 14:12:25 [INFO] < ESP32: 0
2026-07-11 14:12:25 [INFO] < ESP32: 0
2026-07-11 14:12:25 [INFO] < ESP32: 0
2026-07-11 14:12:25 [INFO] < ESP32: 0
2026-07-11 14:12:25 [INFO] < ESP32: 0
2026-07-11 14:12:25 [INFO] < ESP32: 0
2026-07-11 14:12:25 [INFO] < ESP32: 0
2026-07-11 14:12:25 [INFO] < ESP32: 0
2026-07-11 14:12:25 [INFO] < ESP32: 2047
2026-07-11 14:12:25 [INFO] < ESP32: 65535
2026-07-11 14:12:25 [INFO] < ESP32: 65535
2026-07-11 14:12:25 [INFO] < ESP32: 65535
2026-07-11 14:12:25 [INFO] < ESP32: 63488
2026-07-11 14:12:25 [INFO] < ESP32: 0
2026-07-11 14:12:25 [INFO] < ESP32: 0
2026-07-11 14:12:25 [INFO] < ESP32: 2047
2026-07-11 14:12:25 [INFO] < ESP32: 65535
2026-07-11 14:12:25 [INFO] < ESP32: 63488
2026-07-11 14:12:25 [INFO] < ESP32: 0
2026-07-11 14:12:25 [INFO] < ESP32: 2047
2026-07-11 14:12:25 [INFO] < ESP32: 65535
2026-07-11 14:12:25 [INFO] < ESP32: 63488
2026-07-11 14:12:25 [INFO] < ESP32: 0
2026-07-11 14:12:25 [INFO] < ESP32: 2047
2026-07-11 14:12:25 [INFO] < ESP32: 65535
2026-07-11 14:12:25 [INFO] < ESP32: 65535
2026-07-11 14:12:25 [INFO] < ESP32: 65535
2026-07-11 14:12:25 [INFO] < ESP32: 65535
2026-07-11 14:12:25 [INFO] < ESP32: 65535
2026-07-11 14:12:25 [INFO] < ESP32: 63488
2026-07-11 14:12:25 [INFO] < ESP32: 0
2026-07-11 14:12:25 [INFO] < ESP32: 2047
2026-07-11 14:12:25 [INFO] < ESP32: 65535
2026-07-11 14:12:25 [INFO] < ESP32: 63488
2026-07-11 14:12:25 [INFO] < ESP32: 0
2026-07-11 14:12:25 [INFO] < ESP32: 0
2026-07-11 14:12:25 [INFO] < ESP32: 0
2026-07-11 14:12:25 [INFO] < ESP32: 0
2026-07-11 14:12:25 [INFO] < ESP32: 0
2026-07-11 14:12:25 [INFO] < ESP32: 0
2026-07-11 14:12:25 [INFO] < ESP32: 2047
2026-07-11 14:12:25 [INFO] < ESP32: 65535
2026-07-11 14:12:25 [INFO] < ESP32: 65535
2026-07-11 14:12:25 [INFO] < ESP32: 65535
2026-07-11 14:12:25 [INFO] < ESP32: 63488
2026-07-11 14:12:25 [INFO] < ESP32: 0
2026-07-11 14:12:25 [INFO] < ESP32: 0
2026-07-11 14:12:25 [INFO] < ESP32: 0
2026-07-11 14:12:25 [INFO] < ESP32: 0
2026-07-11 14:12:25 [INFO] < ESP32: 0
2026-07-11 14:12:25 [INFO] < ESP32: 0
2026-07-11 14:12:25 [INFO] < ESP32: 0
2026-07-11 14:12:25 [INFO] < ESP32: 0
2026-07-11 14:12:25 [INFO] < ESP32: 0
2026-07-11 14:12:25 [INFO] < ESP32: 0
2026-07-11 14:12:25 [INFO] < ESP32: 0
2026-07-11 14:12:25 [INFO] < ESP32: 0
2026-07-11 14:12:25 [INFO] < ESP32: 0
2026-07-11 14:12:25 [INFO] < ESP32: 0
2026-07-11 14:12:25 [INFO] < ESP32: 0
2026-07-11 14:12:25 [INFO] < ESP32: 0
2026-07-11 14:12:25 [INFO] < ESP32: 0
2026-07-11 14:12:25 [INFO] < ESP32: 0
2026-07-11 14:12:25 [INFO] < ESP32: 0
2026-07-11 14:12:25 [INFO] < ESP32: 0
2026-07-11 14:12:25 [INFO] < ESP32: 0
2026-07-11 14:12:25 [INFO] < ESP32: 0
2026-07-11 14:12:25 [INFO] < ESP32: 0
2026-07-11 14:12:25 [INFO] < ESP32: 0
2026-07-11 14:12:25 [INFO] < ESP32: 0
2026-07-11 14:12:25 [INFO] < ESP32: 0
2026-07-11 14:12:25 [INFO] < ESP32: 0
2026-07-11 14:12:25 [INFO] < ESP32: 2047
2026-07-11 14:12:25 [INFO] < ESP32: 65535
2026-07-11 14:12:25 [INFO] < ESP32: 65535
2026-07-11 14:12:25 [INFO] < ESP32: 65535
2026-07-11 14:12:25 [INFO] < ESP32: 63488
2026-07-11 14:12:25 [INFO] < ESP32: 0
2026-07-11 14:12:25 [INFO] < ESP32: 0
2026-07-11 14:12:25 [INFO] < ESP32: 2047
2026-07-11 14:12:25 [INFO] < ESP32: 65535
2026-07-11 14:12:25 [INFO] < ESP32: 63488
2026-07-11 14:12:25 [INFO] < ESP32: 0
2026-07-11 14:12:25 [INFO] < ESP32: 2047
2026-07-11 14:12:25 [INFO] < ESP32: 65535
2026-07-11 14:12:25 [INFO] < ESP32: 63488
2026-07-11 14:12:25 [INFO] < ESP32: 0
2026-07-11 14:12:25 [INFO] < ESP32: 2047
2026-07-11 14:12:25 [INFO] < ESP32: 65535
2026-07-11 14:12:25 [INFO] < ESP32: 63488
2026-07-11 14:12:25 [INFO] < ESP32: 0
2026-07-11 14:12:25 [INFO] < ESP32: 0
2026-07-11 14:12:25 [INFO] < ESP32: 0
2026-07-11 14:12:25 [INFO] < ESP32: 0
2026-07-11 14:12:25 [INFO] < ESP32: 0
2026-07-11 14:12:25 [INFO] < ESP32: 2047
2026-07-11 14:12:25 [INFO] < ESP32: 65535
2026-07-11 14:12:25 [INFO] < ESP32: 63488
2026-07-11 14:12:25 [INFO] < ESP32: 0
2026-07-11 14:12:25 [INFO] < ESP32: 2047
2026-07-11 14:12:25 [INFO] < ESP32: 65535
2026-07-11 14:12:25 [INFO] < ESP32: 63488
2026-07-11 14:12:25 [INFO] < ESP32: 0
2026-07-11 14:12:25 [INFO] < ESP32: 0
2026-07-11 14:12:25 [INFO] < ESP32: 2047
2026-07-11 14:12:25 [INFO] < ESP32: 65535
2026-07-11 14:12:25 [INFO] < ESP32: 65535
2026-07-11 14:12:25 [INFO] < ESP32: 65535
2026-07-11 14:12:25 [INFO] < ESP32: 63488
2026-07-11 14:12:25 [INFO] < ESP32: 0
2026-07-11 14:12:25 [INFO] < ESP32: 0
2026-07-11 14:12:25 [INFO] < ESP32: 0
2026-07-11 14:12:25 [INFO] < ESP32: 0
2026-07-11 14:12:25 [INFO] < ESP32: 0
2026-07-11 14:12:25 [INFO] < ESP32: 0
2026-07-11 14:12:25 [INFO] < ESP32: 0
2026-07-11 14:12:25 [INFO] < ESP32: 0
2026-07-11 14:12:25 [INFO] < ESP32: 0
2026-07-11 14:12:25 [INFO] < ESP32: 0
2026-07-11 14:12:25 [INFO] < ESP32: 0
2026-07-11 14:12:25 [INFO] < ESP32: 0
2026-07-11 14:12:25 [INFO] < ESP32: 0
2026-07-11 14:12:25 [INFO] < ESP32: 0
2026-07-11 14:12:25 [INFO] < ESP32: 0
2026-07-11 14:12:25 [INFO] < ESP32: 0
2026-07-11 14:12:25 [INFO] < ESP32: 0
2026-07-11 14:12:25 [INFO] < ESP32: 0
2026-07-11 14:12:25 [INFO] < ESP32: 0
2026-07-11 14:12:25 [INFO] < ESP32: 0
2026-07-11 14:12:25 [INFO] < ESP32: 0
2026-07-11 14:12:25 [INFO] < ESP32: 0
2026-07-11 14:12:25 [INFO] < ESP32: 0
2026-07-11 14:12:25 [INFO] < ESP32: 0
2026-07-11 14:12:25 [INFO] < ESP32: 0
2026-07-11 14:12:25 [INFO] < ESP32: 0
2026-07-11 14:12:25 [INFO] < ESP32: 0
2026-07-11 14:12:25 [INFO] < ESP32: 2047
2026-07-11 14:12:25 [INFO] < ESP32: 65535
2026-07-11 14:12:25 [INFO] < ESP32: 65535
2026-07-11 14:12:25 [INFO] < ESP32: 65535
2026-07-11 14:12:25 [INFO] < ESP32: 63488
2026-07-11 14:12:25 [INFO] < ESP32: 0
2026-07-11 14:12:25 [INFO] < ESP32: 0
2026-07-11 14:12:25 [INFO] < ESP32: 2047
2026-07-11 14:12:25 [INFO] < ESP32: 65535
2026-07-11 14:12:25 [INFO] < ESP32: 63488
2026-07-11 14:12:25 [INFO] < ESP32: 0
2026-07-11 14:12:25 [INFO] < ESP32: 2047
2026-07-11 14:12:25 [INFO] < ESP32: 65535
2026-07-11 14:12:25 [INFO] < ESP32: 63488
2026-07-11 14:12:25 [INFO] < ESP32: 0
2026-07-11 14:12:25 [INFO] < ESP32: 2047
2026-07-11 14:12:25 [INFO] < ESP32: 65535
2026-07-11 14:12:25 [INFO] < ESP32: 65535
2026-07-11 14:12:25 [INFO] < ESP32: 65535
2026-07-11 14:12:25 [INFO] < ESP32: 65535
2026-07-11 14:12:25 [INFO] < ESP32: 65535
2026-07-11 14:12:25 [INFO] < ESP32: 63488
2026-07-11 14:12:25 [INFO] < ESP32: 0
2026-07-11 14:12:25 [INFO] < ESP32: 2047
2026-07-11 14:12:25 [INFO] < ESP32: 65535
2026-07-11 14:12:25 [INFO] < ESP32: 63488
2026-07-11 14:12:25 [INFO] < ESP32: 0
2026-07-11 14:12:25 [INFO] < ESP32: 0
2026-07-11 14:12:25 [INFO] < ESP32: 0
2026-07-11 14:12:25 [INFO] < ESP32: 0
2026-07-11 14:12:25 [INFO] < ESP32: 0
2026-07-11 14:12:25 [INFO] < ESP32: 0
2026-07-11 14:12:25 [INFO] < ESP32: 2047
2026-07-11 14:12:25 [INFO] < ESP32: 65535
2026-07-11 14:12:25 [INFO] < ESP32: 65535
2026-07-11 14:12:25 [INFO] < ESP32: 65535
2026-07-11 14:12:25 [INFO] < ESP32: 63488
2026-07-11 14:12:25 [INFO] < ESP32: 0
2026-07-11 14:12:25 [INFO] < ESP32: 0
2026-07-11 14:12:25 [INFO] < ESP32: 0
2026-07-11 14:12:25 [INFO] < ESP32: 0
2026-07-11 14:12:25 [INFO] < ESP32: 0
2026-07-11 14:12:25 [INFO] < ESP32: 0
2026-07-11 14:12:25 [INFO] < ESP32: 0
2026-07-11 14:12:25 [INFO] < ESP32: 0
2026-07-11 14:12:25 [INFO] < ESP32: 0
2026-07-11 14:12:25 [INFO] < ESP32: 0
2026-07-11 14:12:25 [INFO] < ESP32: 0
2026-07-11 14:12:25 [INFO] < ESP32: 0
2026-07-11 14:12:25 [INFO] < ESP32: 2047
2026-07-11 14:12:25 [INFO] < ESP32: 65535
2026-07-11 14:12:25 [INFO] < ESP32: 63488
2026-07-11 14:12:25 [INFO] < ESP32: 0
2026-07-11 14:12:25 [INFO] < ESP32: 0
2026-07-11 14:12:25 [INFO] < ESP32: 0
2026-07-11 14:12:25 [INFO] < ESP32: 0
2026-07-11 14:12:25 [INFO] < ESP32: 0
2026-07-11 14:12:25 [INFO] < ESP32: 0
2026-07-11 14:12:25 [INFO] < ESP32: 0
2026-07-11 14:12:25 [INFO] < ESP32: 0
2026-07-11 14:12:25 [INFO] < ESP32: 0
2026-07-11 14:12:25 [INFO] < ESP32: 0
2026-07-11 14:12:25 [INFO] < ESP32: 0
2026-07-11 14:12:25 [INFO] < ESP32: 0
2026-07-11 14:12:25 [INFO] < ESP32: 2047
2026-07-11 14:12:25 [INFO] < ESP32: 65535
2026-07-11 14:12:25 [INFO] < ESP32: 65535
2026-07-11 14:12:25 [INFO] < ESP32: 63488
2026-07-11 14:12:25 [INFO] < ESP32: 0
2026-07-11 14:12:25 [INFO] < ESP32: 0
2026-07-11 14:12:25 [INFO] < ESP32: 0
2026-07-11 14:12:25 [INFO] < ESP32: 0
2026-07-11 14:12:25 [INFO] < ESP32: 0
2026-07-11 14:12:25 [INFO] < ESP32: 2047
2026-07-11 14:12:25 [INFO] < ESP32: 65535
2026-07-11 14:12:25 [INFO] < ESP32: 63488
2026-07-11 14:12:25 [INFO] < ESP32: 0
2026-07-11 14:12:25 [INFO] < ESP32: 0
2026-07-11 14:12:25 [INFO] < ESP32: 0
2026-07-11 14:12:25 [INFO] < ESP32: 0
2026-07-11 14:12:25 [INFO] < ESP32: 0
2026-07-11 14:12:25 [INFO] < ESP32: 2047
2026-07-11 14:12:25 [INFO] < ESP32: 65535
2026-07-11 14:12:25 [INFO] < ESP32: 63488
2026-07-11 14:12:25 [INFO] < ESP32: 0
2026-07-11 14:12:25 [INFO] < ESP32: 0
2026-07-11 14:12:25 [INFO] < ESP32: 0
2026-07-11 14:12:25 [INFO] < ESP32: 0
2026-07-11 14:12:25 [INFO] < ESP32: 0
2026-07-11 14:12:25 [INFO] < ESP32: 2047
2026-07-11 14:12:25 [INFO] < ESP32: 65535
2026-07-11 14:12:25 [INFO] < ESP32: 63488
2026-07-11 14:12:25 [INFO] < ESP32: 0
2026-07-11 14:12:25 [INFO] < ESP32: 0
2026-07-11 14:12:25 [INFO] < ESP32: 0
2026-07-11 14:12:25 [INFO] < ESP32: 0
2026-07-11 14:12:25 [INFO] < ESP32: 2047
2026-07-11 14:12:25 [INFO] < ESP32: 65535
2026-07-11 14:12:25 [INFO] < ESP32: 65535
2026-07-11 14:12:25 [INFO] < ESP32: 65535
2026-07-11 14:12:25 [INFO] < ESP32: 63488
2026-07-11 14:12:25 [INFO] < ESP32: 0
2026-07-11 14:12:25 [INFO] < ESP32: 0
2026-07-11 14:12:25 [INFO] < ESP32: 0
2026-07-11 14:12:25 [INFO] < ESP32: 0
2026-07-11 14:12:25 [INFO] < ESP32: 0
2026-07-11 14:12:25 [INFO] < ESP32: 0
2026-07-11 14:12:25 [INFO] < ESP32: 0
2026-07-11 14:12:25 [INFO] < ESP32: 0
2026-07-11 14:12:25 [INFO] < ESP32: 0
2026-07-11 14:12:25 [INFO] < ESP32: 0
2026-07-11 14:12:25 [INFO] < ESP32: 0
2026-07-11 14:12:25 [INFO] < ESP32: 0
2026-07-11 14:12:25 [INFO] < ESP32: 0
2026-07-11 14:12:25 [INFO] < ESP32: 0
2026-07-11 14:12:25 [INFO] < ESP32: 0
2026-07-11 14:12:25 [INFO] < ESP32: 0
2026-07-11 14:12:25 [INFO] < ESP32: 0
2026-07-11 14:12:25 [INFO] < ESP32: 0
2026-07-11 14:12:25 [INFO] < ESP32: 0
2026-07-11 14:12:25 [INFO] < ESP32: 0
2026-07-11 14:12:25 [INFO] < ESP32: 0
2026-07-11 14:12:25 [INFO] < ESP32: 0
2026-07-11 14:12:25 [INFO] < ESP32: 0
2026-07-11 14:12:25 [INFO] < ESP32: 0
2026-07-11 14:12:25 [INFO] < ESP32: 0
2026-07-11 14:12:25 [INFO] < ESP32: 0
2026-07-11 14:12:25 [INFO] < ESP32: 2047
2026-07-11 14:12:25 [INFO] < ESP32: 65535
2026-07-11 14:12:25 [INFO] < ESP32: 63488
2026-07-11 14:12:25 [INFO] < ESP32: 0
2026-07-11 14:12:25 [INFO] < ESP32: 2047
2026-07-11 14:12:25 [INFO] < ESP32: 65535
2026-07-11 14:12:25 [INFO] < ESP32: 63488
2026-07-11 14:12:25 [INFO] < ESP32: 0
2026-07-11 14:12:25 [INFO] < ESP32: 2047
2026-07-11 14:12:25 [INFO] < ESP32: 65535
2026-07-11 14:12:25 [INFO] < ESP32: 63488
2026-07-11 14:12:25 [INFO] < ESP32: 0
2026-07-11 14:12:25 [INFO] < ESP32: 2047
2026-07-11 14:12:25 [INFO] < ESP32: 65535
2026-07-11 14:12:25 [INFO] < ESP32: 63488
2026-07-11 14:12:25 [INFO] < ESP32: 0
2026-07-11 14:12:25 [INFO] < ESP32: 2047
2026-07-11 14:12:25 [INFO] < ESP32: 65535
2026-07-11 14:12:25 [INFO] < ESP32: 63488
2026-07-11 14:12:25 [INFO] < ESP32: 0
2026-07-11 14:12:25 [INFO] < ESP32: 2047
2026-07-11 14:12:25 [INFO] < ESP32: 65535
2026-07-11 14:12:25 [INFO] < ESP32: 63488
2026-07-11 14:12:25 [INFO] < ESP32: 0
2026-07-11 14:12:25 [INFO] < ESP32: 0
2026-07-11 14:12:25 [INFO] < ESP32: 2047
2026-07-11 14:12:25 [INFO] < ESP32: 65535
2026-07-11 14:12:25 [INFO] < ESP32: 65535
2026-07-11 14:12:25 [INFO] < ESP32: 65535
2026-07-11 14:12:25 [INFO] < ESP32: 63488
2026-07-11 14:12:25 [INFO] < ESP32: 0
2026-07-11 14:12:25 [INFO] < ESP32: 0
2026-07-11 14:12:25 [INFO] < ESP32: 0
2026-07-11 14:12:25 [INFO] < ESP32: 0
2026-07-11 14:12:25 [INFO] < ESP32: 2047
2026-07-11 14:12:25 [INFO] < ESP32: 65535
2026-07-11 14:12:25 [INFO] < ESP32: 63488
2026-07-11 14:12:25 [INFO] < ESP32: 0
2026-07-11 14:12:25 [INFO] < ESP32: 0
2026-07-11 14:12:25 [INFO] < ESP32: 0
2026-07-11 14:12:25 [INFO] < ESP32: 0
2026-07-11 14:12:25 [INFO] < ESP32: 0
2026-07-11 14:12:25 [INFO] < ESP32: 0
2026-07-11 14:12:25 [INFO] < ESP32: 0
2026-07-11 14:12:25 [INFO] < ESP32: 0
2026-07-11 14:12:25 [INFO] < ESP32: 0
2026-07-11 14:12:25 [INFO] < ESP32: 0
2026-07-11 14:12:25 [INFO] < ESP32: 0
2026-07-11 14:12:25 [INFO] < ESP32: 0
2026-07-11 14:12:25 [INFO] < ESP32: 0
2026-07-11 14:12:25 [INFO] < ESP32: 0
2026-07-11 14:12:25 [INFO] < ESP32: 0
2026-07-11 14:12:25 [INFO] < ESP32: 0
2026-07-11 14:12:25 [INFO] < ESP32: 0
2026-07-11 14:12:25 [INFO] < ESP32: 0
2026-07-11 14:12:25 [INFO] < ESP32: 0
2026-07-11 14:12:25 [INFO] < ESP32: 0
2026-07-11 14:12:25 [INFO] < ESP32: 0
2026-07-11 14:12:25 [INFO] < ESP32: 0
2026-07-11 14:12:25 [INFO] < ESP32: 0
2026-07-11 14:12:25 [INFO] < ESP32: 0
2026-07-11 14:12:25 [INFO] < ESP32: 0
2026-07-11 14:12:25 [INFO] < ESP32: 0
2026-07-11 14:12:25 [INFO] < ESP32: 0
2026-07-11 14:12:25 [INFO] < ESP32: 0
2026-07-11 14:12:25 [INFO] < ESP32: 2047
2026-07-11 14:12:25 [INFO] < ESP32: 65535
2026-07-11 14:12:25 [INFO] < ESP32: 65535
2026-07-11 14:12:25 [INFO] < ESP32: 65535
2026-07-11 14:12:25 [INFO] < ESP32: 63488
2026-07-11 14:12:25 [INFO] < ESP32: 0
2026-07-11 14:12:25 [INFO] < ESP32: 0
2026-07-11 14:12:25 [INFO] < ESP32: 2047
2026-07-11 14:12:25 [INFO] < ESP32: 65535
2026-07-11 14:12:25 [INFO] < ESP32: 63488
2026-07-11 14:12:25 [INFO] < ESP32: 0
2026-07-11 14:12:25 [INFO] < ESP32: 2047
2026-07-11 14:12:25 [INFO] < ESP32: 65535
2026-07-11 14:12:25 [INFO] < ESP32: 63488
2026-07-11 14:12:25 [INFO] < ESP32: 0
2026-07-11 14:12:25 [INFO] < ESP32: 2047
2026-07-11 14:12:25 [INFO] < ESP32: 65535
2026-07-11 14:12:25 [INFO] < ESP32: 65535
2026-07-11 14:12:25 [INFO] < ESP32: 65535
2026-07-11 14:12:25 [INFO] < ESP32: 65535
2026-07-11 14:12:25 [INFO] < ESP32: 65535
2026-07-11 14:12:25 [INFO] < ESP32: 63488
2026-07-11 14:12:25 [INFO] < ESP32: 0
2026-07-11 14:12:25 [INFO] < ESP32: 2047
2026-07-11 14:12:25 [INFO] < ESP32: 65535
2026-07-11 14:12:25 [INFO] < ESP32: 63488
2026-07-11 14:12:25 [INFO] < ESP32: 0
2026-07-11 14:12:25 [INFO] < ESP32: 0
2026-07-11 14:12:25 [INFO] < ESP32: 0
2026-07-11 14:12:25 [INFO] < ESP32: 0
2026-07-11 14:12:25 [INFO] < ESP32: 0
2026-07-11 14:12:25 [INFO] < ESP32: 0
2026-07-11 14:12:25 [INFO] < ESP32: 2047
2026-07-11 14:12:25 [INFO] < ESP32: 65535
2026-07-11 14:12:25 [INFO] < ESP32: 65535
2026-07-11 14:12:25 [INFO] < ESP32: 65535
2026-07-11 14:12:25 [INFO] < ESP32: 63488
2026-07-11 14:12:25 [INFO] < ESP32: 0
2026-07-11 14:12:25 [INFO] < ESP32: 0
2026-07-11 14:12:25 [INFO] < ESP32: 0
2026-07-11 14:12:25 [INFO] < ESP32: 0
2026-07-11 14:12:25 [INFO] < ESP32: 0
2026-07-11 14:12:25 [INFO] < ESP32: 0
2026-07-11 14:12:25 [INFO] < ESP32: 0
2026-07-11 14:12:25 [INFO] < ESP32: 0
2026-07-11 14:12:25 [INFO] < ESP32: 0
2026-07-11 14:12:25 [INFO] < ESP32: 0
2026-07-11 14:12:25 [INFO] < ESP32: 0
2026-07-11 14:12:25 [INFO] < ESP32: 0
2026-07-11 14:12:25 [INFO] < ESP32: 0
2026-07-11 14:12:25 [INFO] < ESP32: 2047
2026-07-11 14:12:25 [INFO] < ESP32: 65535
2026-07-11 14:12:25 [INFO] < ESP32: 65535
2026-07-11 14:12:25 [INFO] < ESP32: 63488
2026-07-11 14:12:25 [INFO] < ESP32: 0
2026-07-11 14:12:25 [INFO] < ESP32: 0
2026-07-11 14:12:25 [INFO] < ESP32: 0
2026-07-11 14:12:25 [INFO] < ESP32: 0
2026-07-11 14:12:25 [INFO] < ESP32: 0
2026-07-11 14:12:25 [INFO] < ESP32: 2047
2026-07-11 14:12:25 [INFO] < ESP32: 65535
2026-07-11 14:12:25 [INFO] < ESP32: 63488
2026-07-11 14:12:25 [INFO] < ESP32: 0
2026-07-11 14:12:25 [INFO] < ESP32: 0
2026-07-11 14:12:25 [INFO] < ESP32: 0
2026-07-11 14:12:25 [INFO] < ESP32: 0
2026-07-11 14:12:25 [INFO] < ESP32: 0
2026-07-11 14:12:25 [INFO] < ESP32: 2047
2026-07-11 14:12:25 [INFO] < ESP32: 65535
2026-07-11 14:12:25 [INFO] < ESP32: 63488
2026-07-11 14:12:25 [INFO] < ESP32: 0
2026-07-11 14:12:25 [INFO] < ESP32: 0
2026-07-11 14:12:25 [INFO] < ESP32: 2047
2026-07-11 14:12:25 [INFO] < ESP32: 65535
2026-07-11 14:12:25 [INFO] < ESP32: 65535
2026-07-11 14:12:25 [INFO] < ESP32: 65535
2026-07-11 14:12:25 [INFO] < ESP32: 65535
2026-07-11 14:12:25 [INFO] < ESP32: 63488
2026-07-11 14:12:25 [INFO] < ESP32: 0
2026-07-11 14:12:25 [INFO] < ESP32: 2047
2026-07-11 14:12:25 [INFO] < ESP32: 65535
2026-07-11 14:12:25 [INFO] < ESP32: 63488
2026-07-11 14:12:25 [INFO] < ESP32: 0
2026-07-11 14:12:25 [INFO] < ESP32: 2047
2026-07-11 14:12:25 [INFO] < ESP32: 65535
2026-07-11 14:12:25 [INFO] < ESP32: 63488
2026-07-11 14:12:25 [INFO] < ESP32: 0
2026-07-11 14:12:25 [INFO] < ESP32: 2047
2026-07-11 14:12:25 [INFO] < ESP32: 65535
2026-07-11 14:12:25 [INFO] < ESP32: 63488
2026-07-11 14:12:25 [INFO] < ESP32: 0
2026-07-11 14:12:25 [INFO] < ESP32: 2047
2026-07-11 14:12:25 [INFO] < ESP32: 65535
2026-07-11 14:12:25 [INFO] < ESP32: 63488
2026-07-11 14:12:25 [INFO] < ESP32: 0
2026-07-11 14:12:25 [INFO] < ESP32: 0
2026-07-11 14:12:25 [INFO] < ESP32: 2047
2026-07-11 14:12:25 [INFO] < ESP32: 65535
2026-07-11 14:12:25 [INFO] < ESP32: 65535
2026-07-11 14:12:25 [INFO] < ESP32: 63488
2026-07-11 14:12:25 [INFO] < ESP32: 2047
2026-07-11 14:12:25 [INFO] < ESP32: 65535
2026-07-11 14:12:25 [INFO] < ESP32: 63488
2026-07-11 14:12:25 [INFO] < ESP32: 0
2026-07-11 14:12:25 [INFO] < ESP32: 0
2026-07-11 14:12:25 [INFO] < ESP32: 0
2026-07-11 14:12:25 [INFO] < ESP32: 0
2026-07-11 14:12:25 [INFO] < ESP32: 0
2026-07-11 14:12:25 [INFO] < ESP32: 0
2026-07-11 14:12:25 [INFO] < ESP32: 0
2026-07-11 14:12:25 [INFO] < ESP32: 0
2026-07-11 14:12:25 [INFO] < ESP32: 0
2026-07-11 14:12:25 [INFO] < ESP32: 0
2026-07-11 14:12:25 [INFO] < ESP32: 0
2026-07-11 14:12:25 [INFO] < ESP32: 0
2026-07-11 14:12:25 [INFO] < ESP32: 0
2026-07-11 14:12:25 [INFO] < ESP32: 0
2026-07-11 14:12:25 [INFO] < ESP32: 0
2026-07-11 14:12:25 [INFO] < ESP32: 0
2026-07-11 14:12:25 [INFO] < ESP32: 0
2026-07-11 14:12:25 [INFO] < ESP32: 0
2026-07-11 14:12:25 [INFO] < ESP32: 2047
2026-07-11 14:12:25 [INFO] < ESP32: 65535
2026-07-11 14:12:25 [INFO] < ESP32: 63488
2026-07-11 14:12:25 [INFO] < ESP32: 0
2026-07-11 14:12:25 [INFO] < ESP32: 0
2026-07-11 14:12:25 [INFO] < ESP32: 0
2026-07-11 14:12:25 [INFO] < ESP32: 0
2026-07-11 14:12:25 [INFO] < ESP32: 0
2026-07-11 14:12:25 [INFO] < ESP32: 2047
2026-07-11 14:12:25 [INFO] < ESP32: 65535
2026-07-11 14:12:25 [INFO] < ESP32: 63488
2026-07-11 14:12:25 [INFO] < ESP32: 0
2026-07-11 14:12:25 [INFO] < ESP32: 0
2026-07-11 14:12:25 [INFO] < ESP32: 0
2026-07-11 14:12:25 [INFO] < ESP32: 0
2026-07-11 14:12:25 [INFO] < ESP32: 0
2026-07-11 14:12:25 [INFO] < ESP32: 0
2026-07-11 14:12:25 [INFO] < ESP32: 0
2026-07-11 14:12:25 [INFO] < ESP32: 0
2026-07-11 14:12:25 [INFO] < ESP32: 0
2026-07-11 14:12:25 [INFO] < ESP32: 0
2026-07-11 14:12:25 [INFO] < ESP32: 0
2026-07-11 14:12:25 [INFO] < ESP32: 0
2026-07-11 14:12:25 [INFO] < ESP32: 0
2026-07-11 14:12:25 [INFO] < ESP32: 0
2026-07-11 14:12:25 [INFO] < ESP32: 0
2026-07-11 14:12:25 [INFO] < ESP32: 0
2026-07-11 14:12:25 [INFO] < ESP32: 0
2026-07-11 14:12:25 [INFO] < ESP32: 0
2026-07-11 14:12:25 [INFO] < ESP32: 0
2026-07-11 14:12:25 [INFO] < ESP32: 0
2026-07-11 14:12:25 [INFO] < ESP32: 0
2026-07-11 14:12:25 [INFO] < ESP32: 2047
2026-07-11 14:12:25 [INFO] < ESP32: 65535
2026-07-11 14:12:25 [INFO] < ESP32: 63488
2026-07-11 14:12:25 [INFO] < ESP32: 0
2026-07-11 14:12:25 [INFO] < ESP32: 0
2026-07-11 14:12:25 [INFO] < ESP32: 0
2026-07-11 14:12:25 [INFO] < ESP32: 0
2026-07-11 14:12:25 [INFO] < ESP32: 0
2026-07-11 14:12:25 [INFO] < ESP32: 2047
2026-07-11 14:12:25 [INFO] < ESP32: 65535
2026-07-11 14:12:25 [INFO] < ESP32: 63488
2026-07-11 14:12:25 [INFO] < ESP32: 0
2026-07-11 14:12:25 [INFO] < ESP32: 0
2026-07-11 14:12:25 [INFO] < ESP32: 0
2026-07-11 14:12:25 [INFO] < ESP32: 0
2026-07-11 14:12:25 [INFO] < ESP32: 0
2026-07-11 14:12:25 [INFO] < ESP32: 0
2026-07-11 14:12:25 [INFO] < ESP32: 0
2026-07-11 14:12:25 [INFO] < ESP32: 0
2026-07-11 14:12:25 [INFO] < ESP32: 0
2026-07-11 14:12:25 [INFO] < ESP32: 0
2026-07-11 14:12:25 [INFO] < ESP32: 0
2026-07-11 14:12:25 [INFO] < ESP32: 0
2026-07-11 14:12:25 [INFO] < ESP32: 0
2026-07-11 14:12:25 [INFO] < ESP32: 0
2026-07-11 14:12:25 [INFO] < ESP32: 0
2026-07-11 14:12:25 [INFO] < ESP32: 0
2026-07-11 14:12:25 [INFO] < ESP32: 0
2026-07-11 14:12:25 [INFO] < ESP32: 0
2026-07-11 14:12:25 [INFO] < ESP32: 0
2026-07-11 14:12:25 [INFO] < ESP32: 0
2026-07-11 14:12:25 [INFO] < ESP32: 0
2026-07-11 14:12:25 [INFO] < ESP32: 0
2026-07-11 14:12:25 [INFO] < ESP32: 0
2026-07-11 14:12:25 [INFO] < ESP32: 0
2026-07-11 14:12:25 [INFO] < ESP32: 0
2026-07-11 14:12:25 [INFO] < ESP32: 0
2026-07-11 14:12:25 [INFO] < ESP32: 0
2026-07-11 14:12:25 [INFO] < ESP32: 0
2026-07-11 14:12:25 [INFO] < ESP32: 0
2026-07-11 14:12:25 [INFO] < ESP32: 0
2026-07-11 14:12:25 [INFO] < ESP32: 0
2026-07-11 14:12:25 [INFO] < ESP32: 0
2026-07-11 14:12:25 [INFO] < ESP32: 0
2026-07-11 14:12:25 [INFO] < ESP32: 0
2026-07-11 14:12:25 [INFO] < ESP32: 0
2026-07-11 14:12:25 [INFO] < ESP32: 0
2026-07-11 14:12:25 [INFO] < ESP32: 0
2026-07-11 14:12:25 [INFO] < ESP32: 0
2026-07-11 14:12:25 [INFO] < ESP32: 0
2026-07-11 14:12:25 [INFO] < ESP32: 0
2026-07-11 14:12:25 [INFO] < ESP32: 0
2026-07-11 14:12:25 [INFO] < ESP32: 0
2026-07-11 14:12:25 [INFO] < ESP32: 0
2026-07-11 14:12:25 [INFO] < ESP32: 0
2026-07-11 14:12:25 [INFO] < ESP32: 0
2026-07-11 14:12:25 [INFO] < ESP32: 0
2026-07-11 14:12:25 [INFO] < ESP32: 0
2026-07-11 14:12:25 [INFO] < ESP32: 0
2026-07-11 14:12:25 [INFO] < ESP32: 0
2026-07-11 14:12:25 [INFO] < ESP32: 0
2026-07-11 14:12:25 [INFO] < ESP32: 0
2026-07-11 14:12:25 [INFO] < ESP32: 0
2026-07-11 14:12:25 [INFO] < ESP32: 0
2026-07-11 14:12:25 [INFO] < ESP32: 0
2026-07-11 14:12:25 [INFO] < ESP32: 0
2026-07-11 14:12:25 [INFO] < ESP32: 0
2026-07-11 14:12:25 [INFO] < ESP32: 0
2026-07-11 14:12:25 [INFO] < ESP32: 0
2026-07-11 14:12:25 [INFO] < ESP32: 0
2026-07-11 14:12:25 [INFO] < ESP32: 0
2026-07-11 14:12:25 [INFO] < ESP32: 0
2026-07-11 14:12:25 [INFO] < ESP32: 0
2026-07-11 14:12:25 [INFO] < ESP32: 0
2026-07-11 14:12:25 [INFO] < ESP32: 0
2026-07-11 14:12:25 [INFO] < ESP32: 0
2026-07-11 14:12:25 [INFO] < ESP32: 0
2026-07-11 14:12:25 [INFO] < ESP32: 0
2026-07-11 14:12:25 [INFO] < ESP32: 0
2026-07-11 14:12:25 [INFO] < ESP32: 0
2026-07-11 14:12:25 [INFO] < ESP32: 0
2026-07-11 14:12:25 [INFO] < ESP32: 0
2026-07-11 14:12:25 [INFO] < ESP32: 0
2026-07-11 14:12:25 [INFO] < ESP32: 0
2026-07-11 14:12:25 [INFO] < ESP32: 0
2026-07-11 14:12:25 [INFO] < ESP32: 0
2026-07-11 14:12:25 [INFO] < ESP32: 0
2026-07-11 14:12:25 [INFO] < ESP32: 0
2026-07-11 14:12:25 [INFO] < ESP32: 0
2026-07-11 14:12:25 [INFO] < ESP32: 2047
2026-07-11 14:12:25 [INFO] < ESP32: 65535
2026-07-11 14:12:25 [INFO] < ESP32: 65535
2026-07-11 14:12:25 [INFO] < ESP32: 63488
2026-07-11 14:12:25 [INFO] < ESP32: 0
2026-07-11 14:12:25 [INFO] < ESP32: 0
2026-07-11 14:12:25 [INFO] < ESP32: 0
2026-07-11 14:12:25 [INFO] < ESP32: 0
2026-07-11 14:12:25 [INFO] < ESP32: 0
2026-07-11 14:12:25 [INFO] < ESP32: 2047
2026-07-11 14:12:25 [INFO] < ESP32: 65535
2026-07-11 14:12:25 [INFO] < ESP32: 63488
2026-07-11 14:12:25 [INFO] < ESP32: 0
2026-07-11 14:12:25 [INFO] < ESP32: 2047
2026-07-11 14:12:25 [INFO] < ESP32: 65535
2026-07-11 14:12:25 [INFO] < ESP32: 65535
2026-07-11 14:12:25 [INFO] < ESP32: 65535
2026-07-11 14:12:25 [INFO] < ESP32: 65535
2026-07-11 14:12:25 [INFO] < ESP32: 65535
2026-07-11 14:12:25 [INFO] < ESP32: 65535
2026-07-11 14:12:25 [INFO] < ESP32: 63488
2026-07-11 14:12:25 [INFO] < ESP32: 2047
2026-07-11 14:12:25 [INFO] < ESP32: 65535
2026-07-11 14:12:25 [INFO] < ESP32: 65535
2026-07-11 14:12:25 [INFO] < ESP32: 65535
2026-07-11 14:12:25 [INFO] < ESP32: 65535
2026-07-11 14:12:25 [INFO] < ESP32: 65535
2026-07-11 14:12:25 [INFO] < ESP32: 65535
2026-07-11 14:12:25 [INFO] < ESP32: 63488
2026-07-11 14:12:25 [INFO] < ESP32: 2047
2026-07-11 14:12:25 [INFO] < ESP32: 65535
2026-07-11 14:12:25 [INFO] < ESP32: 65535
2026-07-11 14:12:25 [INFO] < ESP32: 65535
2026-07-11 14:12:25 [INFO] < ESP32: 65535
2026-07-11 14:12:25 [INFO] < ESP32: 65535
2026-07-11 14:12:25 [INFO] < ESP32: 65535
2026-07-11 14:12:25 [INFO] < ESP32: 63488
2026-07-11 14:12:25 [INFO] < ESP32: 2047
2026-07-11 14:12:25 [INFO] < ESP32: 65535
2026-07-11 14:12:25 [INFO] < ESP32: 65535
2026-07-11 14:12:25 [INFO] < ESP32: 65535
2026-07-11 14:12:25 [INFO] < ESP32: 65535
2026-07-11 14:12:25 [INFO] < ESP32: 65535
2026-07-11 14:12:25 [INFO] < ESP32: 65535
2026-07-11 14:12:25 [INFO] < ESP32: 63488
2026-07-11 14:12:25 [INFO] < ESP32: 0
2026-07-11 14:12:25 [INFO] < ESP32: 2047
2026-07-11 14:12:25 [INFO] < ESP32: 65535
2026-07-11 14:12:25 [INFO] < ESP32: 65535
2026-07-11 14:12:25 [INFO] < ESP32: 65535
2026-07-11 14:12:25 [INFO] < ESP32: 65535
2026-07-11 14:12:25 [INFO] < ESP32: 65535
2026-07-11 14:12:25 [INFO] < ESP32: 63488
2026-07-11 14:12:25 [INFO] < ESP32: 0
2026-07-11 14:12:25 [INFO] < ESP32: 0
2026-07-11 14:12:25 [INFO] < ESP32: 0
2026-07-11 14:12:25 [INFO] < ESP32: 0
2026-07-11 14:12:25 [INFO] < ESP32: 0
2026-07-11 14:12:25 [INFO] < ESP32: 0
2026-07-11 14:12:25 [INFO] < ESP32: 0
2026-07-11 14:12:25 [INFO] < ESP32: 0
2026-07-11 14:12:25 [INFO] < ESP32: 0
2026-07-11 14:12:25 [INFO] < ESP32: 0
2026-07-11 14:12:25 [INFO] < ESP32: 0
2026-07-11 14:12:25 [INFO] < ESP32: 0
2026-07-11 14:12:25 [INFO] < ESP32: 0
2026-07-11 14:12:25 [INFO] < ESP32: 0
2026-07-11 14:12:25 [INFO] < ESP32: 0
2026-07-11 14:12:25 [INFO] < ESP32: 0
2026-07-11 14:12:25 [INFO] < ESP32: 0
2026-07-11 14:12:25 [INFO] < ESP32: 0
2026-07-11 14:12:25 [INFO] < ESP32: 0
2026-07-11 14:12:25 [INFO] < ESP32: 0
2026-07-11 14:12:25 [INFO] < ESP32: 0
2026-07-11 14:12:25 [INFO] < ESP32: 0
2026-07-11 14:12:25 [INFO] < ESP32: 0
2026-07-11 14:12:25 [INFO] < ESP32: 0
2026-07-11 14:12:25 [INFO] < ESP32: 0
2026-07-11 14:12:25 [INFO] < ESP32: 0
2026-07-11 14:12:25 [INFO] < ESP32: 0
2026-07-11 14:12:25 [INFO] < ESP32: 0
2026-07-11 14:12:25 [INFO] < ESP32: 0
2026-07-11 14:12:25 [INFO] < ESP32: 0
2026-07-11 14:12:25 [INFO] < ESP32: 0
2026-07-11 14:12:25 [INFO] < ESP32: 0
2026-07-11 14:12:25 [INFO] < ESP32: 0
2026-07-11 14:12:25 [INFO] < ESP32: 0
2026-07-11 14:12:25 [INFO] < ESP32: 0
2026-07-11 14:12:25 [INFO] < ESP32: 0
2026-07-11 14:12:25 [INFO] < ESP32: 0
2026-07-11 14:12:25 [INFO] < ESP32: 0
2026-07-11 14:12:25 [INFO] < ESP32: 0
2026-07-11 14:12:25 [INFO] < ESP32: 0
2026-07-11 14:12:25 [INFO] < ESP32: 0
2026-07-11 14:12:25 [INFO] < ESP32: 0
2026-07-11 14:12:25 [INFO] < ESP32: 0
2026-07-11 14:12:25 [INFO] < ESP32: 0
2026-07-11 14:12:25 [INFO] < ESP32: 0
2026-07-11 14:12:25 [INFO] < ESP32: 0
2026-07-11 14:12:25 [INFO] < ESP32: 0
2026-07-11 14:12:25 [INFO] < ESP32: 0
2026-07-11 14:12:25 [INFO] < ESP32: 0
2026-07-11 14:12:25 [INFO] < ESP32: 0
2026-07-11 14:12:25 [INFO] < ESP32: 0
2026-07-11 14:12:25 [INFO] < ESP32: 0
2026-07-11 14:12:25 [INFO] < ESP32: 0
2026-07-11 14:12:25 [INFO] < ESP32: 0
2026-07-11 14:12:25 [INFO] < ESP32: 0
2026-07-11 14:12:25 [INFO] < ESP32: 0
2026-07-11 14:12:25 [INFO] < ESP32: 0
2026-07-11 14:12:25 [INFO] < ESP32: 0
2026-07-11 14:12:25 [INFO] < ESP32: 0
2026-07-11 14:12:25 [INFO] < ESP32: 0
2026-07-11 14:12:25 [INFO] < ESP32: 0
2026-07-11 14:12:25 [INFO] < ESP32: 0
2026-07-11 14:12:25 [INFO] < ESP32: 0
2026-07-11 14:12:25 [INFO] < ESP32: 0
2026-07-11 14:12:25 [INFO] < ESP32: 0
2026-07-11 14:12:25 [INFO] < ESP32: 0
2026-07-11 14:12:25 [INFO] < ESP32: 0
2026-07-11 14:12:25 [INFO] < ESP32: 0
2026-07-11 14:12:25 [INFO] < ESP32: 0
2026-07-11 14:12:25 [INFO] < ESP32: 0
2026-07-11 14:12:25 [INFO] < ESP32: 0
2026-07-11 14:12:25 [INFO] < ESP32: 0
2026-07-11 14:12:25 [INFO] < ESP32: 2047
2026-07-11 14:12:25 [INFO] < ESP32: 65535
2026-07-11 14:12:25 [INFO] < ESP32: 65535
2026-07-11 14:12:25 [INFO] < ESP32: 65535
2026-07-11 14:12:25 [INFO] < ESP32: 65535
2026-07-11 14:12:25 [INFO] < ESP32: 63488
2026-07-11 14:12:25 [INFO] < ESP32: 0
2026-07-11 14:12:25 [INFO] < ESP32: 0
2026-07-11 14:12:25 [INFO] < ESP32: 0
2026-07-11 14:12:25 [INFO] < ESP32: 2047
2026-07-11 14:12:25 [INFO] < ESP32: 65535
2026-07-11 14:12:25 [INFO] < ESP32: 63488
2026-07-11 14:12:25 [INFO] < ESP32: 2047
2026-07-11 14:12:25 [INFO] < ESP32: 65535
2026-07-11 14:12:25 [INFO] < ESP32: 63488
2026-07-11 14:12:25 [INFO] < ESP32: 0
2026-07-11 14:12:25 [INFO] < ESP32: 0
2026-07-11 14:12:25 [INFO] < ESP32: 2047
2026-07-11 14:12:25 [INFO] < ESP32: 65535
2026-07-11 14:12:25 [INFO] < ESP32: 63488
2026-07-11 14:12:25 [INFO] < ESP32: 0
2026-07-11 14:12:25 [INFO] < ESP32: 2047
2026-07-11 14:12:25 [INFO] < ESP32: 65535
2026-07-11 14:12:25 [INFO] < ESP32: 63488
2026-07-11 14:12:25 [INFO] < ESP32: 0
2026-07-11 14:12:25 [INFO] < ESP32: 2047
2026-07-11 14:12:25 [INFO] < ESP32: 65535
2026-07-11 14:12:25 [INFO] < ESP32: 63488
2026-07-11 14:12:25 [INFO] < ESP32: 0
2026-07-11 14:12:25 [INFO] < ESP32: 2047
2026-07-11 14:12:25 [INFO] < ESP32: 65535
2026-07-11 14:12:25 [INFO] < ESP32: 63488
2026-07-11 14:12:25 [INFO] < ESP32: 0
2026-07-11 14:12:25 [INFO] < ESP32: 2047
2026-07-11 14:12:25 [INFO] < ESP32: 65535
2026-07-11 14:12:25 [INFO] < ESP32: 63488
2026-07-11 14:12:25 [INFO] < ESP32: 0
2026-07-11 14:12:25 [INFO] < ESP32: 2047
2026-07-11 14:12:25 [INFO] < ESP32: 65535
2026-07-11 14:12:25 [INFO] < ESP32: 63488
2026-07-11 14:12:25 [INFO] < ESP32: 0
2026-07-11 14:12:25 [INFO] < ESP32: 2047
2026-07-11 14:12:25 [INFO] < ESP32: 65535
2026-07-11 14:12:25 [INFO] < ESP32: 63488
2026-07-11 14:12:25 [INFO] < ESP32: 2047
2026-07-11 14:12:25 [INFO] < ESP32: 65535
2026-07-11 14:12:25 [INFO] < ESP32: 63488
2026-07-11 14:12:25 [INFO] < ESP32: 0
2026-07-11 14:12:25 [INFO] < ESP32: 2047
2026-07-11 14:12:25 [INFO] < ESP32: 65535
2026-07-11 14:12:25 [INFO] < ESP32: 65535
2026-07-11 14:12:25 [INFO] < ESP32: 65535
2026-07-11 14:12:25 [INFO] > Sent: DOWN:d
2026-07-11 14:12:25 [INFO] < ESP32: 65535
2026-07-11 14:12:25 [INFO] < ESP32: 63488
2026-07-11 14:12:25 [INFO] < ESP32: 0
2026-07-11 14:12:25 [INFO] < ESP32: 0
2026-07-11 14:12:25 [INFO] < ESP32: 0
2026-07-11 14:12:25 [INFO] < ESP32: 0
2026-07-11 14:12:25 [INFO] < ESP32: 0
2026-07-11 14:12:25 [INFO] < ESP32: 0
2026-07-11 14:12:25 [INFO] < ESP32: 0
2026-07-11 14:12:25 [INFO] < ESP32: 0
2026-07-11 14:12:25 [INFO] < ESP32: 0
2026-07-11 14:12:25 [INFO] < ESP32: 0
2026-07-11 14:12:25 [INFO] < ESP32: 0
2026-07-11 14:12:25 [INFO] < ESP32: 0
2026-07-11 14:12:25 [INFO] < ESP32: 0
2026-07-11 14:12:25 [INFO] < ESP32: 0
2026-07-11 14:12:25 [INFO] < ESP32: 0
2026-07-11 14:12:25 [INFO] < ESP32: 0
2026-07-11 14:12:25 [INFO] < ESP32: 0
2026-07-11 14:12:25 [INFO] < ESP32: 0
2026-07-11 14:12:25 [INFO] < ESP32: 0
2026-07-11 14:12:25 [INFO] < ESP32: 0
2026-07-11 14:12:25 [INFO] < ESP32: 0
2026-07-11 14:12:25 [INFO] < ESP32: 0
2026-07-11 14:12:25 [INFO] < ESP32: 0
2026-07-11 14:12:25 [INFO] < ESP32: 0
2026-07-11 14:12:25 [INFO] < ESP32: 0
2026-07-11 14:12:25 [INFO] < ESP32: 0
2026-07-11 14:12:25 [INFO] < ESP32: 0
2026-07-11 14:12:25 [INFO] < ESP32: 2047
2026-07-11 14:12:25 [INFO] < ESP32: 65535
2026-07-11 14:12:25 [INFO] < ESP32: 65535
2026-07-11 14:12:25 [INFO] < ESP32: 65535
2026-07-11 14:12:25 [INFO] < ESP32: 63488
2026-07-11 14:12:25 [INFO] < ESP32: 0
2026-07-11 14:12:25 [INFO] < ESP32: 0
2026-07-11 14:12:25 [INFO] < ESP32: 2047
2026-07-11 14:12:25 [INFO] < ESP32: 65535
2026-07-11 14:12:25 [INFO] < ESP32: 63488
2026-07-11 14:12:25 [INFO] < ESP32: 0
2026-07-11 14:12:25 [INFO] < ESP32: 2047
2026-07-11 14:12:25 [INFO] < ESP32: 65535
2026-07-11 14:12:25 [INFO] < ESP32: 63488
2026-07-11 14:12:25 [INFO] < ESP32: 0
2026-07-11 14:12:25 [INFO] < ESP32: 2047
2026-07-11 14:12:25 [INFO] < ESP32: 65535
2026-07-11 14:12:25 [INFO] < ESP32: 63488
2026-07-11 14:12:25 [INFO] < ESP32: 0
2026-07-11 14:12:25 [INFO] < ESP32: 2047
2026-07-11 14:12:25 [INFO] < ESP32: 65535
2026-07-11 14:12:25 [INFO] < ESP32: 63488
2026-07-11 14:12:25 [INFO] < ESP32: 0
2026-07-11 14:12:25 [INFO] < ESP32: 2047
2026-07-11 14:12:25 [INFO] < ESP32: 65535
2026-07-11 14:12:25 [INFO] < ESP32: 63488
2026-07-11 14:12:25 [INFO] < ESP32: 0
2026-07-11 14:12:25 [INFO] < ESP32: 2047
2026-07-11 14:12:25 [INFO] < ESP32: 65535
2026-07-11 14:12:25 [INFO] < ESP32: 63488
2026-07-11 14:12:25 [INFO] < ESP32: 0
2026-07-11 14:12:25 [INFO] < ESP32: 0
2026-07-11 14:12:25 [INFO] < ESP32: 2047
2026-07-11 14:12:25 [INFO] < ESP32: 65535
2026-07-11 14:12:25 [INFO] < ESP32: 65535
2026-07-11 14:12:25 [INFO] < ESP32: 65535
2026-07-11 14:12:25 [INFO] < ESP32: 63488
2026-07-11 14:12:25 [INFO] < ESP32: 0
2026-07-11 14:12:25 [INFO] < ESP32: 0
2026-07-11 14:12:25 [INFO] < ESP32: 0
2026-07-11 14:12:25 [INFO] < ESP32: 0
2026-07-11 14:12:25 [INFO] < ESP32: 0
2026-07-11 14:12:25 [INFO] < ESP32: 0
2026-07-11 14:12:25 [INFO] < ESP32: 0
2026-07-11 14:12:25 [INFO] < ESP32: 0
2026-07-11 14:12:25 [INFO] < ESP32: 0
2026-07-11 14:12:25 [INFO] < ESP32: 0
2026-07-11 14:12:25 [INFO] < ESP32: 0
2026-07-11 14:12:25 [INFO] < ESP32: 0
2026-07-11 14:12:25 [INFO] < ESP32: 0
2026-07-11 14:12:25 [INFO] < ESP32: 0
2026-07-11 14:12:25 [INFO] < ESP32: 0
2026-07-11 14:12:25 [INFO] < ESP32: 0
2026-07-11 14:12:25 [INFO] < ESP32: 0
2026-07-11 14:12:25 [INFO] < ESP32: 0
2026-07-11 14:12:25 [INFO] < ESP32: 0
2026-07-11 14:12:25 [INFO] < ESP32: 0
2026-07-11 14:12:25 [INFO] < ESP32: 0
2026-07-11 14:12:25 [INFO] < ESP32: 0
2026-07-11 14:12:25 [INFO] < ESP32: 0
2026-07-11 14:12:25 [INFO] < ESP32: 0
2026-07-11 14:12:25 [INFO] < ESP32: 0
2026-07-11 14:12:25 [INFO] < ESP32: 0
2026-07-11 14:12:25 [INFO] < ESP32: 2047
2026-07-11 14:12:25 [INFO] < ESP32: 65535
2026-07-11 14:12:25 [INFO] < ESP32: 63488
2026-07-11 14:12:25 [INFO] < ESP32: 0
2026-07-11 14:12:25 [INFO] < ESP32: 0
2026-07-11 14:12:25 [INFO] < ESP32: 2047
2026-07-11 14:12:25 [INFO] < ESP32: 65535
2026-07-11 14:12:25 [INFO] < ESP32: 63488
2026-07-11 14:12:25 [INFO] < ESP32: 2047
2026-07-11 14:12:25 [INFO] < ESP32: 65535
2026-07-11 14:12:25 [INFO] < ESP32: 63488
2026-07-11 14:12:25 [INFO] < ESP32: 2047
2026-07-11 14:12:25 [INFO] < ESP32: 63488
2026-07-11 14:12:25 [INFO] < ESP32: 2047
2026-07-11 14:12:25 [INFO] < ESP32: 65535
2026-07-11 14:12:25 [INFO] < ESP32: 63488
2026-07-11 14:12:25 [INFO] < ESP32: 2047
2026-07-11 14:12:25 [INFO] < ESP32: 65535
2026-07-11 14:12:25 [INFO] < ESP32: 65535
2026-07-11 14:12:25 [INFO] < ESP32: 65535
2026-07-11 14:12:25 [INFO] < ESP32: 65535
2026-07-11 14:12:25 [INFO] < ESP32: 65535
2026-07-11 14:12:25 [INFO] < ESP32: 65535
2026-07-11 14:12:25 [INFO] < ESP32: 63488
2026-07-11 14:12:25 [INFO] < ESP32: 2047
2026-07-11 14:12:25 [INFO] < ESP32: 65535
2026-07-11 14:12:25 [INFO] < ESP32: 65535
2026-07-11 14:12:25 [INFO] < ESP32: 65535
2026-07-11 14:12:25 [INFO] < ESP32: 65535
2026-07-11 14:12:25 [INFO] < ESP32: 65535
2026-07-11 14:12:25 [INFO] < ESP32: 65535
2026-07-11 14:12:25 [INFO] < ESP32: 63488
2026-07-11 14:12:25 [INFO] < ESP32: 0
2026-07-11 14:12:25 [INFO] < ESP32: 2047
2026-07-11 14:12:25 [INFO] < ESP32: 65535
2026-07-11 14:12:25 [INFO] < ESP32: 63488
2026-07-11 14:12:25 [INFO] < ESP32: 2047
2026-07-11 14:12:25 [INFO] < ESP32: 65535
2026-07-11 14:12:25 [INFO] < ESP32: 63488
2026-07-11 14:12:25 [INFO] < ESP32: 0
2026-07-11 14:12:25 [INFO] < ESP32: 0
2026-07-11 14:12:25 [INFO] < ESP32: 0
2026-07-11 14:12:25 [INFO] < ESP32: 0
2026-07-11 14:12:25 [INFO] < ESP32: 0
2026-07-11 14:12:25 [INFO] < ESP32: 0
2026-07-11 14:12:25 [INFO] < ESP32: 0
2026-07-11 14:12:25 [INFO] < ESP32: 0
2026-07-11 14:12:25 [INFO] < ESP32: 0
2026-07-11 14:12:25 [INFO] < ESP32: 0
2026-07-11 14:12:25 [INFO] < ESP32: 0
2026-07-11 14:12:25 [INFO] < ESP32: 0
2026-07-11 14:12:25 [INFO] < ESP32: 0
2026-07-11 14:12:25 [INFO] < ESP32: 0
2026-07-11 14:12:25 [INFO] < ESP32: 0
2026-07-11 14:12:25 [INFO] < ESP32: 0
2026-07-11 14:12:25 [INFO] < ESP32: 0
2026-07-11 14:12:25 [INFO] < ESP32: 0
2026-07-11 14:12:25 [INFO] < ESP32: 0
2026-07-11 14:12:25 [INFO] < ESP32: 0
2026-07-11 14:12:25 [INFO] < ESP32: 0
2026-07-11 14:12:25 [INFO] < ESP32: 0
2026-07-11 14:12:25 [INFO] < ESP32: 0
2026-07-11 14:12:25 [INFO] < ESP32: 0
2026-07-11 14:12:25 [INFO] < ESP32: 0
2026-07-11 14:12:25 [INFO] < ESP32: 2047
2026-07-11 14:12:25 [INFO] < ESP32: 65535
2026-07-11 14:12:25 [INFO] < ESP32: 65535
2026-07-11 14:12:25 [INFO] < ESP32: 65535
2026-07-11 14:12:25 [INFO] < ESP32: 65535
2026-07-11 14:12:25 [INFO] < ESP32: 63488
2026-07-11 14:12:25 [INFO] < ESP32: 0
2026-07-11 14:12:25 [INFO] < ESP32: 0
2026-07-11 14:12:25 [INFO] < ESP32: 2047
2026-07-11 14:12:25 [INFO] < ESP32: 65535
2026-07-11 14:12:25 [INFO] < ESP32: 63488
2026-07-11 14:12:25 [INFO] < ESP32: 0
2026-07-11 14:12:25 [INFO] < ESP32: 2047
2026-07-11 14:12:25 [INFO] < ESP32: 65535
2026-07-11 14:12:25 [INFO] < ESP32: 63488
2026-07-11 14:12:25 [INFO] < ESP32: 0
2026-07-11 14:12:25 [INFO] < ESP32: 2047
2026-07-11 14:12:25 [INFO] < ESP32: 65535
2026-07-11 14:12:25 [INFO] < ESP32: 63488
2026-07-11 14:12:25 [INFO] < ESP32: 0
2026-07-11 14:12:25 [INFO] < ESP32: 2047
2026-07-11 14:12:25 [INFO] < ESP32: 65535
2026-07-11 14:12:25 [INFO] < ESP32: 63488
2026-07-11 14:12:25 [INFO] < ESP32: 0
2026-07-11 14:12:25 [INFO] < ESP32: 2047
2026-07-11 14:12:25 [INFO] < ESP32: 65535
2026-07-11 14:12:25 [INFO] < ESP32: 63488
2026-07-11 14:12:25 [INFO] < ESP32: 0
2026-07-11 14:12:25 [INFO] < ESP32: 2047
2026-07-11 14:12:25 [INFO] < ESP32: 65535
2026-07-11 14:12:25 [INFO] < ESP32: 63488
2026-07-11 14:12:25 [INFO] < ESP32: 0
2026-07-11 14:12:25 [INFO] < ESP32: 2047
2026-07-11 14:12:25 [INFO] < ESP32: 65535
2026-07-11 14:12:25 [INFO] < ESP32: 63488
2026-07-11 14:12:25 [INFO] < ESP32: 0
2026-07-11 14:12:25 [INFO] < ESP32: 2047
2026-07-11 14:12:25 [INFO] < ESP32: 65535
2026-07-11 14:12:25 [INFO] < ESP32: 63488
2026-07-11 14:12:25 [INFO] < ESP32: 0
2026-07-11 14:12:25 [INFO] < ESP32: 0
2026-07-11 14:12:25 [INFO] < ESP32: 0
2026-07-11 14:12:25 [INFO] < ESP32: 0
2026-07-11 14:12:25 [INFO] < ESP32: 0
2026-07-11 14:12:25 [INFO] < ESP32: 0
2026-07-11 14:12:25 [INFO] < ESP32: 0
2026-07-11 14:12:25 [INFO] < ESP32: 0
2026-07-11 14:12:25 [INFO] < ESP32: 0
2026-07-11 14:12:25 [INFO] < ESP32: 2047
2026-07-11 14:12:25 [INFO] < ESP32: 65535
2026-07-11 14:12:25 [INFO] < ESP32: 65535
2026-07-11 14:12:25 [INFO] < ESP32: 65535
2026-07-11 14:12:25 [INFO] < ESP32: 65535
2026-07-11 14:12:25 [INFO] < ESP32: 65535
2026-07-11 14:12:25 [INFO] < ESP32: 63488
2026-07-11 14:12:25 [INFO] < ESP32: 0
2026-07-11 14:12:25 [INFO] < ESP32: 0
2026-07-11 14:12:25 [INFO] < ESP32: 2047
2026-07-11 14:12:25 [INFO] < ESP32: 65535
2026-07-11 14:12:25 [INFO] < ESP32: 63488
2026-07-11 14:12:25 [INFO] < ESP32: 0
2026-07-11 14:12:25 [INFO] < ESP32: 2047
2026-07-11 14:12:25 [INFO] < ESP32: 65535
2026-07-11 14:12:25 [INFO] < ESP32: 63488
2026-07-11 14:12:25 [INFO] < ESP32: 0
2026-07-11 14:12:25 [INFO] < ESP32: 2047
2026-07-11 14:12:25 [INFO] < ESP32: 65535
2026-07-11 14:12:25 [INFO] < ESP32: 63488
2026-07-11 14:12:25 [INFO] < ESP32: 0
2026-07-11 14:12:25 [INFO] < ESP32: 2047
2026-07-11 14:12:25 [INFO] < ESP32: 65535
2026-07-11 14:12:25 [INFO] < ESP32: 63488
2026-07-11 14:12:25 [INFO] < ESP32: 0
2026-07-11 14:12:25 [INFO] < ESP32: 2047
2026-07-11 14:12:25 [INFO] < ESP32: 65535
2026-07-11 14:12:25 [INFO] < ESP32: 65535
2026-07-11 14:12:25 [INFO] < ESP32: 65535
2026-07-11 14:12:25 [INFO] < ESP32: 65535
2026-07-11 14:12:25 [INFO] < ESP32: 63488
2026-07-11 14:12:25 [INFO] < ESP32: 0
2026-07-11 14:12:25 [INFO] < ESP32: 0
2026-07-11 14:12:25 [INFO] < ESP32: 2047
2026-07-11 14:12:25 [INFO] < ESP32: 65535
2026-07-11 14:12:25 [INFO] < ESP32: 63488
2026-07-11 14:12:25 [INFO] < ESP32: 2047
2026-07-11 14:12:25 [INFO] < ESP32: 65535
2026-07-11 14:12:25 [INFO] < ESP32: 63488
2026-07-11 14:12:25 [INFO] < ESP32: 0
2026-07-11 14:12:25 [INFO] < ESP32: 0
2026-07-11 14:12:25 [INFO] < ESP32: 2047
2026-07-11 14:12:25 [INFO] < ESP32: 65535
2026-07-11 14:12:25 [INFO] < ESP32: 63488
2026-07-11 14:12:25 [INFO] < ESP32: 0
2026-07-11 14:12:25 [INFO] < ESP32: 2047
2026-07-11 14:12:25 [INFO] < ESP32: 65535
2026-07-11 14:12:25 [INFO] < ESP32: 63488
2026-07-11 14:12:25 [INFO] < ESP32: 2047
2026-07-11 14:12:25 [INFO] < ESP32: 65535
2026-07-11 14:12:25 [INFO] < ESP32: 65535
2026-07-11 14:12:25 [INFO] < ESP32: 63488
2026-07-11 14:12:25 [INFO] < ESP32: 0
2026-07-11 14:12:25 [INFO] < ESP32: 2047
2026-07-11 14:12:25 [INFO] < ESP32: 65535
2026-07-11 14:12:25 [INFO] < ESP32: 63488
2026-07-11 14:12:25 [INFO] < ESP32: 0
2026-07-11 14:12:25 [INFO] < ESP32: 0
2026-07-11 14:12:25 [INFO] < ESP32: 0
2026-07-11 14:12:25 [INFO] < ESP32: 0
2026-07-11 14:12:25 [INFO] < ESP32: 0
2026-07-11 14:12:25 [INFO] < ESP32: 0
2026-07-11 14:12:25 [INFO] < ESP32: 0
2026-07-11 14:12:25 [INFO] < ESP32: 0
2026-07-11 14:12:25 [INFO] < ESP32: 0
2026-07-11 14:12:25 [INFO] < ESP32: 0
2026-07-11 14:12:25 [INFO] < ESP32: 0
2026-07-11 14:12:25 [INFO] < ESP32: 0
2026-07-11 14:12:25 [INFO] < ESP32: 0
2026-07-11 14:12:25 [INFO] < ESP32: 0
2026-07-11 14:12:25 [INFO] < ESP32: 0
2026-07-11 14:12:25 [INFO] < ESP32: 0
2026-07-11 14:12:25 [INFO] < ESP32: 0
2026-07-11 14:12:25 [INFO] < ESP32: 0
2026-07-11 14:12:25 [INFO] < ESP32: 0
2026-07-11 14:12:25 [INFO] < ESP32: 0
2026-07-11 14:12:25 [INFO] < ESP32: 0
2026-07-11 14:12:25 [INFO] < ESP32: 0
2026-07-11 14:12:25 [INFO] < ESP32: 0
2026-07-11 14:12:25 [INFO] < ESP32: 0
2026-07-11 14:12:25 [INFO] < ESP32: 0
2026-07-11 14:12:25 [INFO] < ESP32: 2047
2026-07-11 14:12:25 [INFO] < ESP32: 65535
2026-07-11 14:12:25 [INFO] < ESP32: 65535
2026-07-11 14:12:25 [INFO] < ESP32: 65535
2026-07-11 14:12:25 [INFO] < ESP32: 63488
2026-07-11 14:12:25 [INFO] < ESP32: 0
2026-07-11 14:12:25 [INFO] < ESP32: 0
2026-07-11 14:12:25 [INFO] < ESP32: 2047
2026-07-11 14:12:25 [INFO] < ESP32: 65535
2026-07-11 14:12:25 [INFO] < ESP32: 63488
2026-07-11 14:12:25 [INFO] < ESP32: 0
2026-07-11 14:12:25 [INFO] < ESP32: 2047
2026-07-11 14:12:25 [INFO] < ESP32: 65535
2026-07-11 14:12:25 [INFO] < ESP32: 63488
2026-07-11 14:12:25 [INFO] < ESP32: 0
2026-07-11 14:12:25 [INFO] < ESP32: 2047
2026-07-11 14:12:25 [INFO] < ESP32: 65535
2026-07-11 14:12:25 [INFO] < ESP32: 65535
2026-07-11 14:12:25 [INFO] < ESP32: 65535
2026-07-11 14:12:25 [INFO] < ESP32: 65535
2026-07-11 14:12:25 [INFO] < ESP32: 65535
2026-07-11 14:12:25 [INFO] < ESP32: 63488
2026-07-11 14:12:25 [INFO] < ESP32: 0
2026-07-11 14:12:25 [INFO] < ESP32: 2047
2026-07-11 14:12:25 [INFO] < ESP32: 65535
2026-07-11 14:12:25 [INFO] < ESP32: 63488
2026-07-11 14:12:25 [INFO] < ESP32: 0
2026-07-11 14:12:25 [INFO] < ESP32: 0
2026-07-11 14:12:25 [INFO] < ESP32: 0
2026-07-11 14:12:25 [INFO] < ESP32: 0
2026-07-11 14:12:25 [INFO] < ESP32: 0
2026-07-11 14:12:25 [INFO] < ESP32: 0
2026-07-11 14:12:25 [INFO] < ESP32: 2047
2026-07-11 14:12:25 [INFO] < ESP32: 65535
2026-07-11 14:12:25 [INFO] < ESP32: 65535
2026-07-11 14:12:25 [INFO] > Sent: UP:d
2026-07-11 14:12:25 [INFO] < ESP32: 65535
2026-07-11 14:12:25 [INFO] < ESP32: 63488
2026-07-11 14:12:25 [INFO] < ESP32: 0
2026-07-11 14:12:25 [INFO] < ESP32: 0
2026-07-11 14:12:25 [INFO] < ESP32: 0
2026-07-11 14:12:25 [INFO] < ESP32: 0
2026-07-11 14:12:25 [INFO] < ESP32: 0
2026-07-11 14:12:25 [INFO] < ESP32: 0
2026-07-11 14:12:25 [INFO] < ESP32: 0
2026-07-11 14:12:25 [INFO] < ESP32: 0
2026-07-11 14:12:25 [INFO] < ESP32: 0
2026-07-11 14:12:25 [INFO] < ESP32: 0
2026-07-11 14:12:25 [INFO] < ESP32: 0
2026-07-11 14:12:25 [INFO] < ESP32: 0
2026-07-11 14:12:25 [INFO] < ESP32: 0
2026-07-11 14:12:25 [INFO] < ESP32: 0
2026-07-11 14:12:25 [INFO] < ESP32: 0
2026-07-11 14:12:25 [INFO] < ESP32: 0
2026-07-11 14:12:25 [INFO] < ESP32: 0
2026-07-11 14:12:25 [INFO] < ESP32: 0
2026-07-11 14:12:25 [INFO] < ESP32: 0
2026-07-11 14:12:25 [INFO] < ESP32: 0
2026-07-11 14:12:25 [INFO] < ESP32: 0
2026-07-11 14:12:25 [INFO] < ESP32: 0
2026-07-11 14:12:25 [INFO] < ESP32: 0
2026-07-11 14:12:25 [INFO] < ESP32: 0
2026-07-11 14:12:25 [INFO] < ESP32: 0
2026-07-11 14:12:25 [INFO] < ESP32: 0
2026-07-11 14:12:25 [INFO] < ESP32: 0
2026-07-11 14:12:25 [INFO] < ESP32: 2047
2026-07-11 14:12:25 [INFO] < ESP32: 65535
2026-07-11 14:12:25 [INFO] < ESP32: 65535
2026-07-11 14:12:25 [INFO] < ESP32: 65535
2026-07-11 14:12:25 [INFO] < ESP32: 63488
2026-07-11 14:12:25 [INFO] < ESP32: 0
2026-07-11 14:12:25 [INFO] < ESP32: 0
2026-07-11 14:12:25 [INFO] < ESP32: 2047
2026-07-11 14:12:25 [INFO] < ESP32: 65535
2026-07-11 14:12:25 [INFO] < ESP32: 63488
2026-07-11 14:12:25 [INFO] < ESP32: 0
2026-07-11 14:12:25 [INFO] < ESP32: 2047
2026-07-11 14:12:25 [INFO] < ESP32: 65535
2026-07-11 14:12:25 [INFO] < ESP32: 63488
2026-07-11 14:12:25 [INFO] < ESP32: 0
2026-07-11 14:12:25 [INFO] < ESP32: 2047
2026-07-11 14:12:25 [INFO] < ESP32: 65535
2026-07-11 14:12:25 [INFO] < ESP32: 63488
2026-07-11 14:12:25 [INFO] < ESP32: 0
2026-07-11 14:12:25 [INFO] < ESP32: 0
2026-07-11 14:12:25 [INFO] < ESP32: 0
2026-07-11 14:12:25 [INFO] < ESP32: 0
2026-07-11 14:12:25 [INFO] < ESP32: 0
2026-07-11 14:12:25 [INFO] < ESP32: 2047
2026-07-11 14:12:25 [INFO] < ESP32: 65535
2026-07-11 14:12:25 [INFO] < ESP32: 63488
2026-07-11 14:12:25 [INFO] < ESP32: 0
2026-07-11 14:12:25 [INFO] < ESP32: 2047
2026-07-11 14:12:25 [INFO] < ESP32: 65535
2026-07-11 14:12:25 [INFO] < ESP32: 63488
2026-07-11 14:12:25 [INFO] < ESP32: 0
2026-07-11 14:12:25 [INFO] < ESP32: 0
2026-07-11 14:12:25 [INFO] < ESP32: 2047
2026-07-11 14:12:25 [INFO] < ESP32: 65535
2026-07-11 14:12:25 [INFO] < ESP32: 65535
2026-07-11 14:12:25 [INFO] < ESP32: 65535
2026-07-11 14:12:25 [INFO] < ESP32: 63488
2026-07-11 14:12:25 [INFO] < ESP32: 0
2026-07-11 14:12:25 [INFO] < ESP32: 0
2026-07-11 14:12:25 [INFO] < ESP32: 0
2026-07-11 14:12:25 [INFO] < ESP32: 0
2026-07-11 14:12:25 [INFO] < ESP32: 0
2026-07-11 14:12:25 [INFO] < ESP32: 0
2026-07-11 14:12:25 [INFO] < ESP32: 0
2026-07-11 14:12:25 [INFO] < ESP32: 0
2026-07-11 14:12:25 [INFO] < ESP32: 0
2026-07-11 14:12:25 [INFO] < ESP32: 0
2026-07-11 14:12:25 [INFO] < ESP32: 0
2026-07-11 14:12:25 [INFO] < ESP32: 0
2026-07-11 14:12:25 [INFO] < ESP32: 0
2026-07-11 14:12:25 [INFO] < ESP32: 0
2026-07-11 14:12:25 [INFO] < ESP32: 0
2026-07-11 14:12:25 [INFO] < ESP32: 0
2026-07-11 14:12:25 [INFO] < ESP32: 0
2026-07-11 14:12:25 [INFO] < ESP32: 0
2026-07-11 14:12:25 [INFO] < ESP32: 0
2026-07-11 14:12:25 [INFO] < ESP32: 0
2026-07-11 14:12:25 [INFO] < ESP32: 0
2026-07-11 14:12:25 [INFO] < ESP32: 0
2026-07-11 14:12:25 [INFO] < ESP32: 0
2026-07-11 14:12:25 [INFO] < ESP32: 0
2026-07-11 14:12:25 [INFO] < ESP32: 0
2026-07-11 14:12:25 [INFO] < ESP32: 0
2026-07-11 14:12:25 [INFO] < ESP32: 0
2026-07-11 14:12:25 [INFO] < ESP32: 2047
2026-07-11 14:12:25 [INFO] < ESP32: 65535
2026-07-11 14:12:25 [INFO] < ESP32: 65535
2026-07-11 14:12:25 [INFO] < ESP32: 65535
2026-07-11 14:12:25 [INFO] < ESP32: 63488
2026-07-11 14:12:25 [INFO] < ESP32: 0
2026-07-11 14:12:25 [INFO] < ESP32: 0
2026-07-11 14:12:25 [INFO] < ESP32: 2047
2026-07-11 14:12:25 [INFO] < ESP32: 65535
2026-07-11 14:12:25 [INFO] < ESP32: 63488
2026-07-11 14:12:25 [INFO] < ESP32: 0
2026-07-11 14:12:25 [INFO] < ESP32: 2047
2026-07-11 14:12:25 [INFO] < ESP32: 65535
2026-07-11 14:12:25 [INFO] < ESP32: 63488
2026-07-11 14:12:25 [INFO] < ESP32: 0
2026-07-11 14:12:25 [INFO] < ESP32: 2047
2026-07-11 14:12:25 [INFO] < ESP32: 65535
2026-07-11 14:12:25 [INFO] < ESP32: 65535
2026-07-11 14:12:25 [INFO] < ESP32: 65535
2026-07-11 14:12:25 [INFO] < ESP32: 65535
2026-07-11 14:12:25 [INFO] < ESP32: 65535
2026-07-11 14:12:25 [INFO] < ESP32: 63488
2026-07-11 14:12:25 [INFO] < ESP32: 0
2026-07-11 14:12:25 [INFO] < ESP32: 2047
2026-07-11 14:12:25 [INFO] < ESP32: 65535
2026-07-11 14:12:25 [INFO] < ESP32: 63488
2026-07-11 14:12:25 [INFO] < ESP32: 0
2026-07-11 14:12:25 [INFO] < ESP32: 0
2026-07-11 14:12:25 [INFO] < ESP32: 0
2026-07-11 14:12:25 [INFO] < ESP32: 0
2026-07-11 14:12:25 [INFO] < ESP32: 0
2026-07-11 14:12:25 [INFO] < ESP32: 0
2026-07-11 14:12:25 [INFO] < ESP32: 2047
2026-07-11 14:12:25 [INFO] < ESP32: 65535
2026-07-11 14:12:25 [INFO] < ESP32: 65535
2026-07-11 14:12:25 [INFO] < ESP32: 65535
2026-07-11 14:12:25 [INFO] < ESP32: 63488
2026-07-11 14:12:25 [INFO] < ESP32: 0
2026-07-11 14:12:25 [INFO] < ESP32: 0
2026-07-11 14:12:25 [INFO] < ESP32: 0
2026-07-11 14:12:25 [INFO] < ESP32: 0
2026-07-11 14:12:25 [INFO] < ESP32: 0
2026-07-11 14:12:25 [INFO] < ESP32: 0
2026-07-11 14:12:25 [INFO] < ESP32: 0
2026-07-11 14:12:25 [INFO] < ESP32: 0
2026-07-11 14:12:25 [INFO] < ESP32: 0
2026-07-11 14:12:25 [INFO] < ESP32: 0
2026-07-11 14:12:25 [INFO] < ESP32: 0
2026-07-11 14:12:25 [INFO] < ESP32: 0
2026-07-11 14:12:25 [INFO] < ESP32: 2047
2026-07-11 14:12:25 [INFO] < ESP32: 65535
2026-07-11 14:12:25 [INFO] < ESP32: 63488
2026-07-11 14:12:25 [INFO] < ESP32: 0
2026-07-11 14:12:25 [INFO] < ESP32: 0
2026-07-11 14:12:25 [INFO] < ESP32: 0
2026-07-11 14:12:25 [INFO] < ESP32: 0
2026-07-11 14:12:25 [INFO] < ESP32: 0
2026-07-11 14:12:25 [INFO] < ESP32: 0
2026-07-11 14:12:25 [INFO] < ESP32: 0
2026-07-11 14:12:25 [INFO] < ESP32: 0
2026-07-11 14:12:25 [INFO] < ESP32: 0
2026-07-11 14:12:25 [INFO] < ESP32: 0
2026-07-11 14:12:25 [INFO] < ESP32: 0
2026-07-11 14:12:25 [INFO] < ESP32: 0
2026-07-11 14:12:25 [INFO] < ESP32: 2047
2026-07-11 14:12:25 [INFO] < ESP32: 65535
2026-07-11 14:12:25 [INFO] < ESP32: 65535
2026-07-11 14:12:25 [INFO] < ESP32: 63488
2026-07-11 14:12:25 [INFO] < ESP32: 0
2026-07-11 14:12:25 [INFO] < ESP32: 0
2026-07-11 14:12:25 [INFO] < ESP32: 0
2026-07-11 14:12:25 [INFO] < ESP32: 0
2026-07-11 14:12:25 [INFO] < ESP32: 0
2026-07-11 14:12:25 [INFO] < ESP32: 2047
2026-07-11 14:12:25 [INFO] < ESP32: 65535
2026-07-11 14:12:25 [INFO] < ESP32: 63488
2026-07-11 14:12:25 [INFO] < ESP32: 0
2026-07-11 14:12:25 [INFO] < ESP32: 0
2026-07-11 14:12:25 [INFO] < ESP32: 0
2026-07-11 14:12:25 [INFO] < ESP32: 0
2026-07-11 14:12:25 [INFO] < ESP32: 0
2026-07-11 14:12:25 [INFO] < ESP32: 2047
2026-07-11 14:12:25 [INFO] < ESP32: 65535
2026-07-11 14:12:25 [INFO] < ESP32: 63488
2026-07-11 14:12:25 [INFO] < ESP32: 0
2026-07-11 14:12:25 [INFO] < ESP32: 0
2026-07-11 14:12:25 [INFO] < ESP32: 0
2026-07-11 14:12:25 [INFO] < ESP32: 0
2026-07-11 14:12:25 [INFO] < ESP32: 0
2026-07-11 14:12:25 [INFO] < ESP32: 2047
2026-07-11 14:12:25 [INFO] < ESP32: 65535
2026-07-11 14:12:25 [INFO] < ESP32: 63488
2026-07-11 14:12:25 [INFO] < ESP32: 0
2026-07-11 14:12:25 [INFO] < ESP32: 0
2026-07-11 14:12:25 [INFO] < ESP32: 0
2026-07-11 14:12:25 [INFO] < ESP32: 0
2026-07-11 14:12:25 [INFO] < ESP32: 2047
2026-07-11 14:12:25 [INFO] < ESP32: 65535
2026-07-11 14:12:25 [INFO] < ESP32: 65535
2026-07-11 14:12:25 [INFO] < ESP32: 65535
2026-07-11 14:12:25 [INFO] < ESP32: 63488
2026-07-11 14:12:25 [INFO] < ESP32: 0
2026-07-11 14:12:25 [INFO] < ESP32: 0
2026-07-11 14:12:25 [INFO] < ESP32: 0
2026-07-11 14:12:25 [INFO] < ESP32: 0
2026-07-11 14:12:25 [INFO] < ESP32: 0
2026-07-11 14:12:25 [INFO] < ESP32: 0
2026-07-11 14:12:25 [INFO] < ESP32: 0
2026-07-11 14:12:25 [INFO] < ESP32: 0
2026-07-11 14:12:25 [INFO] < ESP32: 0
2026-07-11 14:12:25 [INFO] < ESP32: 0
2026-07-11 14:12:25 [INFO] < ESP32: 0
2026-07-11 14:12:25 [INFO] < ESP32: 0
2026-07-11 14:12:25 [INFO] < ESP32: 0
2026-07-11 14:12:25 [INFO] < ESP32: 0
2026-07-11 14:12:25 [INFO] < ESP32: 0
2026-07-11 14:12:25 [INFO] < ESP32: 0
2026-07-11 14:12:25 [INFO] < ESP32: 0
2026-07-11 14:12:25 [INFO] < ESP32: 0
2026-07-11 14:12:25 [INFO] < ESP32: 0
2026-07-11 14:12:25 [INFO] < ESP32: 0
2026-07-11 14:12:25 [INFO] < ESP32: 0
2026-07-11 14:12:25 [INFO] < ESP32: 0
2026-07-11 14:12:25 [INFO] < ESP32: 0
2026-07-11 14:12:25 [INFO] < ESP32: 0
2026-07-11 14:12:25 [INFO] < ESP32: 0
2026-07-11 14:12:25 [INFO] < ESP32: 0
2026-07-11 14:12:25 [INFO] < ESP32: 2047
2026-07-11 14:12:25 [INFO] < ESP32: 65535
2026-07-11 14:12:25 [INFO] < ESP32: 63488
2026-07-11 14:12:25 [INFO] < ESP32: 0
2026-07-11 14:12:25 [INFO] < ESP32: 2047
2026-07-11 14:12:25 [INFO] < ESP32: 65535
2026-07-11 14:12:25 [INFO] < ESP32: 63488
2026-07-11 14:12:25 [INFO] < ESP32: 0
2026-07-11 14:12:25 [INFO] < ESP32: 2047
2026-07-11 14:12:25 [INFO] < ESP32: 65535
2026-07-11 14:12:25 [INFO] < ESP32: 63488
2026-07-11 14:12:25 [INFO] < ESP32: 0
2026-07-11 14:12:25 [INFO] < ESP32: 2047
2026-07-11 14:12:25 [INFO] < ESP32: 65535
2026-07-11 14:12:25 [INFO] < ESP32: 63488
2026-07-11 14:12:25 [INFO] < ESP32: 0
2026-07-11 14:12:25 [INFO] < ESP32: 2047
2026-07-11 14:12:25 [INFO] < ESP32: 65535
2026-07-11 14:12:25 [INFO] < ESP32: 63488
2026-07-11 14:12:25 [INFO] < ESP32: 0
2026-07-11 14:12:25 [INFO] < ESP32: 2047
2026-07-11 14:12:25 [INFO] < ESP32: 65535
2026-07-11 14:12:25 [INFO] < ESP32: 63488
2026-07-11 14:12:25 [INFO] < ESP32: 0
2026-07-11 14:12:25 [INFO] < ESP32: 0
2026-07-11 14:12:25 [INFO] < ESP32: 2047
2026-07-11 14:12:25 [INFO] < ESP32: 65535
2026-07-11 14:12:25 [INFO] < ESP32: 65535
2026-07-11 14:12:25 [INFO] < ESP32: 65535
2026-07-11 14:12:25 [INFO] < ESP32: 63488
2026-07-11 14:12:25 [INFO] < ESP32: 0
2026-07-11 14:12:25 [INFO] < ESP32: 0
2026-07-11 14:12:25 [INFO] < ESP32: 0
2026-07-11 14:12:25 [INFO] < ESP32: 0
2026-07-11 14:12:25 [INFO] < ESP32: 2047
2026-07-11 14:12:25 [INFO] < ESP32: 65535
2026-07-11 14:12:25 [INFO] < ESP32: 63488
2026-07-11 14:12:25 [INFO] < ESP32: 0
2026-07-11 14:12:25 [INFO] < ESP32: 0
2026-07-11 14:12:25 [INFO] < ESP32: 0
2026-07-11 14:12:25 [INFO] < ESP32: 0
2026-07-11 14:12:25 [INFO] < ESP32: 0
2026-07-11 14:12:25 [INFO] < ESP32: 0
2026-07-11 14:12:25 [INFO] < ESP32: 0
2026-07-11 14:12:25 [INFO] < ESP32: 0
2026-07-11 14:12:25 [INFO] < ESP32: 0
2026-07-11 14:12:25 [INFO] < ESP32: 0
2026-07-11 14:12:25 [INFO] < ESP32: 0
2026-07-11 14:12:25 [INFO] < ESP32: 0
2026-07-11 14:12:25 [INFO] < ESP32: 0
2026-07-11 14:12:25 [INFO] < ESP32: 0
2026-07-11 14:12:25 [INFO] < ESP32: 0
2026-07-11 14:12:25 [INFO] < ESP32: 0
2026-07-11 14:12:25 [INFO] < ESP32: 0
2026-07-11 14:12:25 [INFO] < ESP32: 0
2026-07-11 14:12:25 [INFO] < ESP32: 0
2026-07-11 14:12:25 [INFO] < ESP32: 0
2026-07-11 14:12:25 [INFO] < ESP32: 0
2026-07-11 14:12:25 [INFO] < ESP32: 0
2026-07-11 14:12:25 [INFO] < ESP32: 0
2026-07-11 14:12:25 [INFO] < ESP32: 0
2026-07-11 14:12:25 [INFO] < ESP32: 0
2026-07-11 14:12:25 [INFO] < ESP32: 0
2026-07-11 14:12:25 [INFO] < ESP32: 0
2026-07-11 14:12:25 [INFO] < ESP32: 0
2026-07-11 14:12:25 [INFO] < ESP32: 2047
2026-07-11 14:12:25 [INFO] < ESP32: 65535
2026-07-11 14:12:25 [INFO] < ESP32: 65535
2026-07-11 14:12:25 [INFO] < ESP32: 65535
2026-07-11 14:12:25 [INFO] < ESP32: 63488
2026-07-11 14:12:25 [INFO] < ESP32: 0
2026-07-11 14:12:25 [INFO] < ESP32: 0
2026-07-11 14:12:25 [INFO] < ESP32: 2047
2026-07-11 14:12:25 [INFO] < ESP32: 65535
2026-07-11 14:12:25 [INFO] < ESP32: 63488
2026-07-11 14:12:25 [INFO] < ESP32: 0
2026-07-11 14:12:25 [INFO] < ESP32: 2047
2026-07-11 14:12:25 [INFO] < ESP32: 65535
2026-07-11 14:12:25 [INFO] < ESP32: 63488
2026-07-11 14:12:25 [INFO] < ESP32: 0
2026-07-11 14:12:25 [INFO] < ESP32: 2047
2026-07-11 14:12:25 [INFO] < ESP32: 65535
2026-07-11 14:12:25 [INFO] < ESP32: 65535
2026-07-11 14:12:25 [INFO] < ESP32: 65535
2026-07-11 14:12:25 [INFO] < ESP32: 65535
2026-07-11 14:12:25 [INFO] < ESP32: 65535
2026-07-11 14:12:25 [INFO] < ESP32: 63488
2026-07-11 14:12:25 [INFO] < ESP32: 0
2026-07-11 14:12:25 [INFO] < ESP32: 2047
2026-07-11 14:12:25 [INFO] < ESP32: 65535
2026-07-11 14:12:25 [INFO] < ESP32: 63488
2026-07-11 14:12:25 [INFO] < ESP32: 0
2026-07-11 14:12:25 [INFO] < ESP32: 0
2026-07-11 14:12:25 [INFO] < ESP32: 0
2026-07-11 14:12:25 [INFO] < ESP32: 0
2026-07-11 14:12:25 [INFO] < ESP32: 0
2026-07-11 14:12:25 [INFO] < ESP32: 0
2026-07-11 14:12:25 [INFO] < ESP32: 2047
2026-07-11 14:12:25 [INFO] < ESP32: 65535
2026-07-11 14:12:25 [INFO] < ESP32: 65535
2026-07-11 14:12:25 [INFO] < ESP32: 65535
2026-07-11 14:12:25 [INFO] < ESP32: 63488
2026-07-11 14:12:25 [INFO] < ESP32: 0
2026-07-11 14:12:25 [INFO] < ESP32: 0
2026-07-11 14:12:25 [INFO] < ESP32: 0
2026-07-11 14:12:25 [INFO] < ESP32: 0
2026-07-11 14:12:25 [INFO] < ESP32: 0
2026-07-11 14:12:25 [INFO] < ESP32: 0
2026-07-11 14:12:25 [INFO] < ESP32: 0
2026-07-11 14:12:25 [INFO] < ESP32: 0
2026-07-11 14:12:25 [INFO] < ESP32: 0
2026-07-11 14:12:25 [INFO] < ESP32: 0
2026-07-11 14:12:25 [INFO] < ESP32: 0
2026-07-11 14:12:25 [INFO] < ESP32: 0
2026-07-11 14:12:25 [INFO] < ESP32: 0
2026-07-11 14:12:25 [INFO] < ESP32: 2047
2026-07-11 14:12:25 [INFO] < ESP32: 65535
2026-07-11 14:12:25 [INFO] < ESP32: 65535
2026-07-11 14:12:25 [INFO] < ESP32: 63488
2026-07-11 14:12:25 [INFO] < ESP32: 0
2026-07-11 14:12:25 [INFO] < ESP32: 0
2026-07-11 14:12:25 [INFO] < ESP32: 0
2026-07-11 14:12:25 [INFO] < ESP32: 0
2026-07-11 14:12:25 [INFO] < ESP32: 0
2026-07-11 14:12:25 [INFO] < ESP32: 2047
2026-07-11 14:12:25 [INFO] < ESP32: 65535
2026-07-11 14:12:25 [INFO] < ESP32: 63488
2026-07-11 14:12:25 [INFO] < ESP32: 0
2026-07-11 14:12:25 [INFO] < ESP32: 0
2026-07-11 14:12:25 [INFO] < ESP32: 0
2026-07-11 14:12:25 [INFO] < ESP32: 0
2026-07-11 14:12:25 [INFO] < ESP32: 0
2026-07-11 14:12:25 [INFO] < ESP32: 2047
2026-07-11 14:12:25 [INFO] < ESP32: 65535
2026-07-11 14:12:25 [INFO] < ESP32: 63488
2026-07-11 14:12:25 [INFO] < ESP32: 0
2026-07-11 14:12:25 [INFO] < ESP32: 0
2026-07-11 14:12:25 [INFO] < ESP32: 2047
2026-07-11 14:12:25 [INFO] < ESP32: 65535
2026-07-11 14:12:25 [INFO] < ESP32: 65535
2026-07-11 14:12:25 [INFO] < ESP32: 65535
2026-07-11 14:12:25 [INFO] < ESP32: 65535
2026-07-11 14:12:25 [INFO] < ESP32: 63488
2026-07-11 14:12:25 [INFO] < ESP32: 0
2026-07-11 14:12:25 [INFO] < ESP32: 2047
2026-07-11 14:12:25 [INFO] < ESP32: 65535
2026-07-11 14:12:25 [INFO] < ESP32: 63488
2026-07-11 14:12:25 [INFO] < ESP32: 0
2026-07-11 14:12:25 [INFO] < ESP32: 2047
2026-07-11 14:12:25 [INFO] < ESP32: 65535
2026-07-11 14:12:25 [INFO] < ESP32: 63488
2026-07-11 14:12:25 [INFO] < ESP32: 0
2026-07-11 14:12:25 [INFO] < ESP32: 2047
2026-07-11 14:12:25 [INFO] < ESP32: 65535
2026-07-11 14:12:25 [INFO] < ESP32: 63488
2026-07-11 14:12:25 [INFO] < ESP32: 0
2026-07-11 14:12:25 [INFO] < ESP32: 2047
2026-07-11 14:12:25 [INFO] < ESP32: 65535
2026-07-11 14:12:25 [INFO] < ESP32: 63488
2026-07-11 14:12:25 [INFO] < ESP32: 0
2026-07-11 14:12:25 [INFO] < ESP32: 0
2026-07-11 14:12:25 [INFO] < ESP32: 2047
2026-07-11 14:12:25 [INFO] < ESP32: 65535
2026-07-11 14:12:25 [INFO] < ESP32: 65535
2026-07-11 14:12:25 [INFO] < ESP32: 63488
2026-07-11 14:12:25 [INFO] < ESP32: 2047
2026-07-11 14:12:25 [INFO] < ESP32: 65535
2026-07-11 14:12:25 [INFO] < ESP32: 63488
2026-07-11 14:12:25 [INFO] < ESP32: 0
2026-07-11 14:12:25 [INFO] < ESP32: 0
2026-07-11 14:12:25 [INFO] < ESP32: 0
2026-07-11 14:12:25 [INFO] < ESP32: 0
2026-07-11 14:12:25 [INFO] < ESP32: 0
2026-07-11 14:12:25 [INFO] < ESP32: 0
2026-07-11 14:12:25 [INFO] < ESP32: 0
2026-07-11 14:12:25 [INFO] < ESP32: 0
2026-07-11 14:12:25 [INFO] < ESP32: 0
2026-07-11 14:12:25 [INFO] < ESP32: 0
2026-07-11 14:12:25 [INFO] < ESP32: 0
2026-07-11 14:12:25 [INFO] < ESP32: 0
2026-07-11 14:12:25 [INFO] < ESP32: 0
2026-07-11 14:12:25 [INFO] < ESP32: 0
2026-07-11 14:12:25 [INFO] < ESP32: 0
2026-07-11 14:12:25 [INFO] < ESP32: 0
2026-07-11 14:12:25 [INFO] < ESP32: 0
2026-07-11 14:12:25 [INFO] < ESP32: 0
2026-07-11 14:12:25 [INFO] < ESP32: 2047
2026-07-11 14:12:25 [INFO] < ESP32: 65535
2026-07-11 14:12:25 [INFO] < ESP32: 63488
2026-07-11 14:12:25 [INFO] < ESP32: 0
2026-07-11 14:12:25 [INFO] < ESP32: 0
2026-07-11 14:12:25 [INFO] < ESP32: 0
2026-07-11 14:12:25 [INFO] < ESP32: 0
2026-07-11 14:12:25 [INFO] < ESP32: 0
2026-07-11 14:12:25 [INFO] < ESP32: 2047
2026-07-11 14:12:25 [INFO] < ESP32: 65535
2026-07-11 14:12:25 [INFO] < ESP32: 63488
2026-07-11 14:12:25 [INFO] < ESP32: 0
2026-07-11 14:12:25 [INFO] < ESP32: 0
2026-07-11 14:12:25 [INFO] < ESP32: 0
2026-07-11 14:12:25 [INFO] < ESP32: 0
2026-07-11 14:12:25 [INFO] < ESP32: 0
2026-07-11 14:12:25 [INFO] < ESP32: 0
2026-07-11 14:12:25 [INFO] < ESP32: 0
2026-07-11 14:12:25 [INFO] < ESP32: 0
2026-07-11 14:12:25 [INFO] < ESP32: 0
2026-07-11 14:12:25 [INFO] < ESP32: 0
2026-07-11 14:12:25 [INFO] < ESP32: 0
2026-07-11 14:12:25 [INFO] < ESP32: 0
2026-07-11 14:12:25 [INFO] < ESP32: 0
2026-07-11 14:12:25 [INFO] < ESP32: 0
2026-07-11 14:12:25 [INFO] < ESP32: 0
2026-07-11 14:12:25 [INFO] < ESP32: 0
2026-07-11 14:12:25 [INFO] < ESP32: 0
2026-07-11 14:12:25 [INFO] < ESP32: 0
2026-07-11 14:12:25 [INFO] < ESP32: 0
2026-07-11 14:12:25 [INFO] < ESP32: 0
2026-07-11 14:12:25 [INFO] < ESP32: 0
2026-07-11 14:12:25 [INFO] < ESP32: 2047
2026-07-11 14:12:25 [INFO] < ESP32: 65535
2026-07-11 14:12:25 [INFO] < ESP32: 63488
2026-07-11 14:12:25 [INFO] < ESP32: 0
2026-07-11 14:12:25 [INFO] < ESP32: 0
2026-07-11 14:12:25 [INFO] < ESP32: 0
2026-07-11 14:12:25 [INFO] < ESP32: 0
2026-07-11 14:12:25 [INFO] < ESP32: 0
2026-07-11 14:12:25 [INFO] < ESP32: 2047
2026-07-11 14:12:25 [INFO] < ESP32: 65535
2026-07-11 14:12:25 [INFO] < ESP32: 63488
2026-07-11 14:12:25 [INFO] < ESP32: 0
2026-07-11 14:12:25 [INFO] < ESP32: 0
2026-07-11 14:12:25 [INFO] < ESP32: 0
2026-07-11 14:12:25 [INFO] < ESP32: 0
2026-07-11 14:12:25 [INFO] < ESP32: 0
2026-07-11 14:12:25 [INFO] < ESP32: 0
2026-07-11 14:12:25 [INFO] < ESP32: 0
2026-07-11 14:12:25 [INFO] < ESP32: 0
2026-07-11 14:12:25 [INFO] < ESP32: 0
2026-07-11 14:12:25 [INFO] < ESP32: 0
2026-07-11 14:12:25 [INFO] < ESP32: 0
2026-07-11 14:12:25 [INFO] < ESP32: 0
2026-07-11 14:12:25 [INFO] < ESP32: 0
2026-07-11 14:12:25 [INFO] < ESP32: 0
2026-07-11 14:12:25 [INFO] < ESP32: 0
2026-07-11 14:12:25 [INFO] < ESP32: 0
2026-07-11 14:12:25 [INFO] < ESP32: 0
2026-07-11 14:12:25 [INFO] < ESP32: 0
2026-07-11 14:12:25 [INFO] < ESP32: 0
2026-07-11 14:12:25 [INFO] < ESP32: 0
2026-07-11 14:12:25 [INFO] < ESP32: 0
2026-07-11 14:12:25 [INFO] < ESP32: 0
2026-07-11 14:12:25 [INFO] < ESP32: 0
2026-07-11 14:12:25 [INFO] < ESP32: 0
2026-07-11 14:12:25 [INFO] < ESP32: 0
2026-07-11 14:12:25 [INFO] < ESP32: 0
2026-07-11 14:12:25 [INFO] < ESP32: 0
2026-07-11 14:12:25 [INFO] < ESP32: 0
2026-07-11 14:12:25 [INFO] < ESP32: 0
2026-07-11 14:12:25 [INFO] < ESP32: 0
2026-07-11 14:12:25 [INFO] < ESP32: 0
2026-07-11 14:12:25 [INFO] < ESP32: 0
2026-07-11 14:12:25 [INFO] < ESP32: 0
2026-07-11 14:12:25 [INFO] < ESP32: 0
2026-07-11 14:12:25 [INFO] < ESP32: 0
2026-07-11 14:12:25 [INFO] < ESP32: 0
2026-07-11 14:12:25 [INFO] < ESP32: 0
2026-07-11 14:12:25 [INFO] < ESP32: 0
2026-07-11 14:12:25 [INFO] < ESP32: 0
2026-07-11 14:12:25 [INFO] < ESP32: 0
2026-07-11 14:12:25 [INFO] < ESP32: 0
2026-07-11 14:12:25 [INFO] < ESP32: 0
2026-07-11 14:12:25 [INFO] < ESP32: 0
2026-07-11 14:12:25 [INFO] < ESP32: 0
2026-07-11 14:12:25 [INFO] < ESP32: 0
2026-07-11 14:12:25 [INFO] < ESP32: 0
2026-07-11 14:12:25 [INFO] < ESP32: 0
2026-07-11 14:12:25 [INFO] < ESP32: 0
2026-07-11 14:12:25 [INFO] < ESP32: 0
2026-07-11 14:12:25 [INFO] > Sent: DOWN:d
2026-07-11 14:12:25 [INFO] < ESP32: 0
2026-07-11 14:12:25 [INFO] < ESP32: 0
2026-07-11 14:12:25 [INFO] < ESP32: 0
2026-07-11 14:12:25 [INFO] < ESP32: 0
2026-07-11 14:12:25 [INFO] < ESP32: 0
2026-07-11 14:12:25 [INFO] < ESP32: 0
2026-07-11 14:12:25 [INFO] < ESP32: 0
2026-07-11 14:12:25 [INFO] < ESP32: 0
2026-07-11 14:12:25 [INFO] < ESP32: 0
2026-07-11 14:12:25 [INFO] < ESP32: 0
2026-07-11 14:12:25 [INFO] < ESP32: 0
2026-07-11 14:12:25 [INFO] < ESP32: 0
2026-07-11 14:12:25 [INFO] < ESP32: 0
2026-07-11 14:12:25 [INFO] < ESP32: 0
2026-07-11 14:12:25 [INFO] < ESP32: 0
2026-07-11 14:12:25 [INFO] < ESP32: 0
2026-07-11 14:12:25 [INFO] < ESP32: 0
2026-07-11 14:12:25 [INFO] < ESP32: 0
2026-07-11 14:12:25 [INFO] < ESP32: 0
2026-07-11 14:12:25 [INFO] < ESP32: 0
2026-07-11 14:12:25 [INFO] < ESP32: 0
2026-07-11 14:12:25 [INFO] < ESP32: 0
2026-07-11 14:12:25 [INFO] < ESP32: 0
2026-07-11 14:12:25 [INFO] < ESP32: 0
2026-07-11 14:12:25 [INFO] < ESP32: 0
2026-07-11 14:12:25 [INFO] < ESP32: 0
2026-07-11 14:12:25 [INFO] < ESP32: 0
2026-07-11 14:12:25 [INFO] < ESP32: 0
2026-07-11 14:12:25 [INFO] < ESP32: 0
2026-07-11 14:12:25 [INFO] < ESP32: 2047
2026-07-11 14:12:25 [INFO] < ESP32: 65535
2026-07-11 14:12:25 [INFO] < ESP32: 65535
2026-07-11 14:12:25 [INFO] < ESP32: 63488
2026-07-11 14:12:25 [INFO] < ESP32: 0
2026-07-11 14:12:25 [INFO] < ESP32: 0
2026-07-11 14:12:25 [INFO] < ESP32: 0
2026-07-11 14:12:25 [INFO] < ESP32: 0
2026-07-11 14:12:25 [INFO] < ESP32: 0
2026-07-11 14:12:25 [INFO] < ESP32: 2047
2026-07-11 14:12:25 [INFO] < ESP32: 65535
2026-07-11 14:12:25 [INFO] < ESP32: 63488
2026-07-11 14:12:25 [INFO] < ESP32: 0
2026-07-11 14:12:25 [INFO] < ESP32: 2047
2026-07-11 14:12:25 [INFO] < ESP32: 65535
2026-07-11 14:12:25 [INFO] < ESP32: 65535
2026-07-11 14:12:25 [INFO] < ESP32: 65535
2026-07-11 14:12:25 [INFO] < ESP32: 65535
2026-07-11 14:12:25 [INFO] < ESP32: 65535
2026-07-11 14:12:25 [INFO] < ESP32: 65535
2026-07-11 14:12:25 [INFO] < ESP32: 63488
2026-07-11 14:12:25 [INFO] < ESP32: 2047
2026-07-11 14:12:25 [INFO] < ESP32: 65535
2026-07-11 14:12:25 [INFO] < ESP32: 65535
2026-07-11 14:12:25 [INFO] < ESP32: 65535
2026-07-11 14:12:25 [INFO] < ESP32: 65535
2026-07-11 14:12:25 [INFO] < ESP32: 65535
2026-07-11 14:12:25 [INFO] < ESP32: 65535
2026-07-11 14:12:25 [INFO] < ESP32: 63488
2026-07-11 14:12:25 [INFO] < ESP32: 2047
2026-07-11 14:12:25 [INFO] < ESP32: 65535
2026-07-11 14:12:25 [INFO] < ESP32: 65535
2026-07-11 14:12:25 [INFO] < ESP32: 65535
2026-07-11 14:12:25 [INFO] < ESP32: 65535
2026-07-11 14:12:25 [INFO] < ESP32: 65535
2026-07-11 14:12:25 [INFO] < ESP32: 65535
2026-07-11 14:12:25 [INFO] < ESP32: 63488
2026-07-11 14:12:25 [INFO] < ESP32: 2047
2026-07-11 14:12:25 [INFO] < ESP32: 65535
2026-07-11 14:12:25 [INFO] < ESP32: 65535
2026-07-11 14:12:25 [INFO] < ESP32: 65535
2026-07-11 14:12:25 [INFO] < ESP32: 65535
2026-07-11 14:12:25 [INFO] < ESP32: 65535
2026-07-11 14:12:25 [INFO] < ESP32: 65535
2026-07-11 14:12:25 [INFO] < ESP32: 63488
2026-07-11 14:12:25 [INFO] < ESP32: 0
2026-07-11 14:12:25 [INFO] < ESP32: 2047
2026-07-11 14:12:25 [INFO] < ESP32: 65535
2026-07-11 14:12:25 [INFO] < ESP32: 65535
2026-07-11 14:12:25 [INFO] < ESP32: 65535
2026-07-11 14:12:25 [INFO] < ESP32: 65535
2026-07-11 14:12:25 [INFO] < ESP32: 65535
2026-07-11 14:12:25 [INFO] < ESP32: 63488
2026-07-11 14:12:25 [INFO] < ESP32: 0
2026-07-11 14:12:25 [INFO] < ESP32: 0
2026-07-11 14:12:25 [INFO] < ESP32: 0
2026-07-11 14:12:25 [INFO] < ESP32: 0
2026-07-11 14:12:25 [INFO] < ESP32: 0
2026-07-11 14:12:25 [INFO] < ESP32: 0
2026-07-11 14:12:25 [INFO] < ESP32: 0
2026-07-11 14:12:25 [INFO] < ESP32: 0
2026-07-11 14:12:25 [INFO] < ESP32: 0
2026-07-11 14:12:25 [INFO] < ESP32: 0
2026-07-11 14:12:25 [INFO] < ESP32: 0
2026-07-11 14:12:25 [INFO] < ESP32: 0
2026-07-11 14:12:25 [INFO] < ESP32: 0
2026-07-11 14:12:25 [INFO] < ESP32: 0
2026-07-11 14:12:25 [INFO] < ESP32: 0
2026-07-11 14:12:25 [INFO] < ESP32: 0
2026-07-11 14:12:25 [INFO] < ESP32: 0
2026-07-11 14:12:25 [INFO] < ESP32: 0
2026-07-11 14:12:25 [INFO] < ESP32: 0
2026-07-11 14:12:25 [INFO] < ESP32: 0
2026-07-11 14:12:25 [INFO] < ESP32: 0
2026-07-11 14:12:25 [INFO] < ESP32: 0
2026-07-11 14:12:25 [INFO] < ESP32: 0
2026-07-11 14:12:25 [INFO] < ESP32: 0
2026-07-11 14:12:25 [INFO] < ESP32: 0
2026-07-11 14:12:25 [INFO] < ESP32: 0
2026-07-11 14:12:25 [INFO] < ESP32: 0
2026-07-11 14:12:25 [INFO] < ESP32: 0
2026-07-11 14:12:25 [INFO] < ESP32: 0
2026-07-11 14:12:25 [INFO] < ESP32: 0
2026-07-11 14:12:25 [INFO] < ESP32: 0
2026-07-11 14:12:25 [INFO] < ESP32: 0
2026-07-11 14:12:25 [INFO] < ESP32: 0
2026-07-11 14:12:25 [INFO] < ESP32: 0
2026-07-11 14:12:25 [INFO] < ESP32: 0
2026-07-11 14:12:25 [INFO] < ESP32: 0
2026-07-11 14:12:25 [INFO] < ESP32: 0
2026-07-11 14:12:25 [INFO] < ESP32: 0
2026-07-11 14:12:25 [INFO] < ESP32: 0
2026-07-11 14:12:25 [INFO] < ESP32: 0
2026-07-11 14:12:25 [INFO] < ESP32: 0
2026-07-11 14:12:25 [INFO] < ESP32: 0
2026-07-11 14:12:25 [INFO] < ESP32: 0
2026-07-11 14:12:25 [INFO] < ESP32: 0
2026-07-11 14:12:25 [INFO] < ESP32: 0
2026-07-11 14:12:25 [INFO] < ESP32: 0
2026-07-11 14:12:25 [INFO] < ESP32: 0
2026-07-11 14:12:25 [INFO] < ESP32: 0
2026-07-11 14:12:25 [INFO] < ESP32: 0
2026-07-11 14:12:25 [INFO] < ESP32: 0
2026-07-11 14:12:25 [INFO] < ESP32: 0
2026-07-11 14:12:25 [INFO] < ESP32: 0
2026-07-11 14:12:25 [INFO] < ESP32: 0
2026-07-11 14:12:25 [INFO] < ESP32: 0
2026-07-11 14:12:25 [INFO] < ESP32: 0
2026-07-11 14:12:25 [INFO] < ESP32: 0
2026-07-11 14:12:25 [INFO] < ESP32: 0
2026-07-11 14:12:25 [INFO] < ESP32: 0
2026-07-11 14:12:25 [INFO] < ESP32: 0
2026-07-11 14:12:25 [INFO] < ESP32: 0
2026-07-11 14:12:25 [INFO] < ESP32: 0
2026-07-11 14:12:25 [INFO] < ESP32: 0
2026-07-11 14:12:25 [INFO] < ESP32: 0
2026-07-11 14:12:25 [INFO] < ESP32: 0
2026-07-11 14:12:25 [INFO] < ESP32: 0
2026-07-11 14:12:25 [INFO] < ESP32: 0
2026-07-11 14:12:25 [INFO] < ESP32: 0
2026-07-11 14:12:25 [INFO] < ESP32: 0
2026-07-11 14:12:25 [INFO] < ESP32: 0
2026-07-11 14:12:25 [INFO] < ESP32: 0
2026-07-11 14:12:25 [INFO] < ESP32: 0
2026-07-11 14:12:25 [INFO] < ESP32: 0
2026-07-11 14:12:25 [INFO] < ESP32: 2047
2026-07-11 14:12:25 [INFO] < ESP32: 65535
2026-07-11 14:12:25 [INFO] < ESP32: 65535
2026-07-11 14:12:25 [INFO] < ESP32: 65535
2026-07-11 14:12:25 [INFO] < ESP32: 65535
2026-07-11 14:12:25 [INFO] < ESP32: 63488
2026-07-11 14:12:25 [INFO] < ESP32: 0
2026-07-11 14:12:25 [INFO] < ESP32: 0
2026-07-11 14:12:25 [INFO] < ESP32: 0
2026-07-11 14:12:25 [INFO] < ESP32: 2047
2026-07-11 14:12:25 [INFO] < ESP32: 65535
2026-07-11 14:12:25 [INFO] < ESP32: 63488
2026-07-11 14:12:25 [INFO] < ESP32: 2047
2026-07-11 14:12:25 [INFO] < ESP32: 65535
2026-07-11 14:12:25 [INFO] < ESP32: 63488
2026-07-11 14:12:25 [INFO] < ESP32: 0
2026-07-11 14:12:25 [INFO] < ESP32: 0
2026-07-11 14:12:25 [INFO] < ESP32: 2047
2026-07-11 14:12:25 [INFO] < ESP32: 65535
2026-07-11 14:12:25 [INFO] < ESP32: 63488
2026-07-11 14:12:25 [INFO] < ESP32: 0
2026-07-11 14:12:25 [INFO] < ESP32: 2047
2026-07-11 14:12:25 [INFO] < ESP32: 65535
2026-07-11 14:12:25 [INFO] < ESP32: 63488
2026-07-11 14:12:25 [INFO] < ESP32: 0
2026-07-11 14:12:25 [INFO] < ESP32: 2047
2026-07-11 14:12:25 [INFO] < ESP32: 65535
2026-07-11 14:12:25 [INFO] < ESP32: 63488
2026-07-11 14:12:25 [INFO] < ESP32: 0
2026-07-11 14:12:25 [INFO] < ESP32: 2047
2026-07-11 14:12:25 [INFO] < ESP32: 65535
2026-07-11 14:12:25 [INFO] < ESP32: 63488
2026-07-11 14:12:25 [INFO] < ESP32: 0
2026-07-11 14:12:25 [INFO] < ESP32: 2047
2026-07-11 14:12:25 [INFO] < ESP32: 65535
2026-07-11 14:12:25 [INFO] < ESP32: 63488
2026-07-11 14:12:25 [INFO] < ESP32: 0
2026-07-11 14:12:25 [INFO] < ESP32: 2047
2026-07-11 14:12:25 [INFO] < ESP32: 65535
2026-07-11 14:12:25 [INFO] < ESP32: 63488
2026-07-11 14:12:25 [INFO] < ESP32: 0
2026-07-11 14:12:25 [INFO] < ESP32: 2047
2026-07-11 14:12:25 [INFO] < ESP32: 65535
2026-07-11 14:12:25 [INFO] < ESP32: 63488
2026-07-11 14:12:25 [INFO] < ESP32: 2047
2026-07-11 14:12:25 [INFO] < ESP32: 65535
2026-07-11 14:12:25 [INFO] < ESP32: 63488
2026-07-11 14:12:25 [INFO] < ESP32: 0
2026-07-11 14:12:25 [INFO] < ESP32: 2047
2026-07-11 14:12:25 [INFO] < ESP32: 65535
2026-07-11 14:12:25 [INFO] < ESP32: 65535
2026-07-11 14:12:25 [INFO] < ESP32: 65535
2026-07-11 14:12:25 [INFO] < ESP32: 65535
2026-07-11 14:12:25 [INFO] < ESP32: 63488
2026-07-11 14:12:25 [INFO] < ESP32: 0
2026-07-11 14:12:25 [INFO] < ESP32: 0
2026-07-11 14:12:25 [INFO] < ESP32: 0
2026-07-11 14:12:25 [INFO] < ESP32: 0
2026-07-11 14:12:25 [INFO] < ESP32: 0
2026-07-11 14:12:25 [INFO] < ESP32: 0
2026-07-11 14:12:25 [INFO] < ESP32: 0
2026-07-11 14:12:25 [INFO] < ESP32: 0
2026-07-11 14:12:25 [INFO] < ESP32: 0
2026-07-11 14:12:25 [INFO] < ESP32: 0
2026-07-11 14:12:25 [INFO] < ESP32: 0
2026-07-11 14:12:25 [INFO] < ESP32: 0
2026-07-11 14:12:25 [INFO] < ESP32: 0
2026-07-11 14:12:25 [INFO] < ESP32: 0
2026-07-11 14:12:25 [INFO] < ESP32: 0
2026-07-11 14:12:25 [INFO] < ESP32: 0
2026-07-11 14:12:25 [INFO] < ESP32: 0
2026-07-11 14:12:25 [INFO] < ESP32: 0
2026-07-11 14:12:25 [INFO] < ESP32: 0
2026-07-11 14:12:25 [INFO] < ESP32: 0
2026-07-11 14:12:25 [INFO] < ESP32: 0
2026-07-11 14:12:25 [INFO] < ESP32: 0
2026-07-11 14:12:25 [INFO] < ESP32: 0
2026-07-11 14:12:25 [INFO] < ESP32: 0
2026-07-11 14:12:25 [INFO] < ESP32: 0
2026-07-11 14:12:25 [INFO] < ESP32: 0
2026-07-11 14:12:25 [INFO] < ESP32: 0
2026-07-11 14:12:25 [INFO] < ESP32: 2047
2026-07-11 14:12:25 [INFO] < ESP32: 65535
2026-07-11 14:12:25 [INFO] < ESP32: 65535
2026-07-11 14:12:25 [INFO] < ESP32: 65535
2026-07-11 14:12:25 [INFO] < ESP32: 63488
2026-07-11 14:12:25 [INFO] < ESP32: 0
2026-07-11 14:12:25 [INFO] < ESP32: 0
2026-07-11 14:12:25 [INFO] < ESP32: 2047
2026-07-11 14:12:25 [INFO] < ESP32: 65535
2026-07-11 14:12:25 [INFO] < ESP32: 63488
2026-07-11 14:12:25 [INFO] < ESP32: 0
2026-07-11 14:12:25 [INFO] < ESP32: 2047
2026-07-11 14:12:25 [INFO] < ESP32: 65535
2026-07-11 14:12:25 [INFO] < ESP32: 63488
2026-07-11 14:12:25 [INFO] < ESP32: 0
2026-07-11 14:12:25 [INFO] < ESP32: 2047
2026-07-11 14:12:25 [INFO] < ESP32: 65535
2026-07-11 14:12:25 [INFO] < ESP32: 63488
2026-07-11 14:12:25 [INFO] < ESP32: 0
2026-07-11 14:12:25 [INFO] < ESP32: 2047
2026-07-11 14:12:25 [INFO] < ESP32: 65535
2026-07-11 14:12:25 [INFO] < ESP32: 63488
2026-07-11 14:12:25 [INFO] < ESP32: 0
2026-07-11 14:12:25 [INFO] < ESP32: 2047
2026-07-11 14:12:25 [INFO] < ESP32: 65535
2026-07-11 14:12:25 [INFO] < ESP32: 63488
2026-07-11 14:12:25 [INFO] < ESP32: 0
2026-07-11 14:12:25 [INFO] < ESP32: 2047
2026-07-11 14:12:25 [INFO] < ESP32: 65535
2026-07-11 14:12:25 [INFO] < ESP32: 63488
2026-07-11 14:12:25 [INFO] < ESP32: 0
2026-07-11 14:12:25 [INFO] < ESP32: 0
2026-07-11 14:12:25 [INFO] < ESP32: 2047
2026-07-11 14:12:25 [INFO] < ESP32: 65535
2026-07-11 14:12:25 [INFO] < ESP32: 65535
2026-07-11 14:12:25 [INFO] < ESP32: 65535
2026-07-11 14:12:25 [INFO] < ESP32: 63488
2026-07-11 14:12:25 [INFO] < ESP32: 0
2026-07-11 14:12:25 [INFO] < ESP32: 0
2026-07-11 14:12:25 [INFO] < ESP32: 0
2026-07-11 14:12:25 [INFO] < ESP32: 0
2026-07-11 14:12:25 [INFO] < ESP32: 0
2026-07-11 14:12:25 [INFO] < ESP32: 0
2026-07-11 14:12:25 [INFO] < ESP32: 0
2026-07-11 14:12:25 [INFO] < ESP32: 0
2026-07-11 14:12:25 [INFO] < ESP32: 0
2026-07-11 14:12:25 [INFO] < ESP32: 0
2026-07-11 14:12:25 [INFO] < ESP32: 0
2026-07-11 14:12:25 [INFO] < ESP32: 0
2026-07-11 14:12:25 [INFO] < ESP32: 0
2026-07-11 14:12:25 [INFO] < ESP32: 0
2026-07-11 14:12:25 [INFO] < ESP32: 0
2026-07-11 14:12:25 [INFO] < ESP32: 0
2026-07-11 14:12:25 [INFO] > Sent: UP:d
2026-07-11 14:12:25 [INFO] < ESP32: 0
2026-07-11 14:12:25 [INFO] < ESP32: 0
2026-07-11 14:12:25 [INFO] < ESP32: 0
2026-07-11 14:12:25 [INFO] < ESP32: 0
2026-07-11 14:12:25 [INFO] < ESP32: 0
2026-07-11 14:12:25 [INFO] < ESP32: 0
2026-07-11 14:12:25 [INFO] < ESP32: 0
2026-07-11 14:12:25 [INFO] < ESP32: 0
2026-07-11 14:12:25 [INFO] < ESP32: 0
2026-07-11 14:12:25 [INFO] < ESP32: 0
2026-07-11 14:12:25 [INFO] < ESP32: 2047
2026-07-11 14:12:25 [INFO] < ESP32: 65535
2026-07-11 14:12:25 [INFO] < ESP32: 63488
2026-07-11 14:12:25 [INFO] < ESP32: 0
2026-07-11 14:12:25 [INFO] < ESP32: 0
2026-07-11 14:12:25 [INFO] < ESP32: 2047
2026-07-11 14:12:25 [INFO] < ESP32: 65535
2026-07-11 14:12:25 [INFO] < ESP32: 63488
2026-07-11 14:12:25 [INFO] < ESP32: 2047
2026-07-11 14:12:25 [INFO] < ESP32: 65535
2026-07-11 14:12:25 [INFO] < ESP32: 63488
2026-07-11 14:12:25 [INFO] < ESP32: 2047
2026-07-11 14:12:25 [INFO] < ESP32: 63488
2026-07-11 14:12:25 [INFO] < ESP32: 2047
2026-07-11 14:12:25 [INFO] < ESP32: 65535
2026-07-11 14:12:25 [INFO] < ESP32: 63488
2026-07-11 14:12:25 [INFO] < ESP32: 2047
2026-07-11 14:12:25 [INFO] < ESP32: 65535
2026-07-11 14:12:25 [INFO] < ESP32: 65535
2026-07-11 14:12:25 [INFO] < ESP32: 65535
2026-07-11 14:12:25 [INFO] < ESP32: 65535
2026-07-11 14:12:25 [INFO] < ESP32: 65535
2026-07-11 14:12:25 [INFO] < ESP32: 65535
2026-07-11 14:12:25 [INFO] < ESP32: 63488
2026-07-11 14:12:25 [INFO] < ESP32: 2047
2026-07-11 14:12:25 [INFO] < ESP32: 65535
2026-07-11 14:12:25 [INFO] < ESP32: 65535
2026-07-11 14:12:25 [INFO] < ESP32: 65535
2026-07-11 14:12:25 [INFO] < ESP32: 65535
2026-07-11 14:12:25 [INFO] < ESP32: 65535
2026-07-11 14:12:25 [INFO] < ESP32: 65535
2026-07-11 14:12:25 [INFO] < ESP32: 63488
2026-07-11 14:12:25 [INFO] < ESP32: 0
2026-07-11 14:12:25 [INFO] < ESP32: 2047
2026-07-11 14:12:25 [INFO] < ESP32: 65535
2026-07-11 14:12:25 [INFO] < ESP32: 63488
2026-07-11 14:12:25 [INFO] < ESP32: 2047
2026-07-11 14:12:25 [INFO] < ESP32: 65535
2026-07-11 14:12:25 [INFO] < ESP32: 63488
2026-07-11 14:12:25 [INFO] < ESP32: 0
2026-07-11 14:12:25 [INFO] < ESP32: 0
2026-07-11 14:12:25 [INFO] < ESP32: 0
2026-07-11 14:12:25 [INFO] < ESP32: 0
2026-07-11 14:12:25 [INFO] < ESP32: 0
2026-07-11 14:12:25 [INFO] < ESP32: 0
2026-07-11 14:12:25 [INFO] < ESP32: 0
2026-07-11 14:12:25 [INFO] < ESP32: 0
2026-07-11 14:12:25 [INFO] < ESP32: 0
2026-07-11 14:12:25 [INFO] < ESP32: 0
2026-07-11 14:12:25 [INFO] < ESP32: 0
2026-07-11 14:12:25 [INFO] < ESP32: 0
2026-07-11 14:12:25 [INFO] < ESP32: 0
2026-07-11 14:12:25 [INFO] < ESP32: 0
2026-07-11 14:12:25 [INFO] < ESP32: 0
2026-07-11 14:12:25 [INFO] < ESP32: 0
2026-07-11 14:12:25 [INFO] < ESP32: 0
2026-07-11 14:12:25 [INFO] < ESP32: 0
2026-07-11 14:12:25 [INFO] < ESP32: 0
2026-07-11 14:12:25 [INFO] < ESP32: 0
2026-07-11 14:12:25 [INFO] < ESP32: 0
2026-07-11 14:12:25 [INFO] < ESP32: 0
2026-07-11 14:12:25 [INFO] < ESP32: 0
2026-07-11 14:12:25 [INFO] < ESP32: 0
2026-07-11 14:12:25 [INFO] < ESP32: 0
2026-07-11 14:12:25 [INFO] < ESP32: 2047
2026-07-11 14:12:25 [INFO] < ESP32: 65535
2026-07-11 14:12:25 [INFO] < ESP32: 65535
2026-07-11 14:12:25 [INFO] < ESP32: 65535
2026-07-11 14:12:25 [INFO] < ESP32: 65535
2026-07-11 14:12:25 [INFO] < ESP32: 63488
2026-07-11 14:12:25 [INFO] < ESP32: 0
2026-07-11 14:12:25 [INFO] < ESP32: 0
2026-07-11 14:12:25 [INFO] < ESP32: 2047
2026-07-11 14:12:25 [INFO] < ESP32: 65535
2026-07-11 14:12:25 [INFO] < ESP32: 63488
2026-07-11 14:12:25 [INFO] < ESP32: 0
2026-07-11 14:12:25 [INFO] < ESP32: 2047
2026-07-11 14:12:25 [INFO] < ESP32: 65535
2026-07-11 14:12:25 [INFO] < ESP32: 63488
2026-07-11 14:12:25 [INFO] < ESP32: 0
2026-07-11 14:12:25 [INFO] < ESP32: 2047
2026-07-11 14:12:25 [INFO] < ESP32: 65535
2026-07-11 14:12:25 [INFO] < ESP32: 63488
2026-07-11 14:12:25 [INFO] < ESP32: 0
2026-07-11 14:12:25 [INFO] < ESP32: 2047
2026-07-11 14:12:25 [INFO] < ESP32: 65535
2026-07-11 14:12:25 [INFO] < ESP32: 63488
2026-07-11 14:12:25 [INFO] < ESP32: 0
2026-07-11 14:12:25 [INFO] < ESP32: 2047
2026-07-11 14:12:25 [INFO] < ESP32: 65535
2026-07-11 14:12:25 [INFO] < ESP32: 63488
2026-07-11 14:12:25 [INFO] < ESP32: 0
2026-07-11 14:12:25 [INFO] < ESP32: 2047
2026-07-11 14:12:25 [INFO] < ESP32: 65535
2026-07-11 14:12:25 [INFO] < ESP32: 63488
2026-07-11 14:12:25 [INFO] < ESP32: 0
2026-07-11 14:12:25 [INFO] < ESP32: 2047
2026-07-11 14:12:25 [INFO] < ESP32: 65535
2026-07-11 14:12:25 [INFO] < ESP32: 63488
2026-07-11 14:12:25 [INFO] < ESP32: 0
2026-07-11 14:12:25 [INFO] < ESP32: 2047
2026-07-11 14:12:25 [INFO] < ESP32: 65535
2026-07-11 14:12:25 [INFO] < ESP32: 63488
2026-07-11 14:12:25 [INFO] < ESP32: 0
2026-07-11 14:12:25 [INFO] < ESP32: 0
2026-07-11 14:12:25 [INFO] < ESP32: 0
2026-07-11 14:12:25 [INFO] < ESP32: 0
2026-07-11 14:12:25 [INFO] < ESP32: 0
2026-07-11 14:12:25 [INFO] < ESP32: 0
2026-07-11 14:12:25 [INFO] < ESP32: 0
2026-07-11 14:12:25 [INFO] < ESP32: 0
2026-07-11 14:12:25 [INFO] < ESP32: 0
2026-07-11 14:12:25 [INFO] < ESP32: 2047
2026-07-11 14:12:25 [INFO] < ESP32: 65535
2026-07-11 14:12:25 [INFO] < ESP32: 65535
2026-07-11 14:12:25 [INFO] < ESP32: 65535
2026-07-11 14:12:25 [INFO] < ESP32: 65535
2026-07-11 14:12:25 [INFO] < ESP32: 65535
2026-07-11 14:12:25 [INFO] < ESP32: 63488
2026-07-11 14:12:25 [INFO] < ESP32: 0
2026-07-11 14:12:25 [INFO] < ESP32: 0
2026-07-11 14:12:25 [INFO] < ESP32: 2047
2026-07-11 14:12:25 [INFO] < ESP32: 65535
2026-07-11 14:12:25 [INFO] < ESP32: 63488
2026-07-11 14:12:25 [INFO] < ESP32: 0
2026-07-11 14:12:25 [INFO] < ESP32: 2047
2026-07-11 14:12:25 [INFO] < ESP32: 65535
2026-07-11 14:12:25 [INFO] < ESP32: 63488
2026-07-11 14:12:25 [INFO] < ESP32: 0
2026-07-11 14:12:25 [INFO] < ESP32: 2047
2026-07-11 14:12:25 [INFO] < ESP32: 65535
2026-07-11 14:12:25 [INFO] < ESP32: 63488
2026-07-11 14:12:25 [INFO] < ESP32: 0
2026-07-11 14:12:25 [INFO] < ESP32: 2047
2026-07-11 14:12:25 [INFO] < ESP32: 65535
2026-07-11 14:12:25 [INFO] < ESP32: 63488
2026-07-11 14:12:25 [INFO] < ESP32: 0
2026-07-11 14:12:25 [INFO] < ESP32: 2047
2026-07-11 14:12:25 [INFO] < ESP32: 65535
2026-07-11 14:12:25 [INFO] < ESP32: 65535
2026-07-11 14:12:25 [INFO] < ESP32: 65535
2026-07-11 14:12:25 [INFO] < ESP32: 65535
2026-07-11 14:12:25 [INFO] < ESP32: 63488
2026-07-11 14:12:25 [INFO] < ESP32: 0
2026-07-11 14:12:25 [INFO] < ESP32: 0
2026-07-11 14:12:25 [INFO] < ESP32: 2047
2026-07-11 14:12:25 [INFO] < ESP32: 65535
2026-07-11 14:12:25 [INFO] < ESP32: 63488
2026-07-11 14:12:25 [INFO] < ESP32: 2047
2026-07-11 14:12:25 [INFO] < ESP32: 65535
2026-07-11 14:12:25 [INFO] < ESP32: 63488
2026-07-11 14:12:25 [INFO] < ESP32: 0
2026-07-11 14:12:25 [INFO] < ESP32: 0
2026-07-11 14:12:25 [INFO] < ESP32: 2047
2026-07-11 14:12:25 [INFO] < ESP32: 65535
2026-07-11 14:12:25 [INFO] < ESP32: 63488
2026-07-11 14:12:25 [INFO] < ESP32: 0
2026-07-11 14:12:25 [INFO] < ESP32: 2047
2026-07-11 14:12:25 [INFO] < ESP32: 65535
2026-07-11 14:12:25 [INFO] < ESP32: 63488
2026-07-11 14:12:25 [INFO] < ESP32: 2047
2026-07-11 14:12:25 [INFO] < ESP32: 65535
2026-07-11 14:12:25 [INFO] < ESP32: 65535
2026-07-11 14:12:25 [INFO] < ESP32: 63488
2026-07-11 14:12:25 [INFO] < ESP32: 0
2026-07-11 14:12:25 [INFO] < ESP32: 2047
2026-07-11 14:12:25 [INFO] < ESP32: 65535
2026-07-11 14:12:25 [INFO] < ESP32: 63488
2026-07-11 14:12:25 [INFO] < ESP32: 0
2026-07-11 14:12:25 [INFO] < ESP32: 0
2026-07-11 14:12:25 [INFO] < ESP32: 0
2026-07-11 14:12:25 [INFO] < ESP32: 0
2026-07-11 14:12:25 [INFO] < ESP32: 0
2026-07-11 14:12:25 [INFO] < ESP32: 0
2026-07-11 14:12:25 [INFO] < ESP32: 0
2026-07-11 14:12:25 [INFO] < ESP32: 0
2026-07-11 14:12:25 [INFO] < ESP32: 0
2026-07-11 14:12:25 [INFO] < ESP32: 0
2026-07-11 14:12:25 [INFO] < ESP32: 0
2026-07-11 14:12:25 [INFO] < ESP32: 0
2026-07-11 14:12:25 [INFO] < ESP32: 0
2026-07-11 14:12:25 [INFO] < ESP32: 0
2026-07-11 14:12:25 [INFO] < ESP32: 0
2026-07-11 14:12:25 [INFO] < ESP32: 0
2026-07-11 14:12:25 [INFO] < ESP32: 0
2026-07-11 14:12:25 [INFO] < ESP32: 0
2026-07-11 14:12:25 [INFO] < ESP32: 0
2026-07-11 14:12:25 [INFO] < ESP32: 0
2026-07-11 14:12:25 [INFO] < ESP32: 0
2026-07-11 14:12:25 [INFO] < ESP32: 0
2026-07-11 14:12:25 [INFO] < ESP32: 0
2026-07-11 14:12:25 [INFO] < ESP32: 0
2026-07-11 14:12:25 [INFO] < ESP32: 0
2026-07-11 14:12:25 [INFO] < ESP32: 2047
2026-07-11 14:12:25 [INFO] < ESP32: 65535
2026-07-11 14:12:25 [INFO] < ESP32: 65535
2026-07-11 14:12:25 [INFO] < ESP32: 65535
2026-07-11 14:12:25 [INFO] < ESP32: 63488
2026-07-11 14:12:25 [INFO] < ESP32: 0
2026-07-11 14:12:25 [INFO] < ESP32: 0
2026-07-11 14:12:25 [INFO] < ESP32: 2047
2026-07-11 14:12:25 [INFO] < ESP32: 65535
2026-07-11 14:12:25 [INFO] < ESP32: 63488
2026-07-11 14:12:25 [INFO] < ESP32: 0
2026-07-11 14:12:25 [INFO] < ESP32: 2047
2026-07-11 14:12:25 [INFO] < ESP32: 65535
2026-07-11 14:12:26 [INFO] < ESP32: 63488
2026-07-11 14:12:26 [INFO] < ESP32: 0
2026-07-11 14:12:26 [INFO] < ESP32: 2047
2026-07-11 14:12:26 [INFO] < ESP32: 65535
2026-07-11 14:12:26 [INFO] < ESP32: 65535
2026-07-11 14:12:26 [INFO] < ESP32: 65535
2026-07-11 14:12:26 [INFO] < ESP32: 65535
2026-07-11 14:12:26 [INFO] < ESP32: 65535
2026-07-11 14:12:26 [INFO] < ESP32: 63488
2026-07-11 14:12:26 [INFO] < ESP32: 0
2026-07-11 14:12:26 [INFO] < ESP32: 2047
2026-07-11 14:12:26 [INFO] < ESP32: 65535
2026-07-11 14:12:26 [INFO] < ESP32: 63488
2026-07-11 14:12:26 [INFO] < ESP32: 0
2026-07-11 14:12:26 [INFO] < ESP32: 0
2026-07-11 14:12:26 [INFO] < ESP32: 0
2026-07-11 14:12:26 [INFO] < ESP32: 0
2026-07-11 14:12:26 [INFO] < ESP32: 0
2026-07-11 14:12:26 [INFO] < ESP32: 0
2026-07-11 14:12:26 [INFO] < ESP32: 2047
2026-07-11 14:12:26 [INFO] < ESP32: 65535
2026-07-11 14:12:26 [INFO] < ESP32: 65535
2026-07-11 14:12:26 [INFO] < ESP32: 65535
2026-07-11 14:12:26 [INFO] < ESP32: 63488
2026-07-11 14:12:26 [INFO] < ESP32: 0
2026-07-11 14:12:26 [INFO] < ESP32: 0
2026-07-11 14:12:26 [INFO] < ESP32: 0
2026-07-11 14:12:26 [INFO] < ESP32: 0
2026-07-11 14:12:26 [INFO] < ESP32: 0
2026-07-11 14:12:26 [INFO] < ESP32: 0
2026-07-11 14:12:26 [INFO] < ESP32: 0
2026-07-11 14:12:26 [INFO] < ESP32: 0
2026-07-11 14:12:26 [INFO] < ESP32: 0
2026-07-11 14:12:26 [INFO] < ESP32: 0
2026-07-11 14:12:26 [INFO] < ESP32: 0
2026-07-11 14:12:26 [INFO] < ESP32: 0
2026-07-11 14:12:26 [INFO] < ESP32: 0
2026-07-11 14:12:26 [INFO] < ESP32: 0
2026-07-11 14:12:26 [INFO] < ESP32: 0
2026-07-11 14:12:26 [INFO] < ESP32: 0
2026-07-11 14:12:26 [INFO] < ESP32: 0
2026-07-11 14:12:26 [INFO] < ESP32: 0
2026-07-11 14:12:26 [INFO] < ESP32: 0
2026-07-11 14:12:26 [INFO] < ESP32: 0
2026-07-11 14:12:26 [INFO] < ESP32: 0
2026-07-11 14:12:26 [INFO] < ESP32: 0
2026-07-11 14:12:26 [INFO] < ESP32: 0
2026-07-11 14:12:26 [INFO] < ESP32: 0
2026-07-11 14:12:26 [INFO] < ESP32: 0
2026-07-11 14:12:26 [INFO] < ESP32: 0
2026-07-11 14:12:26 [INFO] < ESP32: 0
2026-07-11 14:12:26 [INFO] < ESP32: 2047
2026-07-11 14:12:26 [INFO] < ESP32: 65535
2026-07-11 14:12:26 [INFO] < ESP32: 65535
2026-07-11 14:12:26 [INFO] < ESP32: 65535
2026-07-11 14:12:26 [INFO] < ESP32: 63488
2026-07-11 14:12:26 [INFO] < ESP32: 0
2026-07-11 14:12:26 [INFO] < ESP32: 0
2026-07-11 14:12:26 [INFO] < ESP32: 2047
2026-07-11 14:12:26 [INFO] < ESP32: 65535
2026-07-11 14:12:26 [INFO] < ESP32: 63488
2026-07-11 14:12:26 [INFO] < ESP32: 0
2026-07-11 14:12:26 [INFO] < ESP32: 2047
2026-07-11 14:12:26 [INFO] < ESP32: 65535
2026-07-11 14:12:26 [INFO] < ESP32: 63488
2026-07-11 14:12:26 [INFO] < ESP32: 0
2026-07-11 14:12:26 [INFO] < ESP32: 2047
2026-07-11 14:12:26 [INFO] < ESP32: 65535
2026-07-11 14:12:26 [INFO] < ESP32: 63488
2026-07-11 14:12:26 [INFO] < ESP32: 0
2026-07-11 14:12:26 [INFO] < ESP32: 0
2026-07-11 14:12:26 [INFO] < ESP32: 0
2026-07-11 14:12:26 [INFO] < ESP32: 0
2026-07-11 14:12:26 [INFO] < ESP32: 0
2026-07-11 14:12:26 [INFO] < ESP32: 2047
2026-07-11 14:12:26 [INFO] < ESP32: 65535
2026-07-11 14:12:26 [INFO] < ESP32: 63488
2026-07-11 14:12:26 [INFO] < ESP32: 0
2026-07-11 14:12:26 [INFO] < ESP32: 2047
2026-07-11 14:12:26 [INFO] < ESP32: 65535
2026-07-11 14:12:26 [INFO] < ESP32: 63488
2026-07-11 14:12:26 [INFO] < ESP32: 0
2026-07-11 14:12:26 [INFO] < ESP32: 0
2026-07-11 14:12:26 [INFO] < ESP32: 2047
2026-07-11 14:12:26 [INFO] < ESP32: 65535
2026-07-11 14:12:26 [INFO] < ESP32: 65535
2026-07-11 14:12:26 [INFO] < ESP32: 65535
2026-07-11 14:12:26 [INFO] < ESP32: 63488
2026-07-11 14:12:26 [INFO] < ESP32: 0
2026-07-11 14:12:26 [INFO] < ESP32: 0
2026-07-11 14:12:26 [INFO] < ESP32: 0
2026-07-11 14:12:26 [INFO] < ESP32: 0
2026-07-11 14:12:26 [INFO] < ESP32: 0
2026-07-11 14:12:26 [INFO] < ESP32: 0
2026-07-11 14:12:26 [INFO] < ESP32: 0
2026-07-11 14:12:26 [INFO] < ESP32: 0
2026-07-11 14:12:26 [INFO] < ESP32: 0
2026-07-11 14:12:26 [INFO] < ESP32: 0
2026-07-11 14:12:26 [INFO] < ESP32: 0
2026-07-11 14:12:26 [INFO] < ESP32: 0
2026-07-11 14:12:26 [INFO] < ESP32: 0
2026-07-11 14:12:26 [INFO] < ESP32: 0
2026-07-11 14:12:26 [INFO] < ESP32: 0
2026-07-11 14:12:26 [INFO] < ESP32: 0
2026-07-11 14:12:26 [INFO] < ESP32: 0
2026-07-11 14:12:26 [INFO] < ESP32: 0
2026-07-11 14:12:26 [INFO] < ESP32: 0
2026-07-11 14:12:26 [INFO] < ESP32: 0
2026-07-11 14:12:26 [INFO] < ESP32: 0
2026-07-11 14:12:26 [INFO] < ESP32: 0
2026-07-11 14:12:26 [INFO] < ESP32: 0
2026-07-11 14:12:26 [INFO] < ESP32: 0
2026-07-11 14:12:26 [INFO] < ESP32: 0
2026-07-11 14:12:26 [INFO] < ESP32: 0
2026-07-11 14:12:26 [INFO] < ESP32: 0
2026-07-11 14:12:26 [INFO] < ESP32: 2047
2026-07-11 14:12:26 [INFO] < ESP32: 65535
2026-07-11 14:12:26 [INFO] < ESP32: 65535
2026-07-11 14:12:26 [INFO] < ESP32: 65535
2026-07-11 14:12:26 [INFO] < ESP32: 63488
2026-07-11 14:12:26 [INFO] < ESP32: 0
2026-07-11 14:12:26 [INFO] < ESP32: 0
2026-07-11 14:12:26 [INFO] < ESP32: 2047
2026-07-11 14:12:26 [INFO] < ESP32: 65535
2026-07-11 14:12:26 [INFO] < ESP32: 63488
2026-07-11 14:12:26 [INFO] < ESP32: 0
2026-07-11 14:12:26 [INFO] < ESP32: 2047
2026-07-11 14:12:26 [INFO] < ESP32: 65535
2026-07-11 14:12:26 [INFO] < ESP32: 63488
2026-07-11 14:12:26 [INFO] < ESP32: 0
2026-07-11 14:12:26 [INFO] < ESP32: 2047
2026-07-11 14:12:26 [INFO] < ESP32: 65535
2026-07-11 14:12:26 [INFO] < ESP32: 65535
2026-07-11 14:12:26 [INFO] < ESP32: 65535
2026-07-11 14:12:26 [INFO] < ESP32: 65535
2026-07-11 14:12:26 [INFO] < ESP32: 65535
2026-07-11 14:12:26 [INFO] < ESP32: 63488
2026-07-11 14:12:26 [INFO] < ESP32: 0
2026-07-11 14:12:26 [INFO] < ESP32: 2047
2026-07-11 14:12:26 [INFO] < ESP32: 65535
2026-07-11 14:12:26 [INFO] < ESP32: 63488
2026-07-11 14:12:26 [INFO] < ESP32: 0
2026-07-11 14:12:26 [INFO] < ESP32: 0
2026-07-11 14:12:26 [INFO] < ESP32: 0
2026-07-11 14:12:26 [INFO] < ESP32: 0
2026-07-11 14:12:26 [INFO] < ESP32: 0
2026-07-11 14:12:26 [INFO] < ESP32: 0
2026-07-11 14:12:26 [INFO] < ESP32: 2047
2026-07-11 14:12:26 [INFO] < ESP32: 65535
2026-07-11 14:12:26 [INFO] < ESP32: 65535
2026-07-11 14:12:26 [INFO] < ESP32: 65535
2026-07-11 14:12:26 [INFO] < ESP32: 63488
2026-07-11 14:12:26 [INFO] < ESP32: 0
2026-07-11 14:12:26 [INFO] < ESP32: 0
2026-07-11 14:12:26 [INFO] < ESP32: 0
2026-07-11 14:12:26 [INFO] < ESP32: 0
2026-07-11 14:12:26 [INFO] < ESP32: 0
2026-07-11 14:12:26 [INFO] < ESP32: 0
2026-07-11 14:12:26 [INFO] < ESP32: 0
2026-07-11 14:12:26 [INFO] < ESP32: 0
2026-07-11 14:12:26 [INFO] < ESP32: 0
2026-07-11 14:12:26 [INFO] < ESP32: 0
2026-07-11 14:12:26 [INFO] < ESP32: 0
2026-07-11 14:12:26 [INFO] < ESP32: 0
2026-07-11 14:12:26 [INFO] < ESP32: 2047
2026-07-11 14:12:26 [INFO] < ESP32: 65535
2026-07-11 14:12:26 [INFO] < ESP32: 63488
2026-07-11 14:12:26 [INFO] < ESP32: 0
2026-07-11 14:12:26 [INFO] < ESP32: 0
2026-07-11 14:12:26 [INFO] < ESP32: 0
2026-07-11 14:12:26 [INFO] < ESP32: 0
2026-07-11 14:12:26 [INFO] < ESP32: 0
2026-07-11 14:12:26 [INFO] < ESP32: 0
2026-07-11 14:12:26 [INFO] < ESP32: 0
2026-07-11 14:12:26 [INFO] < ESP32: 0
2026-07-11 14:12:26 [INFO] < ESP32: 0
2026-07-11 14:12:26 [INFO] < ESP32: 0
2026-07-11 14:12:26 [INFO] < ESP32: 0
2026-07-11 14:12:26 [INFO] < ESP32: 0
2026-07-11 14:12:26 [INFO] < ESP32: 2047
2026-07-11 14:12:26 [INFO] < ESP32: 65535
2026-07-11 14:12:26 [INFO] < ESP32: 65535
2026-07-11 14:12:26 [INFO] < ESP32: 63488
2026-07-11 14:12:26 [INFO] < ESP32: 0
2026-07-11 14:12:26 [INFO] < ESP32: 0
2026-07-11 14:12:26 [INFO] < ESP32: 0
2026-07-11 14:12:26 [INFO] < ESP32: 0
2026-07-11 14:12:26 [INFO] < ESP32: 0
2026-07-11 14:12:26 [INFO] < ESP32: 2047
2026-07-11 14:12:26 [INFO] < ESP32: 65535
2026-07-11 14:12:26 [INFO] < ESP32: 63488
2026-07-11 14:12:26 [INFO] < ESP32: 0
2026-07-11 14:12:26 [INFO] < ESP32: 0
2026-07-11 14:12:26 [INFO] < ESP32: 0
2026-07-11 14:12:26 [INFO] < ESP32: 0
2026-07-11 14:12:26 [INFO] < ESP32: 0
2026-07-11 14:12:26 [INFO] < ESP32: 2047
2026-07-11 14:12:26 [INFO] < ESP32: 65535
2026-07-11 14:12:26 [INFO] < ESP32: 63488
2026-07-11 14:12:26 [INFO] < ESP32: 0
2026-07-11 14:12:26 [INFO] < ESP32: 0
2026-07-11 14:12:26 [INFO] < ESP32: 0
2026-07-11 14:12:26 [INFO] < ESP32: 0
2026-07-11 14:12:26 [INFO] < ESP32: 0
2026-07-11 14:12:26 [INFO] < ESP32: 2047
2026-07-11 14:12:26 [INFO] < ESP32: 65535
2026-07-11 14:12:26 [INFO] < ESP32: 63488
2026-07-11 14:12:26 [INFO] < ESP32: 0
2026-07-11 14:12:26 [INFO] < ESP32: 0
2026-07-11 14:12:26 [INFO] < ESP32: 0
2026-07-11 14:12:26 [INFO] < ESP32: 0
2026-07-11 14:12:26 [INFO] < ESP32: 2047
2026-07-11 14:12:26 [INFO] < ESP32: 65535
2026-07-11 14:12:26 [INFO] < ESP32: 65535
2026-07-11 14:12:26 [INFO] < ESP32: 65535
2026-07-11 14:12:26 [INFO] < ESP32: 63488
2026-07-11 14:12:26 [INFO] < ESP32: 0
2026-07-11 14:12:26 [INFO] < ESP32: 0
2026-07-11 14:12:26 [INFO] < ESP32: 0
2026-07-11 14:12:26 [INFO] < ESP32: 0
2026-07-11 14:12:26 [INFO] < ESP32: 0
2026-07-11 14:12:26 [INFO] < ESP32: 0
2026-07-11 14:12:26 [INFO] < ESP32: 0
2026-07-11 14:12:26 [INFO] < ESP32: 0
2026-07-11 14:12:26 [INFO] < ESP32: 0
2026-07-11 14:12:26 [INFO] < ESP32: 0
2026-07-11 14:12:26 [INFO] < ESP32: 0
2026-07-11 14:12:26 [INFO] < ESP32: 0
2026-07-11 14:12:26 [INFO] < ESP32: 0
2026-07-11 14:12:26 [INFO] < ESP32: 0
2026-07-11 14:12:26 [INFO] < ESP32: 0
2026-07-11 14:12:26 [INFO] < ESP32: 0
2026-07-11 14:12:26 [INFO] < ESP32: 0
2026-07-11 14:12:26 [INFO] < ESP32: 0
2026-07-11 14:12:26 [INFO] < ESP32: 0
2026-07-11 14:12:26 [INFO] < ESP32: 0
2026-07-11 14:12:26 [INFO] < ESP32: 0
2026-07-11 14:12:26 [INFO] < ESP32: 0
2026-07-11 14:12:26 [INFO] < ESP32: 0
2026-07-11 14:12:26 [INFO] < ESP32: 0
2026-07-11 14:12:26 [INFO] < ESP32: 0
2026-07-11 14:12:26 [INFO] < ESP32: 0
2026-07-11 14:12:26 [INFO] < ESP32: 2047
2026-07-11 14:12:26 [INFO] < ESP32: 65535
2026-07-11 14:12:26 [INFO] < ESP32: 63488
2026-07-11 14:12:26 [INFO] < ESP32: 0
2026-07-11 14:12:26 [INFO] < ESP32: 2047
2026-07-11 14:12:26 [INFO] < ESP32: 65535
2026-07-11 14:12:26 [INFO] < ESP32: 63488
2026-07-11 14:12:26 [INFO] < ESP32: 0
2026-07-11 14:12:26 [INFO] < ESP32: 2047
2026-07-11 14:12:26 [INFO] < ESP32: 65535
2026-07-11 14:12:26 [INFO] < ESP32: 63488
2026-07-11 14:12:26 [INFO] < ESP32: 0
2026-07-11 14:12:26 [INFO] < ESP32: 2047
2026-07-11 14:12:26 [INFO] < ESP32: 65535
2026-07-11 14:12:26 [INFO] < ESP32: 63488
2026-07-11 14:12:26 [INFO] < ESP32: 0
2026-07-11 14:12:26 [INFO] < ESP32: 2047
2026-07-11 14:12:26 [INFO] < ESP32: 65535
2026-07-11 14:12:26 [INFO] < ESP32: 63488
2026-07-11 14:12:26 [INFO] < ESP32: 0
2026-07-11 14:12:26 [INFO] < ESP32: 2047
2026-07-11 14:12:26 [INFO] < ESP32: 65535
2026-07-11 14:12:26 [INFO] < ESP32: 63488
2026-07-11 14:12:26 [INFO] < ESP32: 0
2026-07-11 14:12:26 [INFO] < ESP32: 0
2026-07-11 14:12:26 [INFO] < ESP32: 2047
2026-07-11 14:12:26 [INFO] < ESP32: 65535
2026-07-11 14:12:26 [INFO] < ESP32: 65535
2026-07-11 14:12:26 [INFO] < ESP32: 65535
2026-07-11 14:12:26 [INFO] < ESP32: 63488
2026-07-11 14:12:26 [INFO] < ESP32: 0
2026-07-11 14:12:26 [INFO] < ESP32: 0
2026-07-11 14:12:26 [INFO] < ESP32: 0
2026-07-11 14:12:26 [INFO] < ESP32: 0
2026-07-11 14:12:26 [INFO] < ESP32: 2047
2026-07-11 14:12:26 [INFO] < ESP32: 65535
2026-07-11 14:12:26 [INFO] < ESP32: 63488
2026-07-11 14:12:26 [INFO] < ESP32: 0
2026-07-11 14:12:26 [INFO] < ESP32: 0
2026-07-11 14:12:26 [INFO] < ESP32: 0
2026-07-11 14:12:26 [INFO] < ESP32: 0
2026-07-11 14:12:26 [INFO] < ESP32: 0
2026-07-11 14:12:26 [INFO] < ESP32: 0
2026-07-11 14:12:26 [INFO] < ESP32: 0
2026-07-11 14:12:26 [INFO] < ESP32: 0
2026-07-11 14:12:26 [INFO] < ESP32: 0
2026-07-11 14:12:26 [INFO] < ESP32: 0
2026-07-11 14:12:26 [INFO] < ESP32: 0
2026-07-11 14:12:26 [INFO] < ESP32: 0
2026-07-11 14:12:26 [INFO] < ESP32: 0
2026-07-11 14:12:26 [INFO] < ESP32: 0
2026-07-11 14:12:26 [INFO] < ESP32: 0
2026-07-11 14:12:26 [INFO] < ESP32: 0
2026-07-11 14:12:26 [INFO] < ESP32: 0
2026-07-11 14:12:26 [INFO] < ESP32: 0
2026-07-11 14:12:26 [INFO] < ESP32: 0
2026-07-11 14:12:26 [INFO] < ESP32: 0
2026-07-11 14:12:26 [INFO] < ESP32: 0
2026-07-11 14:12:26 [INFO] < ESP32: 0
2026-07-11 14:12:26 [INFO] < ESP32: 0
2026-07-11 14:12:26 [INFO] < ESP32: 0
2026-07-11 14:12:26 [INFO] < ESP32: 0
2026-07-11 14:12:26 [INFO] < ESP32: 0
2026-07-11 14:12:26 [INFO] < ESP32: 0
2026-07-11 14:12:26 [INFO] < ESP32: 0
2026-07-11 14:12:26 [INFO] < ESP32: 2047
2026-07-11 14:12:26 [INFO] < ESP32: 65535
2026-07-11 14:12:26 [INFO] < ESP32: 65535
2026-07-11 14:12:26 [INFO] < ESP32: 65535
2026-07-11 14:12:26 [INFO] < ESP32: 63488
2026-07-11 14:12:26 [INFO] < ESP32: 0
2026-07-11 14:12:26 [INFO] < ESP32: 0
2026-07-11 14:12:26 [INFO] < ESP32: 2047
2026-07-11 14:12:26 [INFO] < ESP32: 65535
2026-07-11 14:12:26 [INFO] < ESP32: 63488
2026-07-11 14:12:26 [INFO] < ESP32: 0
2026-07-11 14:12:26 [INFO] < ESP32: 2047
2026-07-11 14:12:26 [INFO] < ESP32: 65535
2026-07-11 14:12:26 [INFO] < ESP32: 63488
2026-07-11 14:12:26 [INFO] < ESP32: 0
2026-07-11 14:12:26 [INFO] < ESP32: 2047
2026-07-11 14:12:26 [INFO] < ESP32: 65535
2026-07-11 14:12:26 [INFO] < ESP32: 65535
2026-07-11 14:12:26 [INFO] < ESP32: 65535
2026-07-11 14:12:26 [INFO] < ESP32: 65535
2026-07-11 14:12:26 [INFO] < ESP32: 65535
2026-07-11 14:12:26 [INFO] < ESP32: 63488
2026-07-11 14:12:26 [INFO] < ESP32: 0
2026-07-11 14:12:26 [INFO] < ESP32: 2047
2026-07-11 14:12:26 [INFO] < ESP32: 65535
2026-07-11 14:12:26 [INFO] < ESP32: 63488
2026-07-11 14:12:26 [INFO] < ESP32: 0
2026-07-11 14:12:26 [INFO] < ESP32: 0
2026-07-11 14:12:26 [INFO] < ESP32: 0
2026-07-11 14:12:26 [INFO] < ESP32: 0
2026-07-11 14:12:26 [INFO] < ESP32: 0
2026-07-11 14:12:26 [INFO] < ESP32: 0
2026-07-11 14:12:26 [INFO] < ESP32: 2047
2026-07-11 14:12:26 [INFO] < ESP32: 65535
2026-07-11 14:12:26 [INFO] < ESP32: 65535
2026-07-11 14:12:26 [INFO] < ESP32: 65535
2026-07-11 14:12:26 [INFO] < ESP32: 63488
2026-07-11 14:12:26 [INFO] < ESP32: 0
2026-07-11 14:12:26 [INFO] < ESP32: 0
2026-07-11 14:12:26 [INFO] < ESP32: 0
2026-07-11 14:12:26 [INFO] < ESP32: 0
2026-07-11 14:12:26 [INFO] < ESP32: 0
2026-07-11 14:12:26 [INFO] < ESP32: 0
2026-07-11 14:12:26 [INFO] < ESP32: 0
2026-07-11 14:12:26 [INFO] < ESP32: 0
2026-07-11 14:12:26 [INFO] < ESP32: 0
2026-07-11 14:12:26 [INFO] < ESP32: 0
2026-07-11 14:12:26 [INFO] < ESP32: 0
2026-07-11 14:12:26 [INFO] < ESP32: 0
2026-07-11 14:12:26 [INFO] < ESP32: 0
2026-07-11 14:12:26 [INFO] < ESP32: 2047
2026-07-11 14:12:26 [INFO] < ESP32: 65535
2026-07-11 14:12:26 [INFO] < ESP32: 65535
2026-07-11 14:12:26 [INFO] < ESP32: 63488
2026-07-11 14:12:26 [INFO] < ESP32: 0
2026-07-11 14:12:26 [INFO] < ESP32: 0
2026-07-11 14:12:26 [INFO] < ESP32: 0
2026-07-11 14:12:26 [INFO] < ESP32: 0
2026-07-11 14:12:26 [INFO] < ESP32: 0
2026-07-11 14:12:26 [INFO] < ESP32: 2047
2026-07-11 14:12:26 [INFO] < ESP32: 65535
2026-07-11 14:12:26 [INFO] < ESP32: 63488
2026-07-11 14:12:26 [INFO] < ESP32: 0
2026-07-11 14:12:26 [INFO] < ESP32: 0
2026-07-11 14:12:26 [INFO] < ESP32: 0
2026-07-11 14:12:26 [INFO] < ESP32: 0
2026-07-11 14:12:26 [INFO] < ESP32: 0
2026-07-11 14:12:26 [INFO] < ESP32: 2047
2026-07-11 14:12:26 [INFO] < ESP32: 65535
2026-07-11 14:12:26 [INFO] < ESP32: 63488
2026-07-11 14:12:26 [INFO] < ESP32: 0
2026-07-11 14:12:26 [INFO] < ESP32: 0
2026-07-11 14:12:26 [INFO] < ESP32: 2047
2026-07-11 14:12:26 [INFO] < ESP32: 65535
2026-07-11 14:12:26 [INFO] < ESP32: 65535
2026-07-11 14:12:26 [INFO] < ESP32: 65535
2026-07-11 14:12:26 [INFO] < ESP32: 65535
2026-07-11 14:12:26 [INFO] < ESP32: 63488
2026-07-11 14:12:26 [INFO] < ESP32: 0
2026-07-11 14:12:26 [INFO] < ESP32: 2047
2026-07-11 14:12:26 [INFO] < ESP32: 65535
2026-07-11 14:12:26 [INFO] < ESP32: 63488
2026-07-11 14:12:26 [INFO] < ESP32: 0
2026-07-11 14:12:26 [INFO] < ESP32: 2047
2026-07-11 14:12:26 [INFO] < ESP32: 65535
2026-07-11 14:12:26 [INFO] < ESP32: 63488
2026-07-11 14:12:26 [INFO] < ESP32: 0
2026-07-11 14:12:26 [INFO] < ESP32: 2047
2026-07-11 14:12:26 [INFO] < ESP32: 65535
2026-07-11 14:12:26 [INFO] < ESP32: 63488
2026-07-11 14:12:26 [INFO] < ESP32: 0
2026-07-11 14:12:26 [INFO] < ESP32: 2047
2026-07-11 14:12:26 [INFO] < ESP32: 65535
2026-07-11 14:12:26 [INFO] < ESP32: 63488
2026-07-11 14:12:26 [INFO] < ESP32: 0
2026-07-11 14:12:26 [INFO] < ESP32: 0
2026-07-11 14:12:26 [INFO] < ESP32: 2047
2026-07-11 14:12:26 [INFO] < ESP32: 65535
2026-07-11 14:12:26 [INFO] < ESP32: 65535
2026-07-11 14:12:26 [INFO] < ESP32: 63488
2026-07-11 14:12:26 [INFO] < ESP32: 2047
2026-07-11 14:12:26 [INFO] < ESP32: 65535
2026-07-11 14:12:26 [INFO] < ESP32: 63488
2026-07-11 14:12:26 [INFO] < ESP32: 0
2026-07-11 14:12:26 [INFO] < ESP32: 0
2026-07-11 14:12:26 [INFO] < ESP32: 0
2026-07-11 14:12:26 [INFO] < ESP32: 0
2026-07-11 14:12:26 [INFO] < ESP32: 0
2026-07-11 14:12:26 [INFO] < ESP32: 0
2026-07-11 14:12:26 [INFO] < ESP32: 0
2026-07-11 14:12:26 [INFO] < ESP32: 0
2026-07-11 14:12:26 [INFO] < ESP32: 0
2026-07-11 14:12:26 [INFO] < ESP32: 0
2026-07-11 14:12:26 [INFO] < ESP32: 0
2026-07-11 14:12:26 [INFO] < ESP32: 0
2026-07-11 14:12:26 [INFO] < ESP32: 0
2026-07-11 14:12:26 [INFO] < ESP32: 0
2026-07-11 14:12:26 [INFO] < ESP32: 0
2026-07-11 14:12:26 [INFO] < ESP32: 0
2026-07-11 14:12:26 [INFO] < ESP32: 0
2026-07-11 14:12:26 [INFO] < ESP32: 0
2026-07-11 14:12:26 [INFO] < ESP32: 2047
2026-07-11 14:12:26 [INFO] < ESP32: 65535
2026-07-11 14:12:26 [INFO] < ESP32: 63488
2026-07-11 14:12:26 [INFO] < ESP32: 0
2026-07-11 14:12:26 [INFO] < ESP32: 0
2026-07-11 14:12:26 [INFO] < ESP32: 0
2026-07-11 14:12:26 [INFO] < ESP32: 0
2026-07-11 14:12:26 [INFO] < ESP32: 0
2026-07-11 14:12:26 [INFO] < ESP32: 2047
2026-07-11 14:12:26 [INFO] < ESP32: 65535
2026-07-11 14:12:26 [INFO] < ESP32: 63488
2026-07-11 14:12:26 [INFO] < ESP32: 0
2026-07-11 14:12:26 [INFO] < ESP32: 0
2026-07-11 14:12:26 [INFO] < ESP32: 0
2026-07-11 14:12:26 [INFO] < ESP32: 0
2026-07-11 14:12:26 [INFO] < ESP32: 0
2026-07-11 14:12:26 [INFO] < ESP32: 0
2026-07-11 14:12:26 [INFO] < ESP32: 0
2026-07-11 14:12:26 [INFO] < ESP32: 0
2026-07-11 14:12:26 [INFO] < ESP32: 0
2026-07-11 14:12:26 [INFO] < ESP32: 0
2026-07-11 14:12:26 [INFO] < ESP32: 0
2026-07-11 14:12:26 [INFO] < ESP32: 0
2026-07-11 14:12:26 [INFO] < ESP32: 0
2026-07-11 14:12:26 [INFO] < ESP32: 0
2026-07-11 14:12:26 [INFO] < ESP32: 0
2026-07-11 14:12:26 [INFO] < ESP32: 0
2026-07-11 14:12:26 [INFO] < ESP32: 0
2026-07-11 14:12:26 [INFO] < ESP32: 0
2026-07-11 14:12:26 [INFO] < ESP32: 0
2026-07-11 14:12:26 [INFO] < ESP32: 0
2026-07-11 14:12:26 [INFO] < ESP32: 0
2026-07-11 14:12:26 [INFO] < ESP32: 2047
2026-07-11 14:12:26 [INFO] < ESP32: 65535
2026-07-11 14:12:26 [INFO] < ESP32: 63488
2026-07-11 14:12:26 [INFO] < ESP32: 0
2026-07-11 14:12:26 [INFO] < ESP32: 0
2026-07-11 14:12:26 [INFO] < ESP32: 0
2026-07-11 14:12:26 [INFO] < ESP32: 0
2026-07-11 14:12:26 [INFO] < ESP32: 0
2026-07-11 14:12:26 [INFO] < ESP32: 2047
2026-07-11 14:12:26 [INFO] < ESP32: 65535
2026-07-11 14:12:26 [INFO] < ESP32: 63488
2026-07-11 14:12:26 [INFO] < ESP32: 0
2026-07-11 14:12:26 [INFO] < ESP32: 0
2026-07-11 14:12:26 [INFO] < ESP32: 0
2026-07-11 14:12:26 [INFO] < ESP32: 0
2026-07-11 14:12:26 [INFO] < ESP32: 0
2026-07-11 14:12:26 [INFO] < ESP32: 0
2026-07-11 14:12:26 [INFO] < ESP32: 0
2026-07-11 14:12:26 [INFO] < ESP32: 0
2026-07-11 14:12:26 [INFO] < ESP32: 0
2026-07-11 14:12:26 [INFO] < ESP32: 0
2026-07-11 14:12:26 [INFO] < ESP32: 0
2026-07-11 14:12:26 [INFO] < ESP32: 0
2026-07-11 14:12:26 [INFO] < ESP32: 0
2026-07-11 14:12:26 [INFO] < ESP32: 0
2026-07-11 14:12:26 [INFO] < ESP32: 0
2026-07-11 14:12:26 [INFO] < ESP32: 0
2026-07-11 14:12:26 [INFO] < ESP32: 0
2026-07-11 14:12:26 [INFO] < ESP32: 0
2026-07-11 14:12:26 [INFO] < ESP32: 0
2026-07-11 14:12:26 [INFO] < ESP32: 0
2026-07-11 14:12:26 [INFO] < ESP32: 0
2026-07-11 14:12:26 [INFO] < ESP32: 0
2026-07-11 14:12:26 [INFO] < ESP32: 0
2026-07-11 14:12:26 [INFO] < ESP32: 0
2026-07-11 14:12:26 [INFO] < ESP32: 0
2026-07-11 14:12:26 [INFO] < ESP32: 0
2026-07-11 14:12:26 [INFO] < ESP32: 0
2026-07-11 14:12:26 [INFO] < ESP32: 0
2026-07-11 14:12:26 [INFO] < ESP32: 0
2026-07-11 14:12:26 [INFO] < ESP32: 0
2026-07-11 14:12:26 [INFO] < ESP32: 0
2026-07-11 14:12:26 [INFO] < ESP32: 0
2026-07-11 14:12:26 [INFO] < ESP32: 0
2026-07-11 14:12:26 [INFO] < ESP32: 0
2026-07-11 14:12:26 [INFO] < ESP32: 0
2026-07-11 14:12:26 [INFO] < ESP32: 0
2026-07-11 14:12:26 [INFO] < ESP32: 0
2026-07-11 14:12:26 [INFO] < ESP32: 0
2026-07-11 14:12:26 [INFO] < ESP32: 0
2026-07-11 14:12:26 [INFO] < ESP32: 0
2026-07-11 14:12:26 [INFO] < ESP32: 0
2026-07-11 14:12:26 [INFO] < ESP32: 0
2026-07-11 14:12:26 [INFO] < ESP32: 0
2026-07-11 14:12:26 [INFO] < ESP32: 0
2026-07-11 14:12:26 [INFO] > Sent: DOWN:s
2026-07-11 14:12:26 [INFO] < ESP32: 0
2026-07-11 14:12:26 [INFO] < ESP32: 0
2026-07-11 14:12:26 [INFO] < ESP32: 0
2026-07-11 14:12:26 [INFO] < ESP32: 0
2026-07-11 14:12:26 [INFO] < ESP32: 0
2026-07-11 14:12:26 [INFO] < ESP32: 0
2026-07-11 14:12:26 [INFO] < ESP32: 0
2026-07-11 14:12:26 [INFO] < ESP32: 0
2026-07-11 14:12:26 [INFO] < ESP32: 0
2026-07-11 14:12:26 [INFO] < ESP32: 0
2026-07-11 14:12:26 [INFO] < ESP32: 0
2026-07-11 14:12:26 [INFO] < ESP32: 0
2026-07-11 14:12:26 [INFO] < ESP32: 0
2026-07-11 14:12:26 [INFO] < ESP32: 0
2026-07-11 14:12:26 [INFO] < ESP32: 0
2026-07-11 14:12:26 [INFO] < ESP32: 0
2026-07-11 14:12:26 [INFO] < ESP32: 0
2026-07-11 14:12:26 [INFO] < ESP32: 0
2026-07-11 14:12:26 [INFO] < ESP32: 0
2026-07-11 14:12:26 [INFO] < ESP32: 0
2026-07-11 14:12:26 [INFO] < ESP32: 0
2026-07-11 14:12:26 [INFO] < ESP32: 0
2026-07-11 14:12:26 [INFO] < ESP32: 0
2026-07-11 14:12:26 [INFO] < ESP32: 0
2026-07-11 14:12:26 [INFO] < ESP32: 0
2026-07-11 14:12:26 [INFO] < ESP32: 0
2026-07-11 14:12:26 [INFO] < ESP32: 0
2026-07-11 14:12:26 [INFO] < ESP32: 0
2026-07-11 14:12:26 [INFO] < ESP32: 0
2026-07-11 14:12:26 [INFO] < ESP32: 0
2026-07-11 14:12:26 [INFO] < ESP32: 0
2026-07-11 14:12:26 [INFO] < ESP32: 0
2026-07-11 14:12:26 [INFO] < ESP32: 0
2026-07-11 14:12:26 [INFO] < ESP32: 0
2026-07-11 14:12:26 [INFO] < ESP32: 2047
2026-07-11 14:12:26 [INFO] < ESP32: 65535
2026-07-11 14:12:26 [INFO] < ESP32: 65535
2026-07-11 14:12:26 [INFO] < ESP32: 63488
2026-07-11 14:12:26 [INFO] < ESP32: 0
2026-07-11 14:12:26 [INFO] < ESP32: 0
2026-07-11 14:12:26 [INFO] < ESP32: 0
2026-07-11 14:12:26 [INFO] < ESP32: 0
2026-07-11 14:12:26 [INFO] < ESP32: 0
2026-07-11 14:12:26 [INFO] < ESP32: 2047
2026-07-11 14:12:26 [INFO] < ESP32: 65535
2026-07-11 14:12:26 [INFO] < ESP32: 63488
2026-07-11 14:12:26 [INFO] < ESP32: 0
2026-07-11 14:12:26 [INFO] < ESP32: 2047
2026-07-11 14:12:26 [INFO] < ESP32: 65535
2026-07-11 14:12:26 [INFO] < ESP32: 65535
2026-07-11 14:12:26 [INFO] < ESP32: 65535
2026-07-11 14:12:26 [INFO] < ESP32: 65535
2026-07-11 14:12:26 [INFO] < ESP32: 65535
2026-07-11 14:12:26 [INFO] < ESP32: 65535
2026-07-11 14:12:26 [INFO] < ESP32: 63488
2026-07-11 14:12:26 [INFO] < ESP32: 2047
2026-07-11 14:12:26 [INFO] < ESP32: 65535
2026-07-11 14:12:26 [INFO] < ESP32: 65535
2026-07-11 14:12:26 [INFO] < ESP32: 65535
2026-07-11 14:12:26 [INFO] < ESP32: 65535
2026-07-11 14:12:26 [INFO] < ESP32: 65535
2026-07-11 14:12:26 [INFO] < ESP32: 65535
2026-07-11 14:12:26 [INFO] < ESP32: 63488
2026-07-11 14:12:26 [INFO] < ESP32: 2047
2026-07-11 14:12:26 [INFO] < ESP32: 65535
2026-07-11 14:12:26 [INFO] < ESP32: 65535
2026-07-11 14:12:26 [INFO] < ESP32: 65535
2026-07-11 14:12:26 [INFO] < ESP32: 65535
2026-07-11 14:12:26 [INFO] < ESP32: 65535
2026-07-11 14:12:26 [INFO] < ESP32: 65535
2026-07-11 14:12:26 [INFO] < ESP32: 63488
2026-07-11 14:12:26 [INFO] < ESP32: 2047
2026-07-11 14:12:26 [INFO] < ESP32: 65535
2026-07-11 14:12:26 [INFO] < ESP32: 65535
2026-07-11 14:12:26 [INFO] < ESP32: 65535
2026-07-11 14:12:26 [INFO] < ESP32: 65535
2026-07-11 14:12:26 [INFO] < ESP32: 65535
2026-07-11 14:12:26 [INFO] < ESP32: 65535
2026-07-11 14:12:26 [INFO] < ESP32: 63488
2026-07-11 14:12:26 [INFO] < ESP32: 0
2026-07-11 14:12:26 [INFO] < ESP32: 2047
2026-07-11 14:12:26 [INFO] < ESP32: 65535
2026-07-11 14:12:26 [INFO] < ESP32: 65535
2026-07-11 14:12:26 [INFO] < ESP32: 65535
2026-07-11 14:12:26 [INFO] < ESP32: 65535
2026-07-11 14:12:26 [INFO] < ESP32: 65535
2026-07-11 14:12:26 [INFO] < ESP32: 63488
2026-07-11 14:12:26 [INFO] < ESP32: 0
2026-07-11 14:12:26 [INFO] < ESP32: 0
2026-07-11 14:12:26 [INFO] < ESP32: 0
2026-07-11 14:12:26 [INFO] < ESP32: 0
2026-07-11 14:12:26 [INFO] < ESP32: 0
2026-07-11 14:12:26 [INFO] < ESP32: 0
2026-07-11 14:12:26 [INFO] < ESP32: 0
2026-07-11 14:12:26 [INFO] < ESP32: 0
2026-07-11 14:12:26 [INFO] < ESP32: 0
2026-07-11 14:12:26 [INFO] < ESP32: 0
2026-07-11 14:12:26 [INFO] < ESP32: 0
2026-07-11 14:12:26 [INFO] < ESP32: 0
2026-07-11 14:12:26 [INFO] < ESP32: 0
2026-07-11 14:12:26 [INFO] < ESP32: 0
2026-07-11 14:12:26 [INFO] < ESP32: 0
2026-07-11 14:12:26 [INFO] < ESP32: 0
2026-07-11 14:12:26 [INFO] < ESP32: 0
2026-07-11 14:12:26 [INFO] < ESP32: 0
2026-07-11 14:12:26 [INFO] < ESP32: 0
2026-07-11 14:12:26 [INFO] < ESP32: 0
2026-07-11 14:12:26 [INFO] < ESP32: 0
2026-07-11 14:12:26 [INFO] < ESP32: 0
2026-07-11 14:12:26 [INFO] < ESP32: 0
2026-07-11 14:12:26 [INFO] < ESP32: 0
2026-07-11 14:12:26 [INFO] < ESP32: 0
2026-07-11 14:12:26 [INFO] < ESP32: 0
2026-07-11 14:12:26 [INFO] < ESP32: 0
2026-07-11 14:12:26 [INFO] < ESP32: 0
2026-07-11 14:12:26 [INFO] < ESP32: 0
2026-07-11 14:12:26 [INFO] < ESP32: 0
2026-07-11 14:12:26 [INFO] < ESP32: 0
2026-07-11 14:12:26 [INFO] < ESP32: 0
2026-07-11 14:12:26 [INFO] < ESP32: 0
2026-07-11 14:12:26 [INFO] < ESP32: 0
2026-07-11 14:12:26 [INFO] < ESP32: 0
2026-07-11 14:12:26 [INFO] < ESP32: 0
2026-07-11 14:12:26 [INFO] < ESP32: 0
2026-07-11 14:12:26 [INFO] < ESP32: 0
2026-07-11 14:12:26 [INFO] < ESP32: 0
2026-07-11 14:12:26 [INFO] < ESP32: 0
2026-07-11 14:12:26 [INFO] < ESP32: 0
2026-07-11 14:12:26 [INFO] < ESP32: 0
2026-07-11 14:12:26 [INFO] < ESP32: 0
2026-07-11 14:12:26 [INFO] < ESP32: 0
2026-07-11 14:12:26 [INFO] < ESP32: 0
2026-07-11 14:12:26 [INFO] < ESP32: 0
2026-07-11 14:12:26 [INFO] < ESP32: 0
2026-07-11 14:12:26 [INFO] < ESP32: 0
2026-07-11 14:12:26 [INFO] < ESP32: 0
2026-07-11 14:12:26 [INFO] < ESP32: 0
2026-07-11 14:12:26 [INFO] < ESP32: 0
2026-07-11 14:12:26 [INFO] < ESP32: 0
2026-07-11 14:12:26 [INFO] < ESP32: 0
2026-07-11 14:12:26 [INFO] < ESP32: 0
2026-07-11 14:12:26 [INFO] < ESP32: 0
2026-07-11 14:12:26 [INFO] < ESP32: 0
2026-07-11 14:12:26 [INFO] < ESP32: 0
2026-07-11 14:12:26 [INFO] < ESP32: 0
2026-07-11 14:12:26 [INFO] < ESP32: 0
2026-07-11 14:12:26 [INFO] < ESP32: 0
2026-07-11 14:12:26 [INFO] < ESP32: 0
2026-07-11 14:12:26 [INFO] < ESP32: 0
2026-07-11 14:12:26 [INFO] < ESP32: 0
2026-07-11 14:12:26 [INFO] < ESP32: 0
2026-07-11 14:12:26 [INFO] < ESP32: 0
2026-07-11 14:12:26 [INFO] < ESP32: 0
2026-07-11 14:12:26 [INFO] < ESP32: 0
2026-07-11 14:12:26 [INFO] < ESP32: 0
2026-07-11 14:12:26 [INFO] < ESP32: 0
2026-07-11 14:12:26 [INFO] < ESP32: 0
2026-07-11 14:12:26 [INFO] < ESP32: 0
2026-07-11 14:12:26 [INFO] < ESP32: 0
2026-07-11 14:12:26 [INFO] < ESP32: 2047
2026-07-11 14:12:26 [INFO] < ESP32: 65535
2026-07-11 14:12:26 [INFO] < ESP32: 65535
2026-07-11 14:12:26 [INFO] < ESP32: 65535
2026-07-11 14:12:26 [INFO] < ESP32: 65535
2026-07-11 14:12:26 [INFO] < ESP32: 63488
2026-07-11 14:12:26 [INFO] < ESP32: 0
2026-07-11 14:12:26 [INFO] < ESP32: 0
2026-07-11 14:12:26 [INFO] < ESP32: 0
2026-07-11 14:12:26 [INFO] < ESP32: 2047
2026-07-11 14:12:26 [INFO] < ESP32: 65535
2026-07-11 14:12:26 [INFO] < ESP32: 63488
2026-07-11 14:12:26 [INFO] < ESP32: 2047
2026-07-11 14:12:26 [INFO] < ESP32: 65535
2026-07-11 14:12:26 [INFO] < ESP32: 63488
2026-07-11 14:12:26 [INFO] < ESP32: 0
2026-07-11 14:12:26 [INFO] < ESP32: 0
2026-07-11 14:12:26 [INFO] < ESP32: 2047
2026-07-11 14:12:26 [INFO] < ESP32: 65535
2026-07-11 14:12:26 [INFO] < ESP32: 63488
2026-07-11 14:12:26 [INFO] < ESP32: 0
2026-07-11 14:12:26 [INFO] < ESP32: 2047
2026-07-11 14:12:26 [INFO] < ESP32: 65535
2026-07-11 14:12:26 [INFO] < ESP32: 63488
2026-07-11 14:12:26 [INFO] < ESP32: 0
2026-07-11 14:12:26 [INFO] < ESP32: 2047
2026-07-11 14:12:26 [INFO] < ESP32: 65535
2026-07-11 14:12:26 [INFO] < ESP32: 63488
2026-07-11 14:12:26 [INFO] < ESP32: 0
2026-07-11 14:12:26 [INFO] < ESP32: 2047
2026-07-11 14:12:26 [INFO] < ESP32: 65535
2026-07-11 14:12:26 [INFO] < ESP32: 63488
2026-07-11 14:12:26 [INFO] < ESP32: 0
2026-07-11 14:12:26 [INFO] < ESP32: 2047
2026-07-11 14:12:26 [INFO] < ESP32: 65535
2026-07-11 14:12:26 [INFO] < ESP32: 63488
2026-07-11 14:12:26 [INFO] < ESP32: 0
2026-07-11 14:12:26 [INFO] < ESP32: 2047
2026-07-11 14:12:26 [INFO] < ESP32: 65535
2026-07-11 14:12:26 [INFO] < ESP32: 63488
2026-07-11 14:12:26 [INFO] < ESP32: 0
2026-07-11 14:12:26 [INFO] < ESP32: 2047
2026-07-11 14:12:26 [INFO] < ESP32: 65535
2026-07-11 14:12:26 [INFO] < ESP32: 63488
2026-07-11 14:12:26 [INFO] < ESP32: 2047
2026-07-11 14:12:26 [INFO] < ESP32: 65535
2026-07-11 14:12:26 [INFO] < ESP32: 63488
2026-07-11 14:12:26 [INFO] < ESP32: 0
2026-07-11 14:12:26 [INFO] < ESP32: 2047
2026-07-11 14:12:26 [INFO] < ESP32: 65535
2026-07-11 14:12:26 [INFO] < ESP32: 65535
2026-07-11 14:12:26 [INFO] < ESP32: 65535
2026-07-11 14:12:26 [INFO] < ESP32: 65535
2026-07-11 14:12:26 [INFO] < ESP32: 63488
2026-07-11 14:12:26 [INFO] < ESP32: 0
2026-07-11 14:12:26 [INFO] < ESP32: 0
2026-07-11 14:12:26 [INFO] < ESP32: 0
2026-07-11 14:12:26 [INFO] < ESP32: 0
2026-07-11 14:12:26 [INFO] < ESP32: 0
2026-07-11 14:12:26 [INFO] < ESP32: 0
2026-07-11 14:12:26 [INFO] < ESP32: 0
2026-07-11 14:12:26 [INFO] < ESP32: 0
2026-07-11 14:12:26 [INFO] < ESP32: 0
2026-07-11 14:12:26 [INFO] < ESP32: 0
2026-07-11 14:12:26 [INFO] < ESP32: 0
2026-07-11 14:12:26 [INFO] < ESP32: 0
2026-07-11 14:12:26 [INFO] < ESP32: 0
2026-07-11 14:12:26 [INFO] < ESP32: 0
2026-07-11 14:12:26 [INFO] < ESP32: 0
2026-07-11 14:12:26 [INFO] < ESP32: 0
2026-07-11 14:12:26 [INFO] < ESP32: 0
2026-07-11 14:12:26 [INFO] < ESP32: 0
2026-07-11 14:12:26 [INFO] < ESP32: 0
2026-07-11 14:12:26 [INFO] < ESP32: 0
2026-07-11 14:12:26 [INFO] < ESP32: 0
2026-07-11 14:12:26 [INFO] < ESP32: 0
2026-07-11 14:12:26 [INFO] < ESP32: 0
2026-07-11 14:12:26 [INFO] < ESP32: 0
2026-07-11 14:12:26 [INFO] < ESP32: 0
2026-07-11 14:12:26 [INFO] < ESP32: 0
2026-07-11 14:12:26 [INFO] < ESP32: 0
2026-07-11 14:12:26 [INFO] < ESP32: 2047
2026-07-11 14:12:26 [INFO] < ESP32: 65535
2026-07-11 14:12:26 [INFO] < ESP32: 65535
2026-07-11 14:12:26 [INFO] < ESP32: 65535
2026-07-11 14:12:26 [INFO] < ESP32: 63488
2026-07-11 14:12:26 [INFO] < ESP32: 0
2026-07-11 14:12:26 [INFO] < ESP32: 0
2026-07-11 14:12:26 [INFO] < ESP32: 2047
2026-07-11 14:12:26 [INFO] < ESP32: 65535
2026-07-11 14:12:26 [INFO] < ESP32: 63488
2026-07-11 14:12:26 [INFO] < ESP32: 0
2026-07-11 14:12:26 [INFO] < ESP32: 2047
2026-07-11 14:12:26 [INFO] < ESP32: 65535
2026-07-11 14:12:26 [INFO] < ESP32: 63488
2026-07-11 14:12:26 [INFO] < ESP32: 0
2026-07-11 14:12:26 [INFO] < ESP32: 2047
2026-07-11 14:12:26 [INFO] < ESP32: 65535
2026-07-11 14:12:26 [INFO] < ESP32: 63488
2026-07-11 14:12:26 [INFO] < ESP32: 0
2026-07-11 14:12:26 [INFO] < ESP32: 2047
2026-07-11 14:12:26 [INFO] < ESP32: 65535
2026-07-11 14:12:26 [INFO] < ESP32: 63488
2026-07-11 14:12:26 [INFO] < ESP32: 0
2026-07-11 14:12:26 [INFO] < ESP32: 2047
2026-07-11 14:12:26 [INFO] < ESP32: 65535
2026-07-11 14:12:26 [INFO] < ESP32: 63488
2026-07-11 14:12:26 [INFO] < ESP32: 0
2026-07-11 14:12:26 [INFO] < ESP32: 2047
2026-07-11 14:12:26 [INFO] < ESP32: 65535
2026-07-11 14:12:26 [INFO] < ESP32: 63488
2026-07-11 14:12:26 [INFO] < ESP32: 0
2026-07-11 14:12:26 [INFO] < ESP32: 0
2026-07-11 14:12:26 [INFO] < ESP32: 2047
2026-07-11 14:12:26 [INFO] < ESP32: 65535
2026-07-11 14:12:26 [INFO] < ESP32: 65535
2026-07-11 14:12:26 [INFO] < ESP32: 65535
2026-07-11 14:12:26 [INFO] < ESP32: 63488
2026-07-11 14:12:26 [INFO] < ESP32: 0
2026-07-11 14:12:26 [INFO] < ESP32: 0
2026-07-11 14:12:26 [INFO] < ESP32: 0
2026-07-11 14:12:26 [INFO] < ESP32: 0
2026-07-11 14:12:26 [INFO] < ESP32: 0
2026-07-11 14:12:26 [INFO] < ESP32: 0
2026-07-11 14:12:26 [INFO] < ESP32: 0
2026-07-11 14:12:26 [INFO] < ESP32: 0
2026-07-11 14:12:26 [INFO] < ESP32: 0
2026-07-11 14:12:26 [INFO] < ESP32: 0
2026-07-11 14:12:26 [INFO] < ESP32: 0
2026-07-11 14:12:26 [INFO] < ESP32: 0
2026-07-11 14:12:26 [INFO] < ESP32: 0
2026-07-11 14:12:26 [INFO] < ESP32: 0
2026-07-11 14:12:26 [INFO] < ESP32: 0
2026-07-11 14:12:26 [INFO] < ESP32: 0
2026-07-11 14:12:26 [INFO] < ESP32: 0
2026-07-11 14:12:26 [INFO] < ESP32: 0
2026-07-11 14:12:26 [INFO] < ESP32: 0
2026-07-11 14:12:26 [INFO] < ESP32: 0
2026-07-11 14:12:26 [INFO] < ESP32: 0
2026-07-11 14:12:26 [INFO] < ESP32: 0
2026-07-11 14:12:26 [INFO] < ESP32: 0
2026-07-11 14:12:26 [INFO] < ESP32: 0
2026-07-11 14:12:26 [INFO] < ESP32: 0
2026-07-11 14:12:26 [INFO] < ESP32: 0
2026-07-11 14:12:26 [INFO] < ESP32: 2047
2026-07-11 14:12:26 [INFO] < ESP32: 65535
2026-07-11 14:12:26 [INFO] < ESP32: 63488
2026-07-11 14:12:26 [INFO] < ESP32: 0
2026-07-11 14:12:26 [INFO] < ESP32: 0
2026-07-11 14:12:26 [INFO] < ESP32: 2047
2026-07-11 14:12:26 [INFO] < ESP32: 65535
2026-07-11 14:12:26 [INFO] < ESP32: 63488
2026-07-11 14:12:26 [INFO] < ESP32: 2047
2026-07-11 14:12:26 [INFO] < ESP32: 65535
2026-07-11 14:12:26 [INFO] < ESP32: 63488
2026-07-11 14:12:26 [INFO] < ESP32: 2047
2026-07-11 14:12:26 [INFO] < ESP32: 63488
2026-07-11 14:12:26 [INFO] < ESP32: 2047
2026-07-11 14:12:26 [INFO] < ESP32: 65535
2026-07-11 14:12:26 [INFO] < ESP32: 63488
2026-07-11 14:12:26 [INFO] < ESP32: 2047
2026-07-11 14:12:26 [INFO] < ESP32: 65535
2026-07-11 14:12:26 [INFO] < ESP32: 65535
2026-07-11 14:12:26 [INFO] < ESP32: 65535
2026-07-11 14:12:26 [INFO] < ESP32: 65535
2026-07-11 14:12:26 [INFO] < ESP32: 65535
2026-07-11 14:12:26 [INFO] < ESP32: 65535
2026-07-11 14:12:26 [INFO] < ESP32: 63488
2026-07-11 14:12:26 [INFO] < ESP32: 2047
2026-07-11 14:12:26 [INFO] < ESP32: 65535
2026-07-11 14:12:26 [INFO] < ESP32: 65535
2026-07-11 14:12:26 [INFO] < ESP32: 65535
2026-07-11 14:12:26 [INFO] < ESP32: 65535
2026-07-11 14:12:26 [INFO] < ESP32: 65535
2026-07-11 14:12:26 [INFO] < ESP32: 65535
2026-07-11 14:12:26 [INFO] < ESP32: 63488
2026-07-11 14:12:26 [INFO] < ESP32: 0
2026-07-11 14:12:26 [INFO] < ESP32: 2047
2026-07-11 14:12:26 [INFO] < ESP32: 65535
2026-07-11 14:12:26 [INFO] < ESP32: 63488
2026-07-11 14:12:26 [INFO] < ESP32: 2047
2026-07-11 14:12:26 [INFO] < ESP32: 65535
2026-07-11 14:12:26 [INFO] < ESP32: 63488
2026-07-11 14:12:26 [INFO] < ESP32: 0
2026-07-11 14:12:26 [INFO] < ESP32: 0
2026-07-11 14:12:26 [INFO] < ESP32: 0
2026-07-11 14:12:26 [INFO] < ESP32: 0
2026-07-11 14:12:26 [INFO] < ESP32: 0
2026-07-11 14:12:26 [INFO] < ESP32: 0
2026-07-11 14:12:26 [INFO] < ESP32: 0
2026-07-11 14:12:26 [INFO] < ESP32: 0
2026-07-11 14:12:26 [INFO] < ESP32: 0
2026-07-11 14:12:26 [INFO] < ESP32: 0
2026-07-11 14:12:26 [INFO] < ESP32: 0
2026-07-11 14:12:26 [INFO] < ESP32: 0
2026-07-11 14:12:26 [INFO] < ESP32: 0
2026-07-11 14:12:26 [INFO] < ESP32: 0
2026-07-11 14:12:26 [INFO] < ESP32: 0
2026-07-11 14:12:26 [INFO] < ESP32: 0
2026-07-11 14:12:26 [INFO] < ESP32: 0
2026-07-11 14:12:26 [INFO] < ESP32: 0
2026-07-11 14:12:26 [INFO] < ESP32: 0
2026-07-11 14:12:26 [INFO] < ESP32: 0
2026-07-11 14:12:26 [INFO] < ESP32: 0
2026-07-11 14:12:26 [INFO] < ESP32: 0
2026-07-11 14:12:26 [INFO] < ESP32: 0
2026-07-11 14:12:26 [INFO] < ESP32: 0
2026-07-11 14:12:26 [INFO] < ESP32: 0
2026-07-11 14:12:26 [INFO] < ESP32: 2047
2026-07-11 14:12:26 [INFO] < ESP32: 65535
2026-07-11 14:12:26 [INFO] < ESP32: 65535
2026-07-11 14:12:26 [INFO] < ESP32: 65535
2026-07-11 14:12:26 [INFO] < ESP32: 65535
2026-07-11 14:12:26 [INFO] < ESP32: 63488
2026-07-11 14:12:26 [INFO] < ESP32: 0
2026-07-11 14:12:26 [INFO] < ESP32: 0
2026-07-11 14:12:26 [INFO] < ESP32: 2047
2026-07-11 14:12:26 [INFO] < ESP32: 65535
2026-07-11 14:12:26 [INFO] < ESP32: 63488
2026-07-11 14:12:26 [INFO] < ESP32: 0
2026-07-11 14:12:26 [INFO] < ESP32: 2047
2026-07-11 14:12:26 [INFO] < ESP32: 65535
2026-07-11 14:12:26 [INFO] < ESP32: 63488
2026-07-11 14:12:26 [INFO] < ESP32: 0
2026-07-11 14:12:26 [INFO] < ESP32: 2047
2026-07-11 14:12:26 [INFO] < ESP32: 65535
2026-07-11 14:12:26 [INFO] < ESP32: 63488
2026-07-11 14:12:26 [INFO] < ESP32: 0
2026-07-11 14:12:26 [INFO] < ESP32: 2047
2026-07-11 14:12:26 [INFO] < ESP32: 65535
2026-07-11 14:12:26 [INFO] < ESP32: 63488
2026-07-11 14:12:26 [INFO] < ESP32: 0
2026-07-11 14:12:26 [INFO] < ESP32: 2047
2026-07-11 14:12:26 [INFO] < ESP32: 65535
2026-07-11 14:12:26 [INFO] < ESP32: 63488
2026-07-11 14:12:26 [INFO] < ESP32: 0
2026-07-11 14:12:26 [INFO] < ESP32: 2047
2026-07-11 14:12:26 [INFO] < ESP32: 65535
2026-07-11 14:12:26 [INFO] < ESP32: 63488
2026-07-11 14:12:26 [INFO] < ESP32: 0
2026-07-11 14:12:26 [INFO] < ESP32: 2047
2026-07-11 14:12:26 [INFO] < ESP32: 65535
2026-07-11 14:12:26 [INFO] < ESP32: 63488
2026-07-11 14:12:26 [INFO] < ESP32: 0
2026-07-11 14:12:26 [INFO] < ESP32: 2047
2026-07-11 14:12:26 [INFO] < ESP32: 65535
2026-07-11 14:12:26 [INFO] < ESP32: 63488
2026-07-11 14:12:26 [INFO] < ESP32: 0
2026-07-11 14:12:26 [INFO] < ESP32: 0
2026-07-11 14:12:26 [INFO] < ESP32: 0
2026-07-11 14:12:26 [INFO] < ESP32: 0
2026-07-11 14:12:26 [INFO] < ESP32: 0
2026-07-11 14:12:26 [INFO] < ESP32: 0
2026-07-11 14:12:26 [INFO] < ESP32: 0
2026-07-11 14:12:26 [INFO] < ESP32: 0
2026-07-11 14:12:26 [INFO] < ESP32: 0
2026-07-11 14:12:26 [INFO] < ESP32: 2047
2026-07-11 14:12:26 [INFO] < ESP32: 65535
2026-07-11 14:12:26 [INFO] < ESP32: 65535
2026-07-11 14:12:26 [INFO] < ESP32: 65535
2026-07-11 14:12:26 [INFO] > Sent: UP:s
2026-07-11 14:12:26 [INFO] < ESP32: 65535
2026-07-11 14:12:26 [INFO] < ESP32: 65535
2026-07-11 14:12:26 [INFO] < ESP32: 63488
2026-07-11 14:12:26 [INFO] < ESP32: 0
2026-07-11 14:12:26 [INFO] < ESP32: 0
2026-07-11 14:12:26 [INFO] < ESP32: 2047
2026-07-11 14:12:26 [INFO] < ESP32: 65535
2026-07-11 14:12:26 [INFO] < ESP32: 63488
2026-07-11 14:12:26 [INFO] < ESP32: 0
2026-07-11 14:12:26 [INFO] < ESP32: 2047
2026-07-11 14:12:26 [INFO] < ESP32: 65535
2026-07-11 14:12:26 [INFO] < ESP32: 63488
2026-07-11 14:12:26 [INFO] < ESP32: 0
2026-07-11 14:12:26 [INFO] < ESP32: 2047
2026-07-11 14:12:26 [INFO] < ESP32: 65535
2026-07-11 14:12:26 [INFO] < ESP32: 63488
2026-07-11 14:12:26 [INFO] < ESP32: 0
2026-07-11 14:12:26 [INFO] < ESP32: 2047
2026-07-11 14:12:26 [INFO] < ESP32: 65535
2026-07-11 14:12:26 [INFO] < ESP32: 63488
2026-07-11 14:12:26 [INFO] < ESP32: 0
2026-07-11 14:12:26 [INFO] < ESP32: 2047
2026-07-11 14:12:26 [INFO] < ESP32: 65535
2026-07-11 14:12:26 [INFO] < ESP32: 65535
2026-07-11 14:12:26 [INFO] < ESP32: 65535
2026-07-11 14:12:26 [INFO] < ESP32: 65535
2026-07-11 14:12:26 [INFO] < ESP32: 63488
2026-07-11 14:12:26 [INFO] < ESP32: 0
2026-07-11 14:12:26 [INFO] < ESP32: 0
2026-07-11 14:12:26 [INFO] < ESP32: 2047
2026-07-11 14:12:26 [INFO] < ESP32: 65535
2026-07-11 14:12:26 [INFO] < ESP32: 63488
2026-07-11 14:12:26 [INFO] < ESP32: 2047
2026-07-11 14:12:26 [INFO] < ESP32: 65535
2026-07-11 14:12:26 [INFO] < ESP32: 63488
2026-07-11 14:12:26 [INFO] < ESP32: 0
2026-07-11 14:12:26 [INFO] < ESP32: 0
2026-07-11 14:12:26 [INFO] < ESP32: 2047
2026-07-11 14:12:26 [INFO] < ESP32: 65535
2026-07-11 14:12:26 [INFO] < ESP32: 63488
2026-07-11 14:12:26 [INFO] < ESP32: 0
2026-07-11 14:12:26 [INFO] < ESP32: 2047
2026-07-11 14:12:26 [INFO] < ESP32: 65535
2026-07-11 14:12:26 [INFO] < ESP32: 63488
2026-07-11 14:12:26 [INFO] < ESP32: 2047
2026-07-11 14:12:26 [INFO] < ESP32: 65535
2026-07-11 14:12:26 [INFO] < ESP32: 65535
2026-07-11 14:12:26 [INFO] < ESP32: 63488
2026-07-11 14:12:26 [INFO] < ESP32: 0
2026-07-11 14:12:26 [INFO] < ESP32: 2047
2026-07-11 14:12:26 [INFO] < ESP32: 65535
2026-07-11 14:12:26 [INFO] < ESP32: 63488
2026-07-11 14:12:26 [INFO] < ESP32: 0
2026-07-11 14:12:26 [INFO] < ESP32: 0
2026-07-11 14:12:26 [INFO] < ESP32: 0
2026-07-11 14:12:26 [INFO] < ESP32: 0
2026-07-11 14:12:26 [INFO] < ESP32: 0
2026-07-11 14:12:26 [INFO] < ESP32: 0
2026-07-11 14:12:26 [INFO] < ESP32: 0
2026-07-11 14:12:26 [INFO] < ESP32: 0
2026-07-11 14:12:26 [INFO] < ESP32: 0
2026-07-11 14:12:26 [INFO] < ESP32: 0
2026-07-11 14:12:26 [INFO] < ESP32: 0
2026-07-11 14:12:26 [INFO] < ESP32: 0
2026-07-11 14:12:26 [INFO] < ESP32: 0
2026-07-11 14:12:26 [INFO] < ESP32: 0
2026-07-11 14:12:26 [INFO] < ESP32: 0
2026-07-11 14:12:26 [INFO] < ESP32: 0
2026-07-11 14:12:26 [INFO] < ESP32: 0
2026-07-11 14:12:26 [INFO] < ESP32: 0
2026-07-11 14:12:26 [INFO] < ESP32: 0
2026-07-11 14:12:26 [INFO] < ESP32: 0
2026-07-11 14:12:26 [INFO] < ESP32: 0
2026-07-11 14:12:26 [INFO] < ESP32: 0
2026-07-11 14:12:26 [INFO] < ESP32: 0
2026-07-11 14:12:26 [INFO] < ESP32: 0
2026-07-11 14:12:26 [INFO] < ESP32: 0
2026-07-11 14:12:26 [INFO] < ESP32: 2047
2026-07-11 14:12:26 [INFO] < ESP32: 65535
2026-07-11 14:12:26 [INFO] < ESP32: 65535
2026-07-11 14:12:26 [INFO] < ESP32: 65535
2026-07-11 14:12:26 [INFO] < ESP32: 63488
2026-07-11 14:12:26 [INFO] < ESP32: 0
2026-07-11 14:12:26 [INFO] < ESP32: 0
2026-07-11 14:12:26 [INFO] < ESP32: 2047
2026-07-11 14:12:26 [INFO] < ESP32: 65535
2026-07-11 14:12:26 [INFO] < ESP32: 63488
2026-07-11 14:12:26 [INFO] < ESP32: 0
2026-07-11 14:12:26 [INFO] < ESP32: 2047
2026-07-11 14:12:26 [INFO] < ESP32: 65535
2026-07-11 14:12:26 [INFO] < ESP32: 63488
2026-07-11 14:12:26 [INFO] < ESP32: 0
2026-07-11 14:12:26 [INFO] < ESP32: 2047
2026-07-11 14:12:26 [INFO] < ESP32: 65535
2026-07-11 14:12:26 [INFO] < ESP32: 65535
2026-07-11 14:12:26 [INFO] < ESP32: 65535
2026-07-11 14:12:26 [INFO] < ESP32: 65535
2026-07-11 14:12:26 [INFO] < ESP32: 65535
2026-07-11 14:12:26 [INFO] < ESP32: 63488
2026-07-11 14:12:26 [INFO] < ESP32: 0
2026-07-11 14:12:26 [INFO] < ESP32: 2047
2026-07-11 14:12:26 [INFO] < ESP32: 65535
2026-07-11 14:12:26 [INFO] < ESP32: 63488
2026-07-11 14:12:26 [INFO] < ESP32: 0
2026-07-11 14:12:26 [INFO] < ESP32: 0
2026-07-11 14:12:26 [INFO] < ESP32: 0
2026-07-11 14:12:26 [INFO] < ESP32: 0
2026-07-11 14:12:26 [INFO] < ESP32: 0
2026-07-11 14:12:26 [INFO] < ESP32: 0
2026-07-11 14:12:26 [INFO] < ESP32: 2047
2026-07-11 14:12:26 [INFO] < ESP32: 65535
2026-07-11 14:12:26 [INFO] < ESP32: 65535
2026-07-11 14:12:26 [INFO] < ESP32: 65535
2026-07-11 14:12:26 [INFO] < ESP32: 63488
2026-07-11 14:12:26 [INFO] < ESP32: 0
2026-07-11 14:12:26 [INFO] < ESP32: 0
2026-07-11 14:12:26 [INFO] < ESP32: 0
2026-07-11 14:12:26 [INFO] < ESP32: 0
2026-07-11 14:12:26 [INFO] < ESP32: 0
2026-07-11 14:12:26 [INFO] < ESP32: 0
2026-07-11 14:12:26 [INFO] < ESP32: 0
2026-07-11 14:12:26 [INFO] < ESP32: 0
2026-07-11 14:12:26 [INFO] < ESP32: 0
2026-07-11 14:12:26 [INFO] < ESP32: 0
2026-07-11 14:12:26 [INFO] < ESP32: 0
2026-07-11 14:12:26 [INFO] < ESP32: 0
2026-07-11 14:12:26 [INFO] < ESP32: 0
2026-07-11 14:12:26 [INFO] < ESP32: 0
2026-07-11 14:12:26 [INFO] < ESP32: 0
2026-07-11 14:12:26 [INFO] < ESP32: 0
2026-07-11 14:12:26 [INFO] < ESP32: 0
2026-07-11 14:12:26 [INFO] < ESP32: 0
2026-07-11 14:12:26 [INFO] < ESP32: 0
2026-07-11 14:12:26 [INFO] < ESP32: 0
2026-07-11 14:12:26 [INFO] < ESP32: 0
2026-07-11 14:12:26 [INFO] < ESP32: 0
2026-07-11 14:12:26 [INFO] < ESP32: 0
2026-07-11 14:12:26 [INFO] < ESP32: 0
2026-07-11 14:12:26 [INFO] < ESP32: 0
2026-07-11 14:12:26 [INFO] < ESP32: 0
2026-07-11 14:12:26 [INFO] < ESP32: 0
2026-07-11 14:12:26 [INFO] < ESP32: 2047
2026-07-11 14:12:26 [INFO] < ESP32: 65535
2026-07-11 14:12:26 [INFO] < ESP32: 65535
2026-07-11 14:12:26 [INFO] < ESP32: 65535
2026-07-11 14:12:26 [INFO] < ESP32: 63488
2026-07-11 14:12:26 [INFO] < ESP32: 0
2026-07-11 14:12:26 [INFO] < ESP32: 0
2026-07-11 14:12:26 [INFO] < ESP32: 2047
2026-07-11 14:12:26 [INFO] < ESP32: 65535
2026-07-11 14:12:26 [INFO] < ESP32: 63488
2026-07-11 14:12:26 [INFO] < ESP32: 0
2026-07-11 14:12:26 [INFO] < ESP32: 2047
2026-07-11 14:12:26 [INFO] < ESP32: 65535
2026-07-11 14:12:26 [INFO] < ESP32: 63488
2026-07-11 14:12:26 [INFO] < ESP32: 0
2026-07-11 14:12:26 [INFO] < ESP32: 2047
2026-07-11 14:12:26 [INFO] < ESP32: 65535
2026-07-11 14:12:26 [INFO] < ESP32: 63488
2026-07-11 14:12:26 [INFO] < ESP32: 0
2026-07-11 14:12:26 [INFO] < ESP32: 0
2026-07-11 14:12:26 [INFO] < ESP32: 0
2026-07-11 14:12:26 [INFO] < ESP32: 0
2026-07-11 14:12:26 [INFO] < ESP32: 0
2026-07-11 14:12:26 [INFO] < ESP32: 2047
2026-07-11 14:12:26 [INFO] < ESP32: 65535
2026-07-11 14:12:26 [INFO] < ESP32: 63488
2026-07-11 14:12:26 [INFO] < ESP32: 0
2026-07-11 14:12:26 [INFO] < ESP32: 2047
2026-07-11 14:12:26 [INFO] < ESP32: 65535
2026-07-11 14:12:26 [INFO] < ESP32: 63488
2026-07-11 14:12:26 [INFO] < ESP32: 0
2026-07-11 14:12:26 [INFO] < ESP32: 0
2026-07-11 14:12:26 [INFO] < ESP32: 2047
2026-07-11 14:12:26 [INFO] < ESP32: 65535
2026-07-11 14:12:26 [INFO] < ESP32: 65535
2026-07-11 14:12:26 [INFO] < ESP32: 65535
2026-07-11 14:12:26 [INFO] < ESP32: 63488
2026-07-11 14:12:26 [INFO] < ESP32: 0
2026-07-11 14:12:26 [INFO] < ESP32: 0
2026-07-11 14:12:26 [INFO] < ESP32: 0
2026-07-11 14:12:26 [INFO] < ESP32: 0
2026-07-11 14:12:26 [INFO] < ESP32: 0
2026-07-11 14:12:26 [INFO] < ESP32: 0
2026-07-11 14:12:26 [INFO] < ESP32: 0
2026-07-11 14:12:26 [INFO] < ESP32: 0
2026-07-11 14:12:26 [INFO] < ESP32: 0
2026-07-11 14:12:26 [INFO] < ESP32: 0
2026-07-11 14:12:26 [INFO] < ESP32: 0
2026-07-11 14:12:26 [INFO] < ESP32: 0
2026-07-11 14:12:26 [INFO] < ESP32: 0
2026-07-11 14:12:26 [INFO] < ESP32: 0
2026-07-11 14:12:26 [INFO] < ESP32: 0
2026-07-11 14:12:26 [INFO] < ESP32: 0
2026-07-11 14:12:26 [INFO] < ESP32: 0
2026-07-11 14:12:26 [INFO] < ESP32: 0
2026-07-11 14:12:26 [INFO] < ESP32: 0
2026-07-11 14:12:26 [INFO] < ESP32: 0
2026-07-11 14:12:26 [INFO] < ESP32: 0
2026-07-11 14:12:26 [INFO] < ESP32: 0
2026-07-11 14:12:26 [INFO] < ESP32: 0
2026-07-11 14:12:26 [INFO] < ESP32: 0
2026-07-11 14:12:26 [INFO] < ESP32: 0
2026-07-11 14:12:26 [INFO] < ESP32: 0
2026-07-11 14:12:26 [INFO] < ESP32: 0
2026-07-11 14:12:26 [INFO] < ESP32: 2047
2026-07-11 14:12:26 [INFO] < ESP32: 65535
2026-07-11 14:12:26 [INFO] < ESP32: 65535
2026-07-11 14:12:26 [INFO] < ESP32: 65535
2026-07-11 14:12:26 [INFO] < ESP32: 63488
2026-07-11 14:12:26 [INFO] < ESP32: 0
2026-07-11 14:12:26 [INFO] < ESP32: 0
2026-07-11 14:12:26 [INFO] < ESP32: 2047
2026-07-11 14:12:26 [INFO] < ESP32: 65535
2026-07-11 14:12:26 [INFO] < ESP32: 63488
2026-07-11 14:12:26 [INFO] < ESP32: 0
2026-07-11 14:12:26 [INFO] < ESP32: 2047
2026-07-11 14:12:26 [INFO] < ESP32: 65535
2026-07-11 14:12:26 [INFO] < ESP32: 63488
2026-07-11 14:12:26 [INFO] < ESP32: 0
2026-07-11 14:12:26 [INFO] < ESP32: 2047
2026-07-11 14:12:26 [INFO] < ESP32: 65535
2026-07-11 14:12:26 [INFO] < ESP32: 65535
2026-07-11 14:12:26 [INFO] < ESP32: 65535
2026-07-11 14:12:26 [INFO] < ESP32: 65535
2026-07-11 14:12:26 [INFO] < ESP32: 65535
2026-07-11 14:12:26 [INFO] < ESP32: 63488
2026-07-11 14:12:26 [INFO] < ESP32: 0
2026-07-11 14:12:26 [INFO] < ESP32: 2047
2026-07-11 14:12:26 [INFO] < ESP32: 65535
2026-07-11 14:12:26 [INFO] < ESP32: 63488
2026-07-11 14:12:26 [INFO] < ESP32: 0
2026-07-11 14:12:26 [INFO] < ESP32: 0
2026-07-11 14:12:26 [INFO] < ESP32: 0
2026-07-11 14:12:26 [INFO] < ESP32: 0
2026-07-11 14:12:26 [INFO] < ESP32: 0
2026-07-11 14:12:26 [INFO] < ESP32: 0
2026-07-11 14:12:26 [INFO] < ESP32: 2047
2026-07-11 14:12:26 [INFO] < ESP32: 65535
2026-07-11 14:12:26 [INFO] < ESP32: 65535
2026-07-11 14:12:26 [INFO] < ESP32: 65535
2026-07-11 14:12:26 [INFO] < ESP32: 63488
2026-07-11 14:12:26 [INFO] < ESP32: 0
2026-07-11 14:12:26 [INFO] < ESP32: 0
2026-07-11 14:12:26 [INFO] < ESP32: 0
2026-07-11 14:12:26 [INFO] < ESP32: 0
2026-07-11 14:12:26 [INFO] < ESP32: 0
2026-07-11 14:12:26 [INFO] < ESP32: 0
2026-07-11 14:12:26 [INFO] < ESP32: 0
2026-07-11 14:12:26 [INFO] < ESP32: 0
2026-07-11 14:12:26 [INFO] < ESP32: 0
2026-07-11 14:12:26 [INFO] < ESP32: 0
2026-07-11 14:12:26 [INFO] < ESP32: 0
2026-07-11 14:12:26 [INFO] < ESP32: 0
2026-07-11 14:12:26 [INFO] < ESP32: 2047
2026-07-11 14:12:26 [INFO] < ESP32: 65535
2026-07-11 14:12:26 [INFO] < ESP32: 63488
2026-07-11 14:12:26 [INFO] < ESP32: 0
2026-07-11 14:12:26 [INFO] < ESP32: 0
2026-07-11 14:12:26 [INFO] < ESP32: 0
2026-07-11 14:12:26 [INFO] < ESP32: 0
2026-07-11 14:12:26 [INFO] < ESP32: 0
2026-07-11 14:12:26 [INFO] < ESP32: 0
2026-07-11 14:12:26 [INFO] < ESP32: 0
2026-07-11 14:12:26 [INFO] < ESP32: 0
2026-07-11 14:12:26 [INFO] < ESP32: 0
2026-07-11 14:12:26 [INFO] < ESP32: 0
2026-07-11 14:12:26 [INFO] < ESP32: 0
2026-07-11 14:12:26 [INFO] < ESP32: 0
2026-07-11 14:12:26 [INFO] < ESP32: 2047
2026-07-11 14:12:26 [INFO] < ESP32: 65535
2026-07-11 14:12:26 [INFO] < ESP32: 65535
2026-07-11 14:12:26 [INFO] < ESP32: 63488
2026-07-11 14:12:26 [INFO] < ESP32: 0
2026-07-11 14:12:26 [INFO] < ESP32: 0
2026-07-11 14:12:26 [INFO] < ESP32: 0
2026-07-11 14:12:26 [INFO] < ESP32: 0
2026-07-11 14:12:26 [INFO] < ESP32: 0
2026-07-11 14:12:26 [INFO] < ESP32: 2047
2026-07-11 14:12:26 [INFO] < ESP32: 65535
2026-07-11 14:12:26 [INFO] < ESP32: 63488
2026-07-11 14:12:26 [INFO] < ESP32: 0
2026-07-11 14:12:26 [INFO] < ESP32: 0
2026-07-11 14:12:26 [INFO] < ESP32: 0
2026-07-11 14:12:26 [INFO] < ESP32: 0
2026-07-11 14:12:26 [INFO] < ESP32: 0
2026-07-11 14:12:26 [INFO] < ESP32: 2047
2026-07-11 14:12:26 [INFO] < ESP32: 65535
2026-07-11 14:12:26 [INFO] < ESP32: 63488
2026-07-11 14:12:26 [INFO] < ESP32: 0
2026-07-11 14:12:26 [INFO] < ESP32: 0
2026-07-11 14:12:26 [INFO] < ESP32: 0
2026-07-11 14:12:26 [INFO] < ESP32: 0
2026-07-11 14:12:26 [INFO] < ESP32: 0
2026-07-11 14:12:26 [INFO] < ESP32: 2047
2026-07-11 14:12:26 [INFO] < ESP32: 65535
2026-07-11 14:12:26 [INFO] < ESP32: 63488
2026-07-11 14:12:26 [INFO] < ESP32: 0
2026-07-11 14:12:26 [INFO] < ESP32: 0
2026-07-11 14:12:26 [INFO] < ESP32: 0
2026-07-11 14:12:26 [INFO] < ESP32: 0
2026-07-11 14:12:26 [INFO] < ESP32: 2047
2026-07-11 14:12:26 [INFO] < ESP32: 65535
2026-07-11 14:12:26 [INFO] < ESP32: 65535
2026-07-11 14:12:26 [INFO] < ESP32: 65535
2026-07-11 14:12:26 [INFO] < ESP32: 63488
2026-07-11 14:12:26 [INFO] < ESP32: 0
2026-07-11 14:12:26 [INFO] < ESP32: 0
2026-07-11 14:12:26 [INFO] < ESP32: 0
2026-07-11 14:12:26 [INFO] < ESP32: 0
2026-07-11 14:12:26 [INFO] < ESP32: 0
2026-07-11 14:12:26 [INFO] < ESP32: 0
2026-07-11 14:12:26 [INFO] < ESP32: 0
2026-07-11 14:12:26 [INFO] < ESP32: 0
2026-07-11 14:12:26 [INFO] < ESP32: 0
2026-07-11 14:12:26 [INFO] < ESP32: 0
2026-07-11 14:12:26 [INFO] < ESP32: 0
2026-07-11 14:12:26 [INFO] < ESP32: 0
2026-07-11 14:12:26 [INFO] < ESP32: 0
2026-07-11 14:12:26 [INFO] < ESP32: 0
2026-07-11 14:12:26 [INFO] < ESP32: 0
2026-07-11 14:12:26 [INFO] < ESP32: 0
2026-07-11 14:12:26 [INFO] < ESP32: 0
2026-07-11 14:12:26 [INFO] < ESP32: 0
2026-07-11 14:12:26 [INFO] < ESP32: 0
2026-07-11 14:12:26 [INFO] < ESP32: 0
2026-07-11 14:12:26 [INFO] < ESP32: 0
2026-07-11 14:12:26 [INFO] < ESP32: 0
2026-07-11 14:12:26 [INFO] < ESP32: 0
2026-07-11 14:12:26 [INFO] < ESP32: 0
2026-07-11 14:12:26 [INFO] < ESP32: 0
2026-07-11 14:12:26 [INFO] < ESP32: 0
2026-07-11 14:12:26 [INFO] < ESP32: 2047
2026-07-11 14:12:26 [INFO] < ESP32: 65535
2026-07-11 14:12:26 [INFO] < ESP32: 63488
2026-07-11 14:12:26 [INFO] < ESP32: 0
2026-07-11 14:12:26 [INFO] < ESP32: 2047
2026-07-11 14:12:26 [INFO] < ESP32: 65535
2026-07-11 14:12:26 [INFO] < ESP32: 63488
2026-07-11 14:12:26 [INFO] < ESP32: 0
2026-07-11 14:12:26 [INFO] < ESP32: 2047
2026-07-11 14:12:26 [INFO] < ESP32: 65535
2026-07-11 14:12:26 [INFO] < ESP32: 63488
2026-07-11 14:12:26 [INFO] < ESP32: 0
2026-07-11 14:12:26 [INFO] < ESP32: 2047
2026-07-11 14:12:26 [INFO] < ESP32: 65535
2026-07-11 14:12:26 [INFO] < ESP32: 63488
2026-07-11 14:12:26 [INFO] < ESP32: 0
2026-07-11 14:12:26 [INFO] < ESP32: 2047
2026-07-11 14:12:26 [INFO] < ESP32: 65535
2026-07-11 14:12:26 [INFO] < ESP32: 63488
2026-07-11 14:12:26 [INFO] < ESP32: 0
2026-07-11 14:12:26 [INFO] < ESP32: 2047
2026-07-11 14:12:26 [INFO] < ESP32: 65535
2026-07-11 14:12:26 [INFO] < ESP32: 63488
2026-07-11 14:12:26 [INFO] < ESP32: 0
2026-07-11 14:12:26 [INFO] < ESP32: 0
2026-07-11 14:12:26 [INFO] < ESP32: 2047
2026-07-11 14:12:26 [INFO] < ESP32: 65535
2026-07-11 14:12:26 [INFO] < ESP32: 65535
2026-07-11 14:12:26 [INFO] < ESP32: 65535
2026-07-11 14:12:26 [INFO] < ESP32: 63488
2026-07-11 14:12:26 [INFO] < ESP32: 0
2026-07-11 14:12:26 [INFO] < ESP32: 0
2026-07-11 14:12:26 [INFO] < ESP32: 0
2026-07-11 14:12:26 [INFO] < ESP32: 0
2026-07-11 14:12:26 [INFO] < ESP32: 2047
2026-07-11 14:12:26 [INFO] < ESP32: 65535
2026-07-11 14:12:26 [INFO] < ESP32: 63488
2026-07-11 14:12:26 [INFO] < ESP32: 0
2026-07-11 14:12:26 [INFO] < ESP32: 0
2026-07-11 14:12:26 [INFO] < ESP32: 0
2026-07-11 14:12:26 [INFO] < ESP32: 0
2026-07-11 14:12:26 [INFO] < ESP32: 0
2026-07-11 14:12:26 [INFO] < ESP32: 0
2026-07-11 14:12:26 [INFO] < ESP32: 0
2026-07-11 14:12:26 [INFO] < ESP32: 0
2026-07-11 14:12:26 [INFO] < ESP32: 0
2026-07-11 14:12:26 [INFO] < ESP32: 0
2026-07-11 14:12:26 [INFO] < ESP32: 0
2026-07-11 14:12:26 [INFO] < ESP32: 0
2026-07-11 14:12:26 [INFO] < ESP32: 0
2026-07-11 14:12:26 [INFO] < ESP32: 0
2026-07-11 14:12:26 [INFO] < ESP32: 0
2026-07-11 14:12:26 [INFO] < ESP32: 0
2026-07-11 14:12:26 [INFO] < ESP32: 0
2026-07-11 14:12:26 [INFO] < ESP32: 0
2026-07-11 14:12:26 [INFO] < ESP32: 0
2026-07-11 14:12:26 [INFO] < ESP32: 0
2026-07-11 14:12:26 [INFO] < ESP32: 0
2026-07-11 14:12:26 [INFO] < ESP32: 0
2026-07-11 14:12:26 [INFO] < ESP32: 0
2026-07-11 14:12:26 [INFO] < ESP32: 0
2026-07-11 14:12:26 [INFO] < ESP32: 0
2026-07-11 14:12:26 [INFO] < ESP32: 0
2026-07-11 14:12:26 [INFO] < ESP32: 0
2026-07-11 14:12:26 [INFO] < ESP32: 0
2026-07-11 14:12:26 [INFO] < ESP32: 2047
2026-07-11 14:12:26 [INFO] < ESP32: 65535
2026-07-11 14:12:26 [INFO] < ESP32: 65535
2026-07-11 14:12:26 [INFO] < ESP32: 65535
2026-07-11 14:12:26 [INFO] < ESP32: 63488
2026-07-11 14:12:26 [INFO] < ESP32: 0
2026-07-11 14:12:26 [INFO] < ESP32: 0
2026-07-11 14:12:26 [INFO] < ESP32: 2047
2026-07-11 14:12:26 [INFO] < ESP32: 65535
2026-07-11 14:12:26 [INFO] < ESP32: 63488
2026-07-11 14:12:26 [INFO] < ESP32: 0
2026-07-11 14:12:26 [INFO] < ESP32: 2047
2026-07-11 14:12:26 [INFO] < ESP32: 65535
2026-07-11 14:12:26 [INFO] < ESP32: 63488
2026-07-11 14:12:26 [INFO] < ESP32: 0
2026-07-11 14:12:26 [INFO] < ESP32: 2047
2026-07-11 14:12:26 [INFO] < ESP32: 65535
2026-07-11 14:12:26 [INFO] < ESP32: 65535
2026-07-11 14:12:26 [INFO] < ESP32: 65535
2026-07-11 14:12:26 [INFO] < ESP32: 65535
2026-07-11 14:12:26 [INFO] < ESP32: 65535
2026-07-11 14:12:26 [INFO] < ESP32: 63488
2026-07-11 14:12:26 [INFO] < ESP32: 0
2026-07-11 14:12:26 [INFO] < ESP32: 2047
2026-07-11 14:12:26 [INFO] < ESP32: 65535
2026-07-11 14:12:26 [INFO] < ESP32: 63488
2026-07-11 14:12:26 [INFO] < ESP32: 0
2026-07-11 14:12:26 [INFO] < ESP32: 0
2026-07-11 14:12:26 [INFO] < ESP32: 0
2026-07-11 14:12:26 [INFO] < ESP32: 0
2026-07-11 14:12:26 [INFO] < ESP32: 0
2026-07-11 14:12:26 [INFO] < ESP32: 0
2026-07-11 14:12:26 [INFO] < ESP32: 2047
2026-07-11 14:12:26 [INFO] < ESP32: 65535
2026-07-11 14:12:26 [INFO] < ESP32: 65535
2026-07-11 14:12:26 [INFO] < ESP32: 65535
2026-07-11 14:12:26 [INFO] < ESP32: 63488
2026-07-11 14:12:26 [INFO] < ESP32: 0
2026-07-11 14:12:26 [INFO] < ESP32: 0
2026-07-11 14:12:26 [INFO] < ESP32: 0
2026-07-11 14:12:26 [INFO] < ESP32: 0
2026-07-11 14:12:26 [INFO] < ESP32: 0
2026-07-11 14:12:26 [INFO] < ESP32: 0
2026-07-11 14:12:26 [INFO] < ESP32: 0
2026-07-11 14:12:26 [INFO] < ESP32: 0
2026-07-11 14:12:26 [INFO] < ESP32: 0
2026-07-11 14:12:26 [INFO] < ESP32: 0
2026-07-11 14:12:26 [INFO] < ESP32: 0
2026-07-11 14:12:26 [INFO] < ESP32: 0
2026-07-11 14:12:26 [INFO] < ESP32: 0
2026-07-11 14:12:26 [INFO] < ESP32: 2047
2026-07-11 14:12:26 [INFO] < ESP32: 65535
2026-07-11 14:12:26 [INFO] < ESP32: 65535
2026-07-11 14:12:26 [INFO] < ESP32: 63488
2026-07-11 14:12:26 [INFO] < ESP32: 0
2026-07-11 14:12:26 [INFO] < ESP32: 0
2026-07-11 14:12:26 [INFO] < ESP32: 0
2026-07-11 14:12:26 [INFO] < ESP32: 0
2026-07-11 14:12:26 [INFO] < ESP32: 0
2026-07-11 14:12:26 [INFO] < ESP32: 2047
2026-07-11 14:12:26 [INFO] < ESP32: 65535
2026-07-11 14:12:26 [INFO] < ESP32: 63488
2026-07-11 14:12:26 [INFO] < ESP32: 0
2026-07-11 14:12:26 [INFO] < ESP32: 0
2026-07-11 14:12:26 [INFO] < ESP32: 0
2026-07-11 14:12:26 [INFO] < ESP32: 0
2026-07-11 14:12:26 [INFO] < ESP32: 0
2026-07-11 14:12:26 [INFO] < ESP32: 2047
2026-07-11 14:12:26 [INFO] < ESP32: 65535
2026-07-11 14:12:26 [INFO] < ESP32: 63488
2026-07-11 14:12:26 [INFO] < ESP32: 0
2026-07-11 14:12:26 [INFO] < ESP32: 0
2026-07-11 14:12:26 [INFO] < ESP32: 2047
2026-07-11 14:12:26 [INFO] < ESP32: 65535
2026-07-11 14:12:26 [INFO] < ESP32: 65535
2026-07-11 14:12:26 [INFO] < ESP32: 65535
2026-07-11 14:12:26 [INFO] < ESP32: 65535
2026-07-11 14:12:26 [INFO] < ESP32: 63488
2026-07-11 14:12:26 [INFO] < ESP32: 0
2026-07-11 14:12:26 [INFO] < ESP32: 2047
2026-07-11 14:12:26 [INFO] < ESP32: 65535
2026-07-11 14:12:26 [INFO] < ESP32: 63488
2026-07-11 14:12:26 [INFO] < ESP32: 0
2026-07-11 14:12:26 [INFO] < ESP32: 2047
2026-07-11 14:12:26 [INFO] < ESP32: 65535
2026-07-11 14:12:26 [INFO] < ESP32: 63488
2026-07-11 14:12:26 [INFO] < ESP32: 0
2026-07-11 14:12:26 [INFO] < ESP32: 2047
2026-07-11 14:12:26 [INFO] < ESP32: 65535
2026-07-11 14:12:26 [INFO] < ESP32: 63488
2026-07-11 14:12:26 [INFO] < ESP32: 0
2026-07-11 14:12:26 [INFO] < ESP32: 2047
2026-07-11 14:12:26 [INFO] < ESP32: 65535
2026-07-11 14:12:26 [INFO] < ESP32: 63488
2026-07-11 14:12:26 [INFO] < ESP32: 0
2026-07-11 14:12:26 [INFO] < ESP32: 0
2026-07-11 14:12:26 [INFO] < ESP32: 2047
2026-07-11 14:12:26 [INFO] < ESP32: 65535
2026-07-11 14:12:26 [INFO] < ESP32: 65535
2026-07-11 14:12:26 [INFO] < ESP32: 63488
2026-07-11 14:12:26 [INFO] < ESP32: 2047
2026-07-11 14:12:26 [INFO] < ESP32: 65535
2026-07-11 14:12:26 [INFO] < ESP32: 63488
2026-07-11 14:12:26 [INFO] < ESP32: 0
2026-07-11 14:12:26 [INFO] < ESP32: 0
2026-07-11 14:12:26 [INFO] < ESP32: 0
2026-07-11 14:12:26 [INFO] < ESP32: 0
2026-07-11 14:12:26 [INFO] < ESP32: 0
2026-07-11 14:12:26 [INFO] < ESP32: 0
2026-07-11 14:12:26 [INFO] < ESP32: 0
2026-07-11 14:12:26 [INFO] < ESP32: 0
2026-07-11 14:12:26 [INFO] < ESP32: 0
2026-07-11 14:12:26 [INFO] < ESP32: 0
2026-07-11 14:12:26 [INFO] < ESP32: 0
2026-07-11 14:12:26 [INFO] < ESP32: 0
2026-07-11 14:12:26 [INFO] < ESP32: 0
2026-07-11 14:12:26 [INFO] < ESP32: 0
2026-07-11 14:12:26 [INFO] < ESP32: 0
2026-07-11 14:12:26 [INFO] < ESP32: 0
2026-07-11 14:12:26 [INFO] < ESP32: 0
2026-07-11 14:12:26 [INFO] < ESP32: 0
2026-07-11 14:12:26 [INFO] < ESP32: 2047
2026-07-11 14:12:26 [INFO] < ESP32: 65535
2026-07-11 14:12:26 [INFO] < ESP32: 63488
2026-07-11 14:12:26 [INFO] < ESP32: 0
2026-07-11 14:12:26 [INFO] < ESP32: 0
2026-07-11 14:12:26 [INFO] < ESP32: 0
2026-07-11 14:12:26 [INFO] < ESP32: 0
2026-07-11 14:12:26 [INFO] < ESP32: 0
2026-07-11 14:12:26 [INFO] < ESP32: 2047
2026-07-11 14:12:26 [INFO] < ESP32: 65535
2026-07-11 14:12:26 [INFO] < ESP32: 63488
2026-07-11 14:12:26 [INFO] < ESP32: 0
2026-07-11 14:12:26 [INFO] < ESP32: 0
2026-07-11 14:12:26 [INFO] < ESP32: 0
2026-07-11 14:12:26 [INFO] < ESP32: 0
2026-07-11 14:12:26 [INFO] < ESP32: 0
2026-07-11 14:12:26 [INFO] < ESP32: 0
2026-07-11 14:12:26 [INFO] < ESP32: 0
2026-07-11 14:12:26 [INFO] < ESP32: 0
2026-07-11 14:12:26 [INFO] < ESP32: 0
2026-07-11 14:12:26 [INFO] < ESP32: 0
2026-07-11 14:12:26 [INFO] < ESP32: 0
2026-07-11 14:12:26 [INFO] < ESP32: 0
2026-07-11 14:12:26 [INFO] < ESP32: 0
2026-07-11 14:12:26 [INFO] < ESP32: 0
2026-07-11 14:12:26 [INFO] < ESP32: 0
2026-07-11 14:12:26 [INFO] < ESP32: 0
2026-07-11 14:12:26 [INFO] < ESP32: 0
2026-07-11 14:12:26 [INFO] < ESP32: 0
2026-07-11 14:12:26 [INFO] < ESP32: 0
2026-07-11 14:12:26 [INFO] < ESP32: 0
2026-07-11 14:12:26 [INFO] < ESP32: 0
2026-07-11 14:12:26 [INFO] < ESP32: 2047
2026-07-11 14:12:26 [INFO] < ESP32: 65535
2026-07-11 14:12:26 [INFO] < ESP32: 63488
2026-07-11 14:12:26 [INFO] < ESP32: 0
2026-07-11 14:12:26 [INFO] < ESP32: 0
2026-07-11 14:12:26 [INFO] < ESP32: 0
2026-07-11 14:12:26 [INFO] < ESP32: 0
2026-07-11 14:12:26 [INFO] < ESP32: 0
2026-07-11 14:12:26 [INFO] < ESP32: 2047
2026-07-11 14:12:26 [INFO] < ESP32: 65535
2026-07-11 14:12:26 [INFO] < ESP32: 63488
2026-07-11 14:12:26 [INFO] < ESP32: 0
2026-07-11 14:12:26 [INFO] < ESP32: 0
2026-07-11 14:12:26 [INFO] < ESP32: 0
2026-07-11 14:12:26 [INFO] < ESP32: 0
2026-07-11 14:12:26 [INFO] < ESP32: 0
2026-07-11 14:12:26 [INFO] < ESP32: 0
2026-07-11 14:12:26 [INFO] < ESP32: 0
2026-07-11 14:12:26 [INFO] < ESP32: 0
2026-07-11 14:12:26 [INFO] < ESP32: 0
2026-07-11 14:12:26 [INFO] < ESP32: 0
2026-07-11 14:12:26 [INFO] < ESP32: 0
2026-07-11 14:12:26 [INFO] < ESP32: 0
2026-07-11 14:12:26 [INFO] < ESP32: 0
2026-07-11 14:12:26 [INFO] < ESP32: 0
2026-07-11 14:12:26 [INFO] < ESP32: 0
2026-07-11 14:12:26 [INFO] < ESP32: 0
2026-07-11 14:12:26 [INFO] < ESP32: 0
2026-07-11 14:12:26 [INFO] < ESP32: 0
2026-07-11 14:12:26 [INFO] < ESP32: 0
2026-07-11 14:12:26 [INFO] < ESP32: 0
2026-07-11 14:12:26 [INFO] < ESP32: 0
2026-07-11 14:12:26 [INFO] < ESP32: 0
2026-07-11 14:12:26 [INFO] < ESP32: 0
2026-07-11 14:12:26 [INFO] < ESP32: 0
2026-07-11 14:12:26 [INFO] < ESP32: 0
2026-07-11 14:12:26 [INFO] < ESP32: 0
2026-07-11 14:12:26 [INFO] < ESP32: 0
2026-07-11 14:12:26 [INFO] < ESP32: 0
2026-07-11 14:12:26 [INFO] < ESP32: 0
2026-07-11 14:12:26 [INFO] < ESP32: 0
2026-07-11 14:12:26 [INFO] < ESP32: 0
2026-07-11 14:12:26 [INFO] < ESP32: 0
2026-07-11 14:12:26 [INFO] < ESP32: 0
2026-07-11 14:12:26 [INFO] < ESP32: 0
2026-07-11 14:12:26 [INFO] < ESP32: 0
2026-07-11 14:12:26 [INFO] < ESP32: 0
2026-07-11 14:12:26 [INFO] < ESP32: 0
2026-07-11 14:12:26 [INFO] < ESP32: 0
2026-07-11 14:12:26 [INFO] < ESP32: 0
2026-07-11 14:12:26 [INFO] < ESP32: 0
2026-07-11 14:12:26 [INFO] < ESP32: 0
2026-07-11 14:12:26 [INFO] < ESP32: 0
2026-07-11 14:12:26 [INFO] < ESP32: 0
2026-07-11 14:12:26 [INFO] < ESP32: 0
2026-07-11 14:12:26 [INFO] < ESP32: 0
2026-07-11 14:12:26 [INFO] < ESP32: 0
2026-07-11 14:12:26 [INFO] < ESP32: 0
2026-07-11 14:12:26 [INFO] < ESP32: 0
2026-07-11 14:12:26 [INFO] < ESP32: 0
2026-07-11 14:12:26 [INFO] < ESP32: 0
2026-07-11 14:12:26 [INFO] < ESP32: 0
2026-07-11 14:12:26 [INFO] < ESP32: 0
2026-07-11 14:12:26 [INFO] < ESP32: 0
2026-07-11 14:12:26 [INFO] < ESP32: 0
2026-07-11 14:12:26 [INFO] < ESP32: 0
2026-07-11 14:12:26 [INFO] < ESP32: 0
2026-07-11 14:12:26 [INFO] < ESP32: 0
2026-07-11 14:12:26 [INFO] < ESP32: 0
2026-07-11 14:12:26 [INFO] < ESP32: 0
2026-07-11 14:12:26 [INFO] < ESP32: 0
2026-07-11 14:12:26 [INFO] < ESP32: 0
2026-07-11 14:12:26 [INFO] < ESP32: 0
2026-07-11 14:12:26 [INFO] < ESP32: 0
2026-07-11 14:12:26 [INFO] < ESP32: 0
2026-07-11 14:12:26 [INFO] < ESP32: 0
2026-07-11 14:12:26 [INFO] < ESP32: 0
2026-07-11 14:12:26 [INFO] < ESP32: 0
2026-07-11 14:12:26 [INFO] < ESP32: 0
2026-07-11 14:12:26 [INFO] < ESP32: 0
2026-07-11 14:12:26 [INFO] < ESP32: 0
2026-07-11 14:12:26 [INFO] < ESP32: 0
2026-07-11 14:12:26 [INFO] < ESP32: 0
2026-07-11 14:12:26 [INFO] < ESP32: 0
2026-07-11 14:12:26 [INFO] < ESP32: 0
2026-07-11 14:12:26 [INFO] < ESP32: 0
2026-07-11 14:12:26 [INFO] < ESP32: 0
2026-07-11 14:12:26 [INFO] < ESP32: 0
2026-07-11 14:12:26 [INFO] < ESP32: 0
2026-07-11 14:12:26 [INFO] < ESP32: 2047
2026-07-11 14:12:26 [INFO] < ESP32: 65535
2026-07-11 14:12:26 [INFO] < ESP32: 65535
2026-07-11 14:12:26 [INFO] < ESP32: 63488
2026-07-11 14:12:26 [INFO] < ESP32: 0
2026-07-11 14:12:26 [INFO] < ESP32: 0
2026-07-11 14:12:26 [INFO] < ESP32: 0
2026-07-11 14:12:26 [INFO] < ESP32: 0
2026-07-11 14:12:26 [INFO] < ESP32: 0
2026-07-11 14:12:26 [INFO] < ESP32: 2047
2026-07-11 14:12:26 [INFO] < ESP32: 65535
2026-07-11 14:12:26 [INFO] < ESP32: 63488
2026-07-11 14:12:26 [INFO] < ESP32: 0
2026-07-11 14:12:26 [INFO] < ESP32: 2047
2026-07-11 14:12:26 [INFO] < ESP32: 65535
2026-07-11 14:12:26 [INFO] > Sent: DOWN:s
2026-07-11 14:12:26 [INFO] < ESP32: 65535
2026-07-11 14:12:26 [INFO] < ESP32: 65535
2026-07-11 14:12:26 [INFO] < ESP32: 65535
2026-07-11 14:12:26 [INFO] < ESP32: 65535
2026-07-11 14:12:26 [INFO] < ESP32: 65535
2026-07-11 14:12:26 [INFO] < ESP32: 63488
2026-07-11 14:12:26 [INFO] < ESP32: 2047
2026-07-11 14:12:26 [INFO] < ESP32: 65535
2026-07-11 14:12:26 [INFO] < ESP32: 65535
2026-07-11 14:12:26 [INFO] < ESP32: 65535
2026-07-11 14:12:26 [INFO] < ESP32: 65535
2026-07-11 14:12:26 [INFO] < ESP32: 65535
2026-07-11 14:12:26 [INFO] < ESP32: 65535
2026-07-11 14:12:26 [INFO] < ESP32: 63488
2026-07-11 14:12:26 [INFO] < ESP32: 2047
2026-07-11 14:12:26 [INFO] < ESP32: 65535
2026-07-11 14:12:26 [INFO] < ESP32: 65535
2026-07-11 14:12:26 [INFO] < ESP32: 65535
2026-07-11 14:12:26 [INFO] < ESP32: 65535
2026-07-11 14:12:26 [INFO] < ESP32: 65535
2026-07-11 14:12:26 [INFO] < ESP32: 65535
2026-07-11 14:12:26 [INFO] < ESP32: 63488
2026-07-11 14:12:26 [INFO] < ESP32: 2047
2026-07-11 14:12:26 [INFO] < ESP32: 65535
2026-07-11 14:12:26 [INFO] < ESP32: 65535
2026-07-11 14:12:26 [INFO] < ESP32: 65535
2026-07-11 14:12:26 [INFO] < ESP32: 65535
2026-07-11 14:12:26 [INFO] < ESP32: 65535
2026-07-11 14:12:26 [INFO] < ESP32: 65535
2026-07-11 14:12:26 [INFO] < ESP32: 63488
2026-07-11 14:12:26 [INFO] < ESP32: 0
2026-07-11 14:12:26 [INFO] < ESP32: 2047
2026-07-11 14:12:26 [INFO] < ESP32: 65535
2026-07-11 14:12:26 [INFO] < ESP32: 65535
2026-07-11 14:12:26 [INFO] < ESP32: 65535
2026-07-11 14:12:26 [INFO] < ESP32: 65535
2026-07-11 14:12:26 [INFO] < ESP32: 65535
2026-07-11 14:12:26 [INFO] < ESP32: 63488
2026-07-11 14:12:26 [INFO] < ESP32: 0
2026-07-11 14:12:26 [INFO] < ESP32: 0
2026-07-11 14:12:26 [INFO] < ESP32: 0
2026-07-11 14:12:26 [INFO] < ESP32: 0
2026-07-11 14:12:26 [INFO] < ESP32: 0
2026-07-11 14:12:26 [INFO] < ESP32: 0
2026-07-11 14:12:26 [INFO] < ESP32: 0
2026-07-11 14:12:26 [INFO] < ESP32: 0
2026-07-11 14:12:26 [INFO] < ESP32: 0
2026-07-11 14:12:26 [INFO] < ESP32: 0
2026-07-11 14:12:26 [INFO] < ESP32: 0
2026-07-11 14:12:26 [INFO] < ESP32: 0
2026-07-11 14:12:26 [INFO] < ESP32: 0
2026-07-11 14:12:26 [INFO] < ESP32: 0
2026-07-11 14:12:26 [INFO] < ESP32: 0
2026-07-11 14:12:26 [INFO] < ESP32: 0
2026-07-11 14:12:26 [INFO] < ESP32: 0
2026-07-11 14:12:26 [INFO] < ESP32: 0
2026-07-11 14:12:26 [INFO] < ESP32: 0
2026-07-11 14:12:26 [INFO] < ESP32: 0
2026-07-11 14:12:26 [INFO] < ESP32: 0
2026-07-11 14:12:26 [INFO] < ESP32: 0
2026-07-11 14:12:26 [INFO] < ESP32: 0
2026-07-11 14:12:26 [INFO] < ESP32: 0
2026-07-11 14:12:26 [INFO] < ESP32: 0
2026-07-11 14:12:26 [INFO] < ESP32: 0
2026-07-11 14:12:26 [INFO] < ESP32: 0
2026-07-11 14:12:26 [INFO] < ESP32: 0
2026-07-11 14:12:26 [INFO] < ESP32: 0
2026-07-11 14:12:26 [INFO] < ESP32: 0
2026-07-11 14:12:26 [INFO] < ESP32: 0
2026-07-11 14:12:26 [INFO] < ESP32: 0
2026-07-11 14:12:26 [INFO] < ESP32: 0
2026-07-11 14:12:26 [INFO] < ESP32: 0
2026-07-11 14:12:26 [INFO] < ESP32: 0
2026-07-11 14:12:26 [INFO] < ESP32: 0
2026-07-11 14:12:26 [INFO] < ESP32: 0
2026-07-11 14:12:26 [INFO] < ESP32: 0
2026-07-11 14:12:26 [INFO] < ESP32: 0
2026-07-11 14:12:26 [INFO] < ESP32: 0
2026-07-11 14:12:26 [INFO] < ESP32: 0
2026-07-11 14:12:26 [INFO] < ESP32: 0
2026-07-11 14:12:26 [INFO] < ESP32: 0
2026-07-11 14:12:26 [INFO] < ESP32: 0
2026-07-11 14:12:26 [INFO] < ESP32: 0
2026-07-11 14:12:26 [INFO] < ESP32: 0
2026-07-11 14:12:26 [INFO] < ESP32: 0
2026-07-11 14:12:26 [INFO] < ESP32: 0
2026-07-11 14:12:26 [INFO] < ESP32: 0
2026-07-11 14:12:26 [INFO] < ESP32: 0
2026-07-11 14:12:26 [INFO] < ESP32: 0
2026-07-11 14:12:26 [INFO] < ESP32: 0
2026-07-11 14:12:26 [INFO] < ESP32: 0
2026-07-11 14:12:26 [INFO] < ESP32: 0
2026-07-11 14:12:26 [INFO] < ESP32: 0
2026-07-11 14:12:26 [INFO] < ESP32: 0
2026-07-11 14:12:26 [INFO] < ESP32: 0
2026-07-11 14:12:26 [INFO] < ESP32: 0
2026-07-11 14:12:26 [INFO] < ESP32: 0
2026-07-11 14:12:26 [INFO] < ESP32: 0
2026-07-11 14:12:26 [INFO] < ESP32: 0
2026-07-11 14:12:26 [INFO] < ESP32: 0
2026-07-11 14:12:26 [INFO] < ESP32: 0
2026-07-11 14:12:26 [INFO] < ESP32: 0
2026-07-11 14:12:26 [INFO] < ESP32: 0
2026-07-11 14:12:26 [INFO] < ESP32: 0
2026-07-11 14:12:26 [INFO] < ESP32: 0
2026-07-11 14:12:26 [INFO] < ESP32: 0
2026-07-11 14:12:26 [INFO] < ESP32: 0
2026-07-11 14:12:26 [INFO] < ESP32: 0
2026-07-11 14:12:26 [INFO] < ESP32: 0
2026-07-11 14:12:26 [INFO] < ESP32: 0
2026-07-11 14:12:26 [INFO] < ESP32: 2047
2026-07-11 14:12:26 [INFO] < ESP32: 65535
2026-07-11 14:12:26 [INFO] < ESP32: 65535
2026-07-11 14:12:26 [INFO] < ESP32: 65535
2026-07-11 14:12:26 [INFO] < ESP32: 65535
2026-07-11 14:12:26 [INFO] < ESP32: 63488
2026-07-11 14:12:26 [INFO] < ESP32: 0
2026-07-11 14:12:26 [INFO] < ESP32: 0
2026-07-11 14:12:26 [INFO] < ESP32: 0
2026-07-11 14:12:26 [INFO] < ESP32: 2047
2026-07-11 14:12:26 [INFO] < ESP32: 65535
2026-07-11 14:12:26 [INFO] < ESP32: 63488
2026-07-11 14:12:26 [INFO] < ESP32: 2047
2026-07-11 14:12:26 [INFO] < ESP32: 65535
2026-07-11 14:12:26 [INFO] < ESP32: 63488
2026-07-11 14:12:26 [INFO] < ESP32: 0
2026-07-11 14:12:26 [INFO] < ESP32: 0
2026-07-11 14:12:26 [INFO] < ESP32: 2047
2026-07-11 14:12:26 [INFO] < ESP32: 65535
2026-07-11 14:12:26 [INFO] < ESP32: 63488
2026-07-11 14:12:26 [INFO] < ESP32: 0
2026-07-11 14:12:26 [INFO] < ESP32: 2047
2026-07-11 14:12:26 [INFO] < ESP32: 65535
2026-07-11 14:12:26 [INFO] < ESP32: 63488
2026-07-11 14:12:26 [INFO] < ESP32: 0
2026-07-11 14:12:26 [INFO] < ESP32: 2047
2026-07-11 14:12:26 [INFO] < ESP32: 65535
2026-07-11 14:12:26 [INFO] < ESP32: 63488
2026-07-11 14:12:26 [INFO] < ESP32: 0
2026-07-11 14:12:26 [INFO] < ESP32: 2047
2026-07-11 14:12:26 [INFO] < ESP32: 65535
2026-07-11 14:12:26 [INFO] < ESP32: 63488
2026-07-11 14:12:26 [INFO] < ESP32: 0
2026-07-11 14:12:26 [INFO] < ESP32: 2047
2026-07-11 14:12:26 [INFO] < ESP32: 65535
2026-07-11 14:12:26 [INFO] < ESP32: 63488
2026-07-11 14:12:26 [INFO] < ESP32: 0
2026-07-11 14:12:26 [INFO] < ESP32: 2047
2026-07-11 14:12:26 [INFO] < ESP32: 65535
2026-07-11 14:12:26 [INFO] < ESP32: 63488
2026-07-11 14:12:26 [INFO] < ESP32: 0
2026-07-11 14:12:26 [INFO] < ESP32: 2047
2026-07-11 14:12:26 [INFO] < ESP32: 65535
2026-07-11 14:12:26 [INFO] < ESP32: 63488
2026-07-11 14:12:26 [INFO] < ESP32: 2047
2026-07-11 14:12:26 [INFO] < ESP32: 65535
2026-07-11 14:12:26 [INFO] < ESP32: 63488
2026-07-11 14:12:26 [INFO] < ESP32: 0
2026-07-11 14:12:26 [INFO] < ESP32: 2047
2026-07-11 14:12:26 [INFO] < ESP32: 65535
2026-07-11 14:12:26 [INFO] < ESP32: 65535
2026-07-11 14:12:26 [INFO] < ESP32: 65535
2026-07-11 14:12:26 [INFO] < ESP32: 65535
2026-07-11 14:12:26 [INFO] < ESP32: 63488
2026-07-11 14:12:26 [INFO] < ESP32: 0
2026-07-11 14:12:26 [INFO] < ESP32: 0
2026-07-11 14:12:26 [INFO] < ESP32: 0
2026-07-11 14:12:26 [INFO] < ESP32: 0
2026-07-11 14:12:26 [INFO] < ESP32: 0
2026-07-11 14:12:26 [INFO] < ESP32: 0
2026-07-11 14:12:26 [INFO] < ESP32: 0
2026-07-11 14:12:26 [INFO] < ESP32: 0
2026-07-11 14:12:26 [INFO] < ESP32: 0
2026-07-11 14:12:26 [INFO] < ESP32: 0
2026-07-11 14:12:26 [INFO] < ESP32: 0
2026-07-11 14:12:26 [INFO] < ESP32: 0
2026-07-11 14:12:26 [INFO] < ESP32: 0
2026-07-11 14:12:26 [INFO] < ESP32: 0
2026-07-11 14:12:26 [INFO] < ESP32: 0
2026-07-11 14:12:26 [INFO] < ESP32: 0
2026-07-11 14:12:26 [INFO] < ESP32: 0
2026-07-11 14:12:26 [INFO] < ESP32: 0
2026-07-11 14:12:26 [INFO] < ESP32: 0
2026-07-11 14:12:26 [INFO] < ESP32: 0
2026-07-11 14:12:26 [INFO] < ESP32: 0
2026-07-11 14:12:26 [INFO] < ESP32: 0
2026-07-11 14:12:26 [INFO] < ESP32: 0
2026-07-11 14:12:26 [INFO] < ESP32: 0
2026-07-11 14:12:26 [INFO] < ESP32: 0
2026-07-11 14:12:26 [INFO] < ESP32: 0
2026-07-11 14:12:26 [INFO] < ESP32: 0
2026-07-11 14:12:26 [INFO] < ESP32: 2047
2026-07-11 14:12:26 [INFO] < ESP32: 65535
2026-07-11 14:12:26 [INFO] < ESP32: 65535
2026-07-11 14:12:26 [INFO] < ESP32: 65535
2026-07-11 14:12:26 [INFO] < ESP32: 63488
2026-07-11 14:12:26 [INFO] < ESP32: 0
2026-07-11 14:12:26 [INFO] < ESP32: 0
2026-07-11 14:12:26 [INFO] < ESP32: 2047
2026-07-11 14:12:26 [INFO] < ESP32: 65535
2026-07-11 14:12:26 [INFO] < ESP32: 63488
2026-07-11 14:12:26 [INFO] < ESP32: 0
2026-07-11 14:12:26 [INFO] < ESP32: 2047
2026-07-11 14:12:26 [INFO] < ESP32: 65535
2026-07-11 14:12:26 [INFO] < ESP32: 63488
2026-07-11 14:12:26 [INFO] < ESP32: 0
2026-07-11 14:12:26 [INFO] < ESP32: 2047
2026-07-11 14:12:26 [INFO] < ESP32: 65535
2026-07-11 14:12:26 [INFO] < ESP32: 63488
2026-07-11 14:12:26 [INFO] < ESP32: 0
2026-07-11 14:12:26 [INFO] < ESP32: 2047
2026-07-11 14:12:26 [INFO] < ESP32: 65535
2026-07-11 14:12:26 [INFO] < ESP32: 63488
2026-07-11 14:12:26 [INFO] < ESP32: 0
2026-07-11 14:12:26 [INFO] < ESP32: 2047
2026-07-11 14:12:26 [INFO] < ESP32: 65535
2026-07-11 14:12:26 [INFO] < ESP32: 63488
2026-07-11 14:12:26 [INFO] < ESP32: 0
2026-07-11 14:12:26 [INFO] < ESP32: 2047
2026-07-11 14:12:26 [INFO] < ESP32: 65535
2026-07-11 14:12:26 [INFO] < ESP32: 63488
2026-07-11 14:12:26 [INFO] < ESP32: 0
2026-07-11 14:12:26 [INFO] < ESP32: 0
2026-07-11 14:12:26 [INFO] < ESP32: 2047
2026-07-11 14:12:26 [INFO] < ESP32: 65535
2026-07-11 14:12:26 [INFO] < ESP32: 65535
2026-07-11 14:12:26 [INFO] < ESP32: 65535
2026-07-11 14:12:26 [INFO] < ESP32: 63488
2026-07-11 14:12:26 [INFO] < ESP32: 0
2026-07-11 14:12:26 [INFO] < ESP32: 0
2026-07-11 14:12:26 [INFO] < ESP32: 0
2026-07-11 14:12:26 [INFO] < ESP32: 0
2026-07-11 14:12:26 [INFO] < ESP32: 0
2026-07-11 14:12:26 [INFO] < ESP32: 0
2026-07-11 14:12:26 [INFO] < ESP32: 0
2026-07-11 14:12:26 [INFO] < ESP32: 0
2026-07-11 14:12:26 [INFO] < ESP32: 0
2026-07-11 14:12:26 [INFO] < ESP32: 0
2026-07-11 14:12:26 [INFO] < ESP32: 0
2026-07-11 14:12:26 [INFO] < ESP32: 0
2026-07-11 14:12:26 [INFO] < ESP32: 0
2026-07-11 14:12:26 [INFO] < ESP32: 0
2026-07-11 14:12:26 [INFO] < ESP32: 0
2026-07-11 14:12:26 [INFO] < ESP32: 0
2026-07-11 14:12:26 [INFO] < ESP32: 0
2026-07-11 14:12:26 [INFO] < ESP32: 0
2026-07-11 14:12:26 [INFO] < ESP32: 0
2026-07-11 14:12:26 [INFO] < ESP32: 0
2026-07-11 14:12:26 [INFO] < ESP32: 0
2026-07-11 14:12:26 [INFO] < ESP32: 0
2026-07-11 14:12:26 [INFO] < ESP32: 0
2026-07-11 14:12:26 [INFO] < ESP32: 0
2026-07-11 14:12:26 [INFO] < ESP32: 0
2026-07-11 14:12:26 [INFO] < ESP32: 0
2026-07-11 14:12:26 [INFO] < ESP32: 2047
2026-07-11 14:12:26 [INFO] < ESP32: 65535
2026-07-11 14:12:26 [INFO] < ESP32: 63488
2026-07-11 14:12:26 [INFO] < ESP32: 0
2026-07-11 14:12:26 [INFO] < ESP32: 0
2026-07-11 14:12:26 [INFO] < ESP32: 2047
2026-07-11 14:12:26 [INFO] < ESP32: 65535
2026-07-11 14:12:26 [INFO] < ESP32: 63488
2026-07-11 14:12:26 [INFO] < ESP32: 2047
2026-07-11 14:12:26 [INFO] < ESP32: 65535
2026-07-11 14:12:26 [INFO] < ESP32: 63488
2026-07-11 14:12:26 [INFO] < ESP32: 2047
2026-07-11 14:12:26 [INFO] < ESP32: 63488
2026-07-11 14:12:26 [INFO] < ESP32: 2047
2026-07-11 14:12:26 [INFO] < ESP32: 65535
2026-07-11 14:12:26 [INFO] < ESP32: 63488
2026-07-11 14:12:26 [INFO] < ESP32: 2047
2026-07-11 14:12:26 [INFO] < ESP32: 65535
2026-07-11 14:12:26 [INFO] < ESP32: 65535
2026-07-11 14:12:26 [INFO] < ESP32: 65535
2026-07-11 14:12:26 [INFO] < ESP32: 65535
2026-07-11 14:12:26 [INFO] < ESP32: 65535
2026-07-11 14:12:26 [INFO] < ESP32: 65535
2026-07-11 14:12:26 [INFO] < ESP32: 63488
2026-07-11 14:12:26 [INFO] < ESP32: 2047
2026-07-11 14:12:26 [INFO] < ESP32: 65535
2026-07-11 14:12:26 [INFO] < ESP32: 65535
2026-07-11 14:12:26 [INFO] < ESP32: 65535
2026-07-11 14:12:26 [INFO] < ESP32: 65535
2026-07-11 14:12:26 [INFO] < ESP32: 65535
2026-07-11 14:12:26 [INFO] < ESP32: 65535
2026-07-11 14:12:26 [INFO] < ESP32: 63488
2026-07-11 14:12:26 [INFO] > Sent: UP:s
2026-07-11 14:12:26 [INFO] < ESP32: 0
2026-07-11 14:12:26 [INFO] < ESP32: 2047
2026-07-11 14:12:26 [INFO] < ESP32: 65535
2026-07-11 14:12:26 [INFO] < ESP32: 63488
2026-07-11 14:12:26 [INFO] < ESP32: 2047
2026-07-11 14:12:26 [INFO] < ESP32: 65535
2026-07-11 14:12:26 [INFO] < ESP32: 63488
2026-07-11 14:12:26 [INFO] < ESP32: 0
2026-07-11 14:12:26 [INFO] < ESP32: 0
2026-07-11 14:12:26 [INFO] < ESP32: 0
2026-07-11 14:12:26 [INFO] < ESP32: 0
2026-07-11 14:12:26 [INFO] < ESP32: 0
2026-07-11 14:12:26 [INFO] < ESP32: 0
2026-07-11 14:12:26 [INFO] < ESP32: 0
2026-07-11 14:12:26 [INFO] < ESP32: 0
2026-07-11 14:12:26 [INFO] < ESP32: 0
2026-07-11 14:12:26 [INFO] < ESP32: 0
2026-07-11 14:12:26 [INFO] < ESP32: 0
2026-07-11 14:12:26 [INFO] < ESP32: 0
2026-07-11 14:12:26 [INFO] < ESP32: 0
2026-07-11 14:12:26 [INFO] < ESP32: 0
2026-07-11 14:12:26 [INFO] < ESP32: 0
2026-07-11 14:12:26 [INFO] < ESP32: 0
2026-07-11 14:12:26 [INFO] < ESP32: 0
2026-07-11 14:12:26 [INFO] < ESP32: 0
2026-07-11 14:12:26 [INFO] < ESP32: 0
2026-07-11 14:12:26 [INFO] < ESP32: 0
2026-07-11 14:12:26 [INFO] < ESP32: 0
2026-07-11 14:12:26 [INFO] < ESP32: 0
2026-07-11 14:12:26 [INFO] < ESP32: 0
2026-07-11 14:12:26 [INFO] < ESP32: 0
2026-07-11 14:12:26 [INFO] < ESP32: 0
2026-07-11 14:12:26 [INFO] < ESP32: 2047
2026-07-11 14:12:26 [INFO] < ESP32: 65535
2026-07-11 14:12:26 [INFO] < ESP32: 65535
2026-07-11 14:12:26 [INFO] < ESP32: 65535
2026-07-11 14:12:26 [INFO] < ESP32: 65535
2026-07-11 14:12:26 [INFO] < ESP32: 63488
2026-07-11 14:12:26 [INFO] < ESP32: 0
2026-07-11 14:12:26 [INFO] < ESP32: 0
2026-07-11 14:12:26 [INFO] < ESP32: 2047
2026-07-11 14:12:26 [INFO] < ESP32: 65535
2026-07-11 14:12:26 [INFO] < ESP32: 63488
2026-07-11 14:12:26 [INFO] < ESP32: 0
2026-07-11 14:12:26 [INFO] < ESP32: 2047
2026-07-11 14:12:26 [INFO] < ESP32: 65535
2026-07-11 14:12:26 [INFO] < ESP32: 63488
2026-07-11 14:12:26 [INFO] < ESP32: 0
2026-07-11 14:12:26 [INFO] < ESP32: 2047
2026-07-11 14:12:26 [INFO] < ESP32: 65535
2026-07-11 14:12:26 [INFO] < ESP32: 63488
2026-07-11 14:12:26 [INFO] < ESP32: 0
2026-07-11 14:12:26 [INFO] < ESP32: 2047
2026-07-11 14:12:26 [INFO] < ESP32: 65535
2026-07-11 14:12:26 [INFO] < ESP32: 63488
2026-07-11 14:12:26 [INFO] < ESP32: 0
2026-07-11 14:12:26 [INFO] < ESP32: 2047
2026-07-11 14:12:26 [INFO] < ESP32: 65535
2026-07-11 14:12:26 [INFO] < ESP32: 63488
2026-07-11 14:12:26 [INFO] < ESP32: 0
2026-07-11 14:12:26 [INFO] < ESP32: 2047
2026-07-11 14:12:26 [INFO] < ESP32: 65535
2026-07-11 14:12:26 [INFO] < ESP32: 63488
2026-07-11 14:12:26 [INFO] < ESP32: 0
2026-07-11 14:12:26 [INFO] < ESP32: 2047
2026-07-11 14:12:26 [INFO] < ESP32: 65535
2026-07-11 14:12:26 [INFO] < ESP32: 63488
2026-07-11 14:12:26 [INFO] < ESP32: 0
2026-07-11 14:12:26 [INFO] < ESP32: 2047
2026-07-11 14:12:26 [INFO] < ESP32: 65535
2026-07-11 14:12:26 [INFO] < ESP32: 63488
2026-07-11 14:12:26 [INFO] < ESP32: 0
2026-07-11 14:12:26 [INFO] < ESP32: 0
2026-07-11 14:12:26 [INFO] < ESP32: 0
2026-07-11 14:12:26 [INFO] < ESP32: 0
2026-07-11 14:12:26 [INFO] < ESP32: 0
2026-07-11 14:12:26 [INFO] < ESP32: 0
2026-07-11 14:12:26 [INFO] < ESP32: 0
2026-07-11 14:12:26 [INFO] < ESP32: 0
2026-07-11 14:12:26 [INFO] < ESP32: 0
2026-07-11 14:12:26 [INFO] < ESP32: 2047
2026-07-11 14:12:26 [INFO] < ESP32: 65535
2026-07-11 14:12:26 [INFO] < ESP32: 65535
2026-07-11 14:12:26 [INFO] < ESP32: 65535
2026-07-11 14:12:26 [INFO] < ESP32: 65535
2026-07-11 14:12:26 [INFO] < ESP32: 65535
2026-07-11 14:12:26 [INFO] < ESP32: 63488
2026-07-11 14:12:26 [INFO] < ESP32: 0
2026-07-11 14:12:26 [INFO] < ESP32: 0
2026-07-11 14:12:26 [INFO] < ESP32: 2047
2026-07-11 14:12:26 [INFO] < ESP32: 65535
2026-07-11 14:12:26 [INFO] < ESP32: 63488
2026-07-11 14:12:26 [INFO] < ESP32: 0
2026-07-11 14:12:26 [INFO] < ESP32: 2047
2026-07-11 14:12:26 [INFO] < ESP32: 65535
2026-07-11 14:12:26 [INFO] < ESP32: 63488
2026-07-11 14:12:26 [INFO] < ESP32: 0
2026-07-11 14:12:26 [INFO] < ESP32: 2047
2026-07-11 14:12:26 [INFO] < ESP32: 65535
2026-07-11 14:12:26 [INFO] < ESP32: 63488
2026-07-11 14:12:26 [INFO] < ESP32: 0
2026-07-11 14:12:26 [INFO] < ESP32: 2047
2026-07-11 14:12:26 [INFO] < ESP32: 65535
2026-07-11 14:12:26 [INFO] < ESP32: 63488
2026-07-11 14:12:26 [INFO] < ESP32: 0
2026-07-11 14:12:26 [INFO] < ESP32: 2047
2026-07-11 14:12:26 [INFO] < ESP32: 65535
2026-07-11 14:12:26 [INFO] < ESP32: 65535
2026-07-11 14:12:26 [INFO] < ESP32: 65535
2026-07-11 14:12:26 [INFO] < ESP32: 65535
2026-07-11 14:12:26 [INFO] < ESP32: 63488
2026-07-11 14:12:26 [INFO] < ESP32: 0
2026-07-11 14:12:26 [INFO] < ESP32: 0
2026-07-11 14:12:26 [INFO] < ESP32: 2047
2026-07-11 14:12:26 [INFO] < ESP32: 65535
2026-07-11 14:12:26 [INFO] < ESP32: 63488
2026-07-11 14:12:26 [INFO] < ESP32: 2047
2026-07-11 14:12:26 [INFO] < ESP32: 65535
2026-07-11 14:12:26 [INFO] < ESP32: 63488
2026-07-11 14:12:26 [INFO] < ESP32: 0
2026-07-11 14:12:26 [INFO] < ESP32: 0
2026-07-11 14:12:26 [INFO] < ESP32: 2047
2026-07-11 14:12:26 [INFO] < ESP32: 65535
2026-07-11 14:12:26 [INFO] < ESP32: 63488
2026-07-11 14:12:26 [INFO] < ESP32: 0
2026-07-11 14:12:26 [INFO] < ESP32: 2047
2026-07-11 14:12:26 [INFO] < ESP32: 65535
2026-07-11 14:12:26 [INFO] < ESP32: 63488
2026-07-11 14:12:26 [INFO] < ESP32: 2047
2026-07-11 14:12:26 [INFO] < ESP32: 65535
2026-07-11 14:12:26 [INFO] < ESP32: 65535
2026-07-11 14:12:26 [INFO] < ESP32: 63488
2026-07-11 14:12:26 [INFO] < ESP32: 0
2026-07-11 14:12:26 [INFO] < ESP32: 2047
2026-07-11 14:12:26 [INFO] < ESP32: 65535
2026-07-11 14:12:26 [INFO] < ESP32: 63488
2026-07-11 14:12:26 [INFO] < ESP32: 0
2026-07-11 14:12:26 [INFO] < ESP32: 0
2026-07-11 14:12:26 [INFO] < ESP32: 0
2026-07-11 14:12:26 [INFO] < ESP32: 0
2026-07-11 14:12:26 [INFO] < ESP32: 0
2026-07-11 14:12:26 [INFO] < ESP32: 0
2026-07-11 14:12:26 [INFO] < ESP32: 0
2026-07-11 14:12:26 [INFO] < ESP32: 0
2026-07-11 14:12:26 [INFO] < ESP32: 0
2026-07-11 14:12:26 [INFO] < ESP32: 0
2026-07-11 14:12:26 [INFO] < ESP32: 0
2026-07-11 14:12:26 [INFO] < ESP32: 0
2026-07-11 14:12:26 [INFO] < ESP32: 0
2026-07-11 14:12:26 [INFO] < ESP32: 0
2026-07-11 14:12:26 [INFO] < ESP32: 0
2026-07-11 14:12:26 [INFO] < ESP32: 0
2026-07-11 14:12:26 [INFO] < ESP32: 0
2026-07-11 14:12:26 [INFO] < ESP32: 0
2026-07-11 14:12:26 [INFO] < ESP32: 0
2026-07-11 14:12:26 [INFO] < ESP32: 0
2026-07-11 14:12:26 [INFO] < ESP32: 0
2026-07-11 14:12:26 [INFO] < ESP32: 0
2026-07-11 14:12:26 [INFO] < ESP32: 0
2026-07-11 14:12:26 [INFO] < ESP32: 0
2026-07-11 14:12:26 [INFO] < ESP32: 0
2026-07-11 14:12:26 [INFO] < ESP32: 2047
2026-07-11 14:12:26 [INFO] < ESP32: 65535
2026-07-11 14:12:26 [INFO] < ESP32: 65535
2026-07-11 14:12:26 [INFO] < ESP32: 65535
2026-07-11 14:12:26 [INFO] < ESP32: 63488
2026-07-11 14:12:26 [INFO] < ESP32: 0
2026-07-11 14:12:26 [INFO] < ESP32: 0
2026-07-11 14:12:26 [INFO] < ESP32: 2047
2026-07-11 14:12:26 [INFO] < ESP32: 65535
2026-07-11 14:12:26 [INFO] < ESP32: 63488
2026-07-11 14:12:26 [INFO] < ESP32: 0
2026-07-11 14:12:26 [INFO] < ESP32: 2047
2026-07-11 14:12:26 [INFO] < ESP32: 65535
2026-07-11 14:12:26 [INFO] < ESP32: 63488
2026-07-11 14:12:26 [INFO] < ESP32: 0
2026-07-11 14:12:26 [INFO] < ESP32: 2047
2026-07-11 14:12:26 [INFO] < ESP32: 65535
2026-07-11 14:12:26 [INFO] < ESP32: 65535
2026-07-11 14:12:26 [INFO] < ESP32: 65535
2026-07-11 14:12:26 [INFO] < ESP32: 65535
2026-07-11 14:12:26 [INFO] < ESP32: 65535
2026-07-11 14:12:26 [INFO] < ESP32: 63488
2026-07-11 14:12:26 [INFO] < ESP32: 0
2026-07-11 14:12:26 [INFO] < ESP32: 2047
2026-07-11 14:12:26 [INFO] < ESP32: 65535
2026-07-11 14:12:26 [INFO] < ESP32: 63488
2026-07-11 14:12:26 [INFO] < ESP32: 0
2026-07-11 14:12:26 [INFO] < ESP32: 0
2026-07-11 14:12:26 [INFO] < ESP32: 0
2026-07-11 14:12:26 [INFO] < ESP32: 0
2026-07-11 14:12:26 [INFO] < ESP32: 0
2026-07-11 14:12:26 [INFO] < ESP32: 0
2026-07-11 14:12:26 [INFO] < ESP32: 2047
2026-07-11 14:12:26 [INFO] < ESP32: 65535
2026-07-11 14:12:26 [INFO] < ESP32: 65535
2026-07-11 14:12:26 [INFO] < ESP32: 65535
2026-07-11 14:12:26 [INFO] < ESP32: 63488
2026-07-11 14:12:26 [INFO] < ESP32: 0
2026-07-11 14:12:26 [INFO] < ESP32: 0
2026-07-11 14:12:26 [INFO] < ESP32: 0
2026-07-11 14:12:26 [INFO] < ESP32: 0
2026-07-11 14:12:26 [INFO] < ESP32: 0
2026-07-11 14:12:26 [INFO] < ESP32: 0
2026-07-11 14:12:26 [INFO] < ESP32: 0
2026-07-11 14:12:26 [INFO] < ESP32: 0
2026-07-11 14:12:26 [INFO] < ESP32: 0
2026-07-11 14:12:26 [INFO] < ESP32: 0
2026-07-11 14:12:26 [INFO] < ESP32: 0
2026-07-11 14:12:26 [INFO] < ESP32: 0
2026-07-11 14:12:26 [INFO] < ESP32: 0
2026-07-11 14:12:26 [INFO] < ESP32: 0
2026-07-11 14:12:26 [INFO] < ESP32: 0
2026-07-11 14:12:26 [INFO] < ESP32: 0
2026-07-11 14:12:26 [INFO] < ESP32: 0
2026-07-11 14:12:26 [INFO] < ESP32: 0
2026-07-11 14:12:26 [INFO] < ESP32: 0
2026-07-11 14:12:26 [INFO] < ESP32: 0
2026-07-11 14:12:26 [INFO] < ESP32: 0
2026-07-11 14:12:26 [INFO] < ESP32: 0
2026-07-11 14:12:26 [INFO] < ESP32: 0
2026-07-11 14:12:26 [INFO] < ESP32: 0
2026-07-11 14:12:26 [INFO] < ESP32: 0
2026-07-11 14:12:26 [INFO] < ESP32: 0
2026-07-11 14:12:26 [INFO] < ESP32: 0
2026-07-11 14:12:26 [INFO] < ESP32: 2047
2026-07-11 14:12:26 [INFO] < ESP32: 65535
2026-07-11 14:12:26 [INFO] < ESP32: 65535
2026-07-11 14:12:26 [INFO] < ESP32: 65535
2026-07-11 14:12:26 [INFO] < ESP32: 63488
2026-07-11 14:12:26 [INFO] < ESP32: 0
2026-07-11 14:12:26 [INFO] < ESP32: 0
2026-07-11 14:12:26 [INFO] < ESP32: 2047
2026-07-11 14:12:26 [INFO] < ESP32: 65535
2026-07-11 14:12:26 [INFO] < ESP32: 63488
2026-07-11 14:12:26 [INFO] < ESP32: 0
2026-07-11 14:12:26 [INFO] < ESP32: 2047
2026-07-11 14:12:26 [INFO] < ESP32: 65535
2026-07-11 14:12:26 [INFO] < ESP32: 63488
2026-07-11 14:12:26 [INFO] < ESP32: 0
2026-07-11 14:12:26 [INFO] < ESP32: 2047
2026-07-11 14:12:26 [INFO] < ESP32: 65535
2026-07-11 14:12:26 [INFO] < ESP32: 63488
2026-07-11 14:12:26 [INFO] < ESP32: 0
2026-07-11 14:12:26 [INFO] < ESP32: 0
2026-07-11 14:12:26 [INFO] < ESP32: 0
2026-07-11 14:12:26 [INFO] < ESP32: 0
2026-07-11 14:12:26 [INFO] < ESP32: 0
2026-07-11 14:12:26 [INFO] < ESP32: 2047
2026-07-11 14:12:26 [INFO] < ESP32: 65535
2026-07-11 14:12:26 [INFO] < ESP32: 63488
2026-07-11 14:12:26 [INFO] < ESP32: 0
2026-07-11 14:12:26 [INFO] < ESP32: 2047
2026-07-11 14:12:26 [INFO] < ESP32: 65535
2026-07-11 14:12:26 [INFO] < ESP32: 63488
2026-07-11 14:12:26 [INFO] < ESP32: 0
2026-07-11 14:12:26 [INFO] < ESP32: 0
2026-07-11 14:12:26 [INFO] < ESP32: 2047
2026-07-11 14:12:26 [INFO] < ESP32: 65535
2026-07-11 14:12:26 [INFO] < ESP32: 65535
2026-07-11 14:12:26 [INFO] < ESP32: 65535
2026-07-11 14:12:26 [INFO] < ESP32: 63488
2026-07-11 14:12:26 [INFO] < ESP32: 0
2026-07-11 14:12:26 [INFO] < ESP32: 0
2026-07-11 14:12:26 [INFO] < ESP32: 0
2026-07-11 14:12:26 [INFO] < ESP32: 0
2026-07-11 14:12:26 [INFO] < ESP32: 0
2026-07-11 14:12:26 [INFO] < ESP32: 0
2026-07-11 14:12:26 [INFO] < ESP32: 0
2026-07-11 14:12:26 [INFO] < ESP32: 0
2026-07-11 14:12:26 [INFO] < ESP32: 0
2026-07-11 14:12:26 [INFO] < ESP32: 0
2026-07-11 14:12:26 [INFO] < ESP32: 0
2026-07-11 14:12:26 [INFO] < ESP32: 0
2026-07-11 14:12:26 [INFO] < ESP32: 0
2026-07-11 14:12:26 [INFO] < ESP32: 0
2026-07-11 14:12:26 [INFO] < ESP32: 0
2026-07-11 14:12:26 [INFO] < ESP32: 0
2026-07-11 14:12:26 [INFO] < ESP32: 0
2026-07-11 14:12:26 [INFO] < ESP32: 0
2026-07-11 14:12:26 [INFO] < ESP32: 0
2026-07-11 14:12:26 [INFO] < ESP32: 0
2026-07-11 14:12:26 [INFO] < ESP32: 0
2026-07-11 14:12:26 [INFO] < ESP32: 0
2026-07-11 14:12:26 [INFO] < ESP32: 0
2026-07-11 14:12:26 [INFO] < ESP32: 0
2026-07-11 14:12:26 [INFO] < ESP32: 0
2026-07-11 14:12:26 [INFO] < ESP32: 0
2026-07-11 14:12:26 [INFO] < ESP32: 0
2026-07-11 14:12:26 [INFO] < ESP32: 2047
2026-07-11 14:12:26 [INFO] < ESP32: 65535
2026-07-11 14:12:26 [INFO] < ESP32: 65535
2026-07-11 14:12:26 [INFO] < ESP32: 65535
2026-07-11 14:12:26 [INFO] < ESP32: 63488
2026-07-11 14:12:26 [INFO] < ESP32: 0
2026-07-11 14:12:26 [INFO] < ESP32: 0
2026-07-11 14:12:26 [INFO] < ESP32: 2047
2026-07-11 14:12:26 [INFO] < ESP32: 65535
2026-07-11 14:12:26 [INFO] < ESP32: 63488
2026-07-11 14:12:26 [INFO] < ESP32: 0
2026-07-11 14:12:26 [INFO] < ESP32: 2047
2026-07-11 14:12:26 [INFO] < ESP32: 65535
2026-07-11 14:12:26 [INFO] < ESP32: 63488
2026-07-11 14:12:26 [INFO] < ESP32: 0
2026-07-11 14:12:26 [INFO] < ESP32: 2047
2026-07-11 14:12:26 [INFO] < ESP32: 65535
2026-07-11 14:12:26 [INFO] < ESP32: 65535
2026-07-11 14:12:26 [INFO] < ESP32: 65535
2026-07-11 14:12:26 [INFO] < ESP32: 65535
2026-07-11 14:12:26 [INFO] < ESP32: 65535
2026-07-11 14:12:26 [INFO] < ESP32: 63488
2026-07-11 14:12:26 [INFO] < ESP32: 0
2026-07-11 14:12:26 [INFO] < ESP32: 2047
2026-07-11 14:12:26 [INFO] < ESP32: 65535
2026-07-11 14:12:26 [INFO] < ESP32: 63488
2026-07-11 14:12:26 [INFO] < ESP32: 0
2026-07-11 14:12:26 [INFO] < ESP32: 0
2026-07-11 14:12:26 [INFO] < ESP32: 0
2026-07-11 14:12:26 [INFO] < ESP32: 0
2026-07-11 14:12:26 [INFO] < ESP32: 0
2026-07-11 14:12:26 [INFO] < ESP32: 0
2026-07-11 14:12:26 [INFO] < ESP32: 2047
2026-07-11 14:12:26 [INFO] < ESP32: 65535
2026-07-11 14:12:26 [INFO] < ESP32: 65535
2026-07-11 14:12:26 [INFO] < ESP32: 65535
2026-07-11 14:12:26 [INFO] < ESP32: 63488
2026-07-11 14:12:26 [INFO] < ESP32: 0
2026-07-11 14:12:26 [INFO] < ESP32: 0
2026-07-11 14:12:26 [INFO] < ESP32: 0
2026-07-11 14:12:26 [INFO] < ESP32: 0
2026-07-11 14:12:26 [INFO] < ESP32: 0
2026-07-11 14:12:26 [INFO] < ESP32: 0
2026-07-11 14:12:26 [INFO] < ESP32: 0
2026-07-11 14:12:26 [INFO] < ESP32: 0
2026-07-11 14:12:26 [INFO] < ESP32: 0
2026-07-11 14:12:26 [INFO] < ESP32: 0
2026-07-11 14:12:26 [INFO] < ESP32: 0
2026-07-11 14:12:26 [INFO] < ESP32: 0
2026-07-11 14:12:26 [INFO] < ESP32: 2047
2026-07-11 14:12:26 [INFO] < ESP32: 65535
2026-07-11 14:12:26 [INFO] < ESP32: 63488
2026-07-11 14:12:26 [INFO] < ESP32: 0
2026-07-11 14:12:26 [INFO] < ESP32: 0
2026-07-11 14:12:26 [INFO] < ESP32: 0
2026-07-11 14:12:26 [INFO] < ESP32: 0
2026-07-11 14:12:26 [INFO] < ESP32: 0
2026-07-11 14:12:26 [INFO] < ESP32: 0
2026-07-11 14:12:26 [INFO] < ESP32: 0
2026-07-11 14:12:26 [INFO] < ESP32: 0
2026-07-11 14:12:26 [INFO] < ESP32: 0
2026-07-11 14:12:26 [INFO] < ESP32: 0
2026-07-11 14:12:26 [INFO] < ESP32: 0
2026-07-11 14:12:26 [INFO] < ESP32: 0
2026-07-11 14:12:26 [INFO] < ESP32: 2047
2026-07-11 14:12:26 [INFO] < ESP32: 65535
2026-07-11 14:12:26 [INFO] < ESP32: 65535
2026-07-11 14:12:26 [INFO] < ESP32: 63488
2026-07-11 14:12:26 [INFO] < ESP32: 0
2026-07-11 14:12:26 [INFO] < ESP32: 0
2026-07-11 14:12:26 [INFO] < ESP32: 0
2026-07-11 14:12:26 [INFO] < ESP32: 0
2026-07-11 14:12:26 [INFO] < ESP32: 0
2026-07-11 14:12:26 [INFO] < ESP32: 2047
2026-07-11 14:12:26 [INFO] < ESP32: 65535
2026-07-11 14:12:26 [INFO] < ESP32: 63488
2026-07-11 14:12:26 [INFO] < ESP32: 0
2026-07-11 14:12:26 [INFO] < ESP32: 0
2026-07-11 14:12:26 [INFO] < ESP32: 0
2026-07-11 14:12:26 [INFO] < ESP32: 0
2026-07-11 14:12:26 [INFO] < ESP32: 0
2026-07-11 14:12:26 [INFO] < ESP32: 2047
2026-07-11 14:12:26 [INFO] < ESP32: 65535
2026-07-11 14:12:26 [INFO] < ESP32: 63488
2026-07-11 14:12:26 [INFO] < ESP32: 0
2026-07-11 14:12:26 [INFO] < ESP32: 0
2026-07-11 14:12:26 [INFO] < ESP32: 0
2026-07-11 14:12:26 [INFO] < ESP32: 0
2026-07-11 14:12:26 [INFO] < ESP32: 0
2026-07-11 14:12:26 [INFO] < ESP32: 2047
2026-07-11 14:12:26 [INFO] < ESP32: 65535
2026-07-11 14:12:26 [INFO] < ESP32: 63488
2026-07-11 14:12:26 [INFO] < ESP32: 0
2026-07-11 14:12:26 [INFO] < ESP32: 0
2026-07-11 14:12:26 [INFO] < ESP32: 0
2026-07-11 14:12:26 [INFO] < ESP32: 0
2026-07-11 14:12:26 [INFO] < ESP32: 2047
2026-07-11 14:12:26 [INFO] < ESP32: 65535
2026-07-11 14:12:26 [INFO] < ESP32: 65535
2026-07-11 14:12:26 [INFO] < ESP32: 65535
2026-07-11 14:12:26 [INFO] < ESP32: 63488
2026-07-11 14:12:26 [INFO] < ESP32: 0
2026-07-11 14:12:26 [INFO] < ESP32: 0
2026-07-11 14:12:26 [INFO] < ESP32: 0
2026-07-11 14:12:26 [INFO] < ESP32: 0
2026-07-11 14:12:26 [INFO] < ESP32: 0
2026-07-11 14:12:26 [INFO] < ESP32: 0
2026-07-11 14:12:26 [INFO] < ESP32: 0
2026-07-11 14:12:26 [INFO] < ESP32: 0
2026-07-11 14:12:26 [INFO] < ESP32: 0
2026-07-11 14:12:26 [INFO] < ESP32: 0
2026-07-11 14:12:26 [INFO] < ESP32: 0
2026-07-11 14:12:26 [INFO] < ESP32: 0
2026-07-11 14:12:26 [INFO] < ESP32: 0
2026-07-11 14:12:26 [INFO] < ESP32: 0
2026-07-11 14:12:26 [INFO] < ESP32: 0
2026-07-11 14:12:26 [INFO] < ESP32: 0
2026-07-11 14:12:26 [INFO] < ESP32: 0
2026-07-11 14:12:26 [INFO] < ESP32: 0
2026-07-11 14:12:26 [INFO] < ESP32: 0
2026-07-11 14:12:26 [INFO] < ESP32: 0
2026-07-11 14:12:26 [INFO] < ESP32: 0
2026-07-11 14:12:26 [INFO] < ESP32: 0
2026-07-11 14:12:26 [INFO] < ESP32: 0
2026-07-11 14:12:26 [INFO] < ESP32: 0
2026-07-11 14:12:26 [INFO] < ESP32: 0
2026-07-11 14:12:26 [INFO] < ESP32: 0
2026-07-11 14:12:26 [INFO] < ESP32: 2047
2026-07-11 14:12:26 [INFO] < ESP32: 65535
2026-07-11 14:12:26 [INFO] < ESP32: 63488
2026-07-11 14:12:26 [INFO] < ESP32: 0
2026-07-11 14:12:26 [INFO] < ESP32: 2047
2026-07-11 14:12:26 [INFO] < ESP32: 65535
2026-07-11 14:12:26 [INFO] < ESP32: 63488
2026-07-11 14:12:26 [INFO] < ESP32: 0
2026-07-11 14:12:26 [INFO] < ESP32: 2047
2026-07-11 14:12:26 [INFO] < ESP32: 65535
2026-07-11 14:12:26 [INFO] < ESP32: 63488
2026-07-11 14:12:26 [INFO] < ESP32: 0
2026-07-11 14:12:26 [INFO] < ESP32: 2047
2026-07-11 14:12:26 [INFO] < ESP32: 65535
2026-07-11 14:12:26 [INFO] < ESP32: 63488
2026-07-11 14:12:26 [INFO] < ESP32: 0
2026-07-11 14:12:26 [INFO] < ESP32: 2047
2026-07-11 14:12:26 [INFO] < ESP32: 65535
2026-07-11 14:12:26 [INFO] < ESP32: 63488
2026-07-11 14:12:26 [INFO] < ESP32: 0
2026-07-11 14:12:26 [INFO] < ESP32: 2047
2026-07-11 14:12:26 [INFO] < ESP32: 65535
2026-07-11 14:12:26 [INFO] < ESP32: 63488
2026-07-11 14:12:26 [INFO] < ESP32: 0
2026-07-11 14:12:26 [INFO] < ESP32: 0
2026-07-11 14:12:26 [INFO] < ESP32: 2047
2026-07-11 14:12:26 [INFO] < ESP32: 65535
2026-07-11 14:12:26 [INFO] < ESP32: 65535
2026-07-11 14:12:26 [INFO] < ESP32: 65535
2026-07-11 14:12:26 [INFO] < ESP32: 63488
2026-07-11 14:12:26 [INFO] < ESP32: 0
2026-07-11 14:12:26 [INFO] < ESP32: 0
2026-07-11 14:12:26 [INFO] < ESP32: 0
2026-07-11 14:12:26 [INFO] < ESP32: 0
2026-07-11 14:12:26 [INFO] < ESP32: 2047
2026-07-11 14:12:26 [INFO] < ESP32: 65535
2026-07-11 14:12:26 [INFO] < ESP32: 63488
2026-07-11 14:12:26 [INFO] < ESP32: 0
2026-07-11 14:12:26 [INFO] < ESP32: 0
2026-07-11 14:12:26 [INFO] < ESP32: 0
2026-07-11 14:12:26 [INFO] < ESP32: 0
2026-07-11 14:12:26 [INFO] < ESP32: 0
2026-07-11 14:12:26 [INFO] < ESP32: 0
2026-07-11 14:12:26 [INFO] < ESP32: 0
2026-07-11 14:12:26 [INFO] < ESP32: 0
2026-07-11 14:12:26 [INFO] < ESP32: 0
2026-07-11 14:12:26 [INFO] < ESP32: 0
2026-07-11 14:12:26 [INFO] < ESP32: 0
2026-07-11 14:12:26 [INFO] < ESP32: 0
2026-07-11 14:12:26 [INFO] < ESP32: 0
2026-07-11 14:12:26 [INFO] < ESP32: 0
2026-07-11 14:12:26 [INFO] < ESP32: 0
2026-07-11 14:12:26 [INFO] < ESP32: 0
2026-07-11 14:12:26 [INFO] < ESP32: 0
2026-07-11 14:12:26 [INFO] < ESP32: 0
2026-07-11 14:12:26 [INFO] < ESP32: 0
2026-07-11 14:12:26 [INFO] < ESP32: 0
2026-07-11 14:12:26 [INFO] < ESP32: 0
2026-07-11 14:12:26 [INFO] < ESP32: 0
2026-07-11 14:12:26 [INFO] < ESP32: 0
2026-07-11 14:12:26 [INFO] < ESP32: 0
2026-07-11 14:12:26 [INFO] < ESP32: 0
2026-07-11 14:12:26 [INFO] < ESP32: 0
2026-07-11 14:12:26 [INFO] < ESP32: 0
2026-07-11 14:12:26 [INFO] < ESP32: 0
2026-07-11 14:12:26 [INFO] < ESP32: 2047
2026-07-11 14:12:26 [INFO] < ESP32: 65535
2026-07-11 14:12:26 [INFO] < ESP32: 65535
2026-07-11 14:12:26 [INFO] < ESP32: 65535
2026-07-11 14:12:26 [INFO] < ESP32: 63488
2026-07-11 14:12:26 [INFO] < ESP32: 0
2026-07-11 14:12:26 [INFO] < ESP32: 0
2026-07-11 14:12:26 [INFO] < ESP32: 2047
2026-07-11 14:12:26 [INFO] < ESP32: 65535
2026-07-11 14:12:26 [INFO] < ESP32: 63488
2026-07-11 14:12:26 [INFO] < ESP32: 0
2026-07-11 14:12:26 [INFO] < ESP32: 2047
2026-07-11 14:12:26 [INFO] < ESP32: 65535
2026-07-11 14:12:26 [INFO] < ESP32: 63488
2026-07-11 14:12:26 [INFO] < ESP32: 0
2026-07-11 14:12:26 [INFO] < ESP32: 2047
2026-07-11 14:12:26 [INFO] < ESP32: 65535
2026-07-11 14:12:26 [INFO] < ESP32: 65535
2026-07-11 14:12:26 [INFO] < ESP32: 65535
2026-07-11 14:12:26 [INFO] < ESP32: 65535
2026-07-11 14:12:26 [INFO] < ESP32: 65535
2026-07-11 14:12:26 [INFO] < ESP32: 63488
2026-07-11 14:12:26 [INFO] < ESP32: 0
2026-07-11 14:12:26 [INFO] < ESP32: 2047
2026-07-11 14:12:26 [INFO] < ESP32: 65535
2026-07-11 14:12:26 [INFO] < ESP32: 63488
2026-07-11 14:12:26 [INFO] < ESP32: 0
2026-07-11 14:12:26 [INFO] < ESP32: 0
2026-07-11 14:12:26 [INFO] < ESP32: 0
2026-07-11 14:12:26 [INFO] < ESP32: 0
2026-07-11 14:12:26 [INFO] < ESP32: 0
2026-07-11 14:12:26 [INFO] < ESP32: 0
2026-07-11 14:12:26 [INFO] < ESP32: 2047
2026-07-11 14:12:26 [INFO] < ESP32: 65535
2026-07-11 14:12:26 [INFO] < ESP32: 65535
2026-07-11 14:12:26 [INFO] < ESP32: 65535
2026-07-11 14:12:26 [INFO] < ESP32: 63488
2026-07-11 14:12:26 [INFO] < ESP32: 0
2026-07-11 14:12:26 [INFO] < ESP32: 0
2026-07-11 14:12:26 [INFO] < ESP32: 0
2026-07-11 14:12:26 [INFO] < ESP32: 0
2026-07-11 14:12:26 [INFO] < ESP32: 0
2026-07-11 14:12:26 [INFO] < ESP32: 0
2026-07-11 14:12:26 [INFO] < ESP32: 0
2026-07-11 14:12:26 [INFO] < ESP32: 0
2026-07-11 14:12:26 [INFO] < ESP32: 0
2026-07-11 14:12:26 [INFO] < ESP32: 0
2026-07-11 14:12:26 [INFO] < ESP32: 0
2026-07-11 14:12:26 [INFO] < ESP32: 0
2026-07-11 14:12:26 [INFO] < ESP32: 0
2026-07-11 14:12:26 [INFO] < ESP32: 2047
2026-07-11 14:12:26 [INFO] < ESP32: 65535
2026-07-11 14:12:26 [INFO] < ESP32: 65535
2026-07-11 14:12:26 [INFO] < ESP32: 63488
2026-07-11 14:12:26 [INFO] < ESP32: 0
2026-07-11 14:12:26 [INFO] < ESP32: 0
2026-07-11 14:12:26 [INFO] < ESP32: 0
2026-07-11 14:12:26 [INFO] < ESP32: 0
2026-07-11 14:12:26 [INFO] < ESP32: 0
2026-07-11 14:12:26 [INFO] < ESP32: 2047
2026-07-11 14:12:26 [INFO] < ESP32: 65535
2026-07-11 14:12:26 [INFO] < ESP32: 63488
2026-07-11 14:12:26 [INFO] < ESP32: 0
2026-07-11 14:12:26 [INFO] < ESP32: 0
2026-07-11 14:12:26 [INFO] < ESP32: 0
2026-07-11 14:12:26 [INFO] < ESP32: 0
2026-07-11 14:12:26 [INFO] < ESP32: 0
2026-07-11 14:12:26 [INFO] < ESP32: 2047
2026-07-11 14:12:26 [INFO] < ESP32: 65535
2026-07-11 14:12:26 [INFO] < ESP32: 63488
2026-07-11 14:12:26 [INFO] < ESP32: 0
2026-07-11 14:12:26 [INFO] < ESP32: 0
2026-07-11 14:12:26 [INFO] < ESP32: 2047
2026-07-11 14:12:26 [INFO] < ESP32: 65535
2026-07-11 14:12:26 [INFO] < ESP32: 65535
2026-07-11 14:12:26 [INFO] < ESP32: 65535
2026-07-11 14:12:26 [INFO] < ESP32: 65535
2026-07-11 14:12:26 [INFO] < ESP32: 63488
2026-07-11 14:12:26 [INFO] < ESP32: 0
2026-07-11 14:12:26 [INFO] < ESP32: 2047
2026-07-11 14:12:26 [INFO] < ESP32: 65535
2026-07-11 14:12:26 [INFO] < ESP32: 63488
2026-07-11 14:12:26 [INFO] < ESP32: 0
2026-07-11 14:12:26 [INFO] < ESP32: 2047
2026-07-11 14:12:26 [INFO] < ESP32: 65535
2026-07-11 14:12:26 [INFO] < ESP32: 63488
2026-07-11 14:12:26 [INFO] < ESP32: 0
2026-07-11 14:12:26 [INFO] < ESP32: 2047
2026-07-11 14:12:26 [INFO] < ESP32: 65535
2026-07-11 14:12:26 [INFO] < ESP32: 63488
2026-07-11 14:12:26 [INFO] < ESP32: 0
2026-07-11 14:12:26 [INFO] < ESP32: 2047
2026-07-11 14:12:26 [INFO] < ESP32: 65535
2026-07-11 14:12:26 [INFO] < ESP32: 63488
2026-07-11 14:12:26 [INFO] < ESP32: 0
2026-07-11 14:12:26 [INFO] < ESP32: 0
2026-07-11 14:12:26 [INFO] < ESP32: 2047
2026-07-11 14:12:26 [INFO] < ESP32: 65535
2026-07-11 14:12:26 [INFO] < ESP32: 65535
2026-07-11 14:12:26 [INFO] < ESP32: 63488
2026-07-11 14:12:26 [INFO] < ESP32: 2047
2026-07-11 14:12:26 [INFO] < ESP32: 65535
2026-07-11 14:12:26 [INFO] < ESP32: 63488
2026-07-11 14:12:26 [INFO] < ESP32: 0
2026-07-11 14:12:26 [INFO] < ESP32: 0
2026-07-11 14:12:26 [INFO] < ESP32: 0
2026-07-11 14:12:26 [INFO] < ESP32: 0
2026-07-11 14:12:26 [INFO] < ESP32: 0
2026-07-11 14:12:26 [INFO] < ESP32: 0
2026-07-11 14:12:26 [INFO] < ESP32: 0
2026-07-11 14:12:26 [INFO] < ESP32: 0
2026-07-11 14:12:26 [INFO] < ESP32: 0
2026-07-11 14:12:26 [INFO] < ESP32: 0
2026-07-11 14:12:26 [INFO] < ESP32: 0
2026-07-11 14:12:26 [INFO] < ESP32: 0
2026-07-11 14:12:26 [INFO] < ESP32: 0
2026-07-11 14:12:26 [INFO] < ESP32: 0
2026-07-11 14:12:26 [INFO] < ESP32: 0
2026-07-11 14:12:26 [INFO] < ESP32: 0
2026-07-11 14:12:26 [INFO] < ESP32: 0
2026-07-11 14:12:26 [INFO] < ESP32: 0
2026-07-11 14:12:26 [INFO] < ESP32: 2047
2026-07-11 14:12:26 [INFO] < ESP32: 65535
2026-07-11 14:12:26 [INFO] < ESP32: 63488
2026-07-11 14:12:26 [INFO] < ESP32: 0
2026-07-11 14:12:26 [INFO] < ESP32: 0
2026-07-11 14:12:26 [INFO] < ESP32: 0
2026-07-11 14:12:26 [INFO] < ESP32: 0
2026-07-11 14:12:26 [INFO] < ESP32: 0
2026-07-11 14:12:26 [INFO] < ESP32: 2047
2026-07-11 14:12:26 [INFO] < ESP32: 65535
2026-07-11 14:12:26 [INFO] < ESP32: 63488
2026-07-11 14:12:26 [INFO] < ESP32: 0
2026-07-11 14:12:26 [INFO] < ESP32: 0
2026-07-11 14:12:26 [INFO] < ESP32: 0
2026-07-11 14:12:26 [INFO] < ESP32: 0
2026-07-11 14:12:26 [INFO] < ESP32: 0
2026-07-11 14:12:26 [INFO] < ESP32: 0
2026-07-11 14:12:26 [INFO] < ESP32: 0
2026-07-11 14:12:26 [INFO] < ESP32: 0
2026-07-11 14:12:26 [INFO] < ESP32: 0
2026-07-11 14:12:26 [INFO] < ESP32: 0
2026-07-11 14:12:26 [INFO] < ESP32: 0
2026-07-11 14:12:26 [INFO] < ESP32: 0
2026-07-11 14:12:26 [INFO] < ESP32: 0
2026-07-11 14:12:26 [INFO] < ESP32: 0
2026-07-11 14:12:26 [INFO] < ESP32: 0
2026-07-11 14:12:26 [INFO] < ESP32: 0
2026-07-11 14:12:26 [INFO] < ESP32: 0
2026-07-11 14:12:26 [INFO] < ESP32: 0
2026-07-11 14:12:26 [INFO] < ESP32: 0
2026-07-11 14:12:26 [INFO] < ESP32: 0
2026-07-11 14:12:26 [INFO] < ESP32: 0
2026-07-11 14:12:26 [INFO] < ESP32: 2047
2026-07-11 14:12:26 [INFO] < ESP32: 65535
2026-07-11 14:12:26 [INFO] < ESP32: 63488
2026-07-11 14:12:26 [INFO] < ESP32: 0
2026-07-11 14:12:26 [INFO] < ESP32: 0
2026-07-11 14:12:26 [INFO] < ESP32: 0
2026-07-11 14:12:26 [INFO] < ESP32: 0
2026-07-11 14:12:26 [INFO] < ESP32: 0
2026-07-11 14:12:26 [INFO] < ESP32: 2047
2026-07-11 14:12:26 [INFO] < ESP32: 65535
2026-07-11 14:12:26 [INFO] < ESP32: 63488
2026-07-11 14:12:26 [INFO] < ESP32: 0
2026-07-11 14:12:26 [INFO] < ESP32: 0
2026-07-11 14:12:26 [INFO] < ESP32: 0
2026-07-11 14:12:26 [INFO] < ESP32: 0
2026-07-11 14:12:26 [INFO] < ESP32: 0
2026-07-11 14:12:26 [INFO] < ESP32: 0
2026-07-11 14:12:26 [INFO] < ESP32: 0
2026-07-11 14:12:26 [INFO] < ESP32: 0
2026-07-11 14:12:26 [INFO] < ESP32: 0
2026-07-11 14:12:26 [INFO] < ESP32: 0
2026-07-11 14:12:26 [INFO] < ESP32: 0
2026-07-11 14:12:26 [INFO] < ESP32: 0
2026-07-11 14:12:26 [INFO] < ESP32: 0
2026-07-11 14:12:26 [INFO] < ESP32: 0
2026-07-11 14:12:26 [INFO] < ESP32: 0
2026-07-11 14:12:26 [INFO] < ESP32: 0
2026-07-11 14:12:26 [INFO] < ESP32: 0
2026-07-11 14:12:26 [INFO] < ESP32: 0
2026-07-11 14:12:26 [INFO] < ESP32: 0
2026-07-11 14:12:26 [INFO] < ESP32: 0
2026-07-11 14:12:26 [INFO] < ESP32: 0
2026-07-11 14:12:26 [INFO] < ESP32: 0
2026-07-11 14:12:26 [INFO] < ESP32: 0
2026-07-11 14:12:26 [INFO] < ESP32: 0
2026-07-11 14:12:26 [INFO] < ESP32: 0
2026-07-11 14:12:26 [INFO] < ESP32: 0
2026-07-11 14:12:26 [INFO] < ESP32: 0
2026-07-11 14:12:26 [INFO] < ESP32: 0
2026-07-11 14:12:26 [INFO] < ESP32: 0
2026-07-11 14:12:26 [INFO] < ESP32: 0
2026-07-11 14:12:26 [INFO] < ESP32: 0
2026-07-11 14:12:26 [INFO] < ESP32: 0
2026-07-11 14:12:26 [INFO] < ESP32: 0
2026-07-11 14:12:26 [INFO] < ESP32: 0
2026-07-11 14:12:26 [INFO] < ESP32: 0
2026-07-11 14:12:26 [INFO] < ESP32: 0
2026-07-11 14:12:26 [INFO] < ESP32: 0
2026-07-11 14:12:26 [INFO] < ESP32: 0
2026-07-11 14:12:26 [INFO] < ESP32: 0
2026-07-11 14:12:26 [INFO] < ESP32: 0
2026-07-11 14:12:26 [INFO] < ESP32: 0
2026-07-11 14:12:26 [INFO] < ESP32: 0
2026-07-11 14:12:27 [INFO] < ESP32: 0
2026-07-11 14:12:27 [INFO] > Sent: DOWN:s
2026-07-11 14:12:27 [INFO] < ESP32: 0
2026-07-11 14:12:27 [INFO] < ESP32: 0
2026-07-11 14:12:27 [INFO] < ESP32: 0
2026-07-11 14:12:27 [INFO] < ESP32: 0
2026-07-11 14:12:27 [INFO] < ESP32: 0
2026-07-11 14:12:27 [INFO] < ESP32: 0
2026-07-11 14:12:27 [INFO] < ESP32: 0
2026-07-11 14:12:27 [INFO] < ESP32: 0
2026-07-11 14:12:27 [INFO] < ESP32: 0
2026-07-11 14:12:27 [INFO] < ESP32: 0
2026-07-11 14:12:27 [INFO] < ESP32: 0
2026-07-11 14:12:27 [INFO] < ESP32: 0
2026-07-11 14:12:27 [INFO] < ESP32: 0
2026-07-11 14:12:27 [INFO] < ESP32: 0
2026-07-11 14:12:27 [INFO] < ESP32: 0
2026-07-11 14:12:27 [INFO] < ESP32: 0
2026-07-11 14:12:27 [INFO] < ESP32: 0
2026-07-11 14:12:27 [INFO] < ESP32: 0
2026-07-11 14:12:27 [INFO] < ESP32: 0
2026-07-11 14:12:27 [INFO] < ESP32: 0
2026-07-11 14:12:27 [INFO] < ESP32: 0
2026-07-11 14:12:27 [INFO] < ESP32: 0
2026-07-11 14:12:27 [INFO] < ESP32: 0
2026-07-11 14:12:27 [INFO] < ESP32: 0
2026-07-11 14:12:27 [INFO] < ESP32: 0
2026-07-11 14:12:27 [INFO] < ESP32: 0
2026-07-11 14:12:27 [INFO] < ESP32: 0
2026-07-11 14:12:27 [INFO] < ESP32: 0
2026-07-11 14:12:27 [INFO] < ESP32: 0
2026-07-11 14:12:27 [INFO] < ESP32: 0
2026-07-11 14:12:27 [INFO] < ESP32: 0
2026-07-11 14:12:27 [INFO] < ESP32: 0
2026-07-11 14:12:27 [INFO] < ESP32: 0
2026-07-11 14:12:27 [INFO] < ESP32: 0
2026-07-11 14:12:27 [INFO] < ESP32: 0
2026-07-11 14:12:27 [INFO] < ESP32: 2047
2026-07-11 14:12:27 [INFO] < ESP32: 65535
2026-07-11 14:12:27 [INFO] < ESP32: 65535
2026-07-11 14:12:27 [INFO] < ESP32: 63488
2026-07-11 14:12:27 [INFO] < ESP32: 0
2026-07-11 14:12:27 [INFO] < ESP32: 0
2026-07-11 14:12:27 [INFO] < ESP32: 0
2026-07-11 14:12:27 [INFO] < ESP32: 0
2026-07-11 14:12:27 [INFO] < ESP32: 0
2026-07-11 14:12:27 [INFO] < ESP32: 2047
2026-07-11 14:12:27 [INFO] < ESP32: 65535
2026-07-11 14:12:27 [INFO] < ESP32: 63488
2026-07-11 14:12:27 [INFO] < ESP32: 0
2026-07-11 14:12:27 [INFO] < ESP32: 2047
2026-07-11 14:12:27 [INFO] < ESP32: 65535
2026-07-11 14:12:27 [INFO] < ESP32: 65535
2026-07-11 14:12:27 [INFO] < ESP32: 65535
2026-07-11 14:12:27 [INFO] < ESP32: 65535
2026-07-11 14:12:27 [INFO] < ESP32: 65535
2026-07-11 14:12:27 [INFO] < ESP32: 65535
2026-07-11 14:12:27 [INFO] < ESP32: 63488
2026-07-11 14:12:27 [INFO] < ESP32: 2047
2026-07-11 14:12:27 [INFO] < ESP32: 65535
2026-07-11 14:12:27 [INFO] < ESP32: 65535
2026-07-11 14:12:27 [INFO] < ESP32: 65535
2026-07-11 14:12:27 [INFO] < ESP32: 65535
2026-07-11 14:12:27 [INFO] < ESP32: 65535
2026-07-11 14:12:27 [INFO] < ESP32: 65535
2026-07-11 14:12:27 [INFO] < ESP32: 63488
2026-07-11 14:12:27 [INFO] < ESP32: 2047
2026-07-11 14:12:27 [INFO] < ESP32: 65535
2026-07-11 14:12:27 [INFO] < ESP32: 65535
2026-07-11 14:12:27 [INFO] < ESP32: 65535
2026-07-11 14:12:27 [INFO] < ESP32: 65535
2026-07-11 14:12:27 [INFO] < ESP32: 65535
2026-07-11 14:12:27 [INFO] < ESP32: 65535
2026-07-11 14:12:27 [INFO] < ESP32: 63488
2026-07-11 14:12:27 [INFO] < ESP32: 2047
2026-07-11 14:12:27 [INFO] < ESP32: 65535
2026-07-11 14:12:27 [INFO] < ESP32: 65535
2026-07-11 14:12:27 [INFO] < ESP32: 65535
2026-07-11 14:12:27 [INFO] < ESP32: 65535
2026-07-11 14:12:27 [INFO] < ESP32: 65535
2026-07-11 14:12:27 [INFO] < ESP32: 65535
2026-07-11 14:12:27 [INFO] < ESP32: 63488
2026-07-11 14:12:27 [INFO] < ESP32: 2047
2026-07-11 14:12:27 [INFO] < ESP32: 65535
2026-07-11 14:12:27 [INFO] < ESP32: 65535
2026-07-11 14:12:27 [INFO] < ESP32: 65535
2026-07-11 14:12:27 [INFO] < ESP32: 65535
2026-07-11 14:12:27 [INFO] < ESP32: 65535
2026-07-11 14:12:27 [INFO] < ESP32: 65535
2026-07-11 14:12:27 [INFO] < ESP32: 63488
2026-07-11 14:12:27 [INFO] < ESP32: 0
2026-07-11 14:12:27 [INFO] < ESP32: 0
2026-07-11 14:12:27 [INFO] < ESP32: 0
2026-07-11 14:12:27 [INFO] < ESP32: 0
2026-07-11 14:12:27 [INFO] < ESP32: 0
2026-07-11 14:12:27 [INFO] < ESP32: 0
2026-07-11 14:12:27 [INFO] < ESP32: 0
2026-07-11 14:12:27 [INFO] < ESP32: 0
2026-07-11 14:12:27 [INFO] < ESP32: 0
2026-07-11 14:12:27 [INFO] < ESP32: 0
2026-07-11 14:12:27 [INFO] < ESP32: 0
2026-07-11 14:12:27 [INFO] < ESP32: 0
2026-07-11 14:12:27 [INFO] < ESP32: 0
2026-07-11 14:12:27 [INFO] < ESP32: 0
2026-07-11 14:12:27 [INFO] < ESP32: 0
2026-07-11 14:12:27 [INFO] < ESP32: 0
2026-07-11 14:12:27 [INFO] < ESP32: 0
2026-07-11 14:12:27 [INFO] < ESP32: 0
2026-07-11 14:12:27 [INFO] < ESP32: 0
2026-07-11 14:12:27 [INFO] < ESP32: 0
2026-07-11 14:12:27 [INFO] < ESP32: 0
2026-07-11 14:12:27 [INFO] < ESP32: 0
2026-07-11 14:12:27 [INFO] < ESP32: 0
2026-07-11 14:12:27 [INFO] < ESP32: 0
2026-07-11 14:12:27 [INFO] < ESP32: 0
2026-07-11 14:12:27 [INFO] < ESP32: 0
2026-07-11 14:12:27 [INFO] < ESP32: 0
2026-07-11 14:12:27 [INFO] < ESP32: 0
2026-07-11 14:12:27 [INFO] < ESP32: 0
2026-07-11 14:12:27 [INFO] < ESP32: 0
2026-07-11 14:12:27 [INFO] < ESP32: 0
2026-07-11 14:12:27 [INFO] < ESP32: 0
2026-07-11 14:12:27 [INFO] < ESP32: 0
2026-07-11 14:12:27 [INFO] < ESP32: 0
2026-07-11 14:12:27 [INFO] < ESP32: 0
2026-07-11 14:12:27 [INFO] < ESP32: 0
2026-07-11 14:12:27 [INFO] < ESP32: 0
2026-07-11 14:12:27 [INFO] < ESP32: 0
2026-07-11 14:12:27 [INFO] < ESP32: 0
2026-07-11 14:12:27 [INFO] < ESP32: 0
2026-07-11 14:12:27 [INFO] < ESP32: 0
2026-07-11 14:12:27 [INFO] < ESP32: 0
2026-07-11 14:12:27 [INFO] < ESP32: 0
2026-07-11 14:12:27 [INFO] < ESP32: 0
2026-07-11 14:12:27 [INFO] < ESP32: 0
2026-07-11 14:12:27 [INFO] < ESP32: 0
2026-07-11 14:12:27 [INFO] < ESP32: 0
2026-07-11 14:12:27 [INFO] < ESP32: 0
2026-07-11 14:12:27 [INFO] < ESP32: 0
2026-07-11 14:12:27 [INFO] < ESP32: 0
2026-07-11 14:12:27 [INFO] < ESP32: 0
2026-07-11 14:12:27 [INFO] < ESP32: 0
2026-07-11 14:12:27 [INFO] < ESP32: 0
2026-07-11 14:12:27 [INFO] < ESP32: 0
2026-07-11 14:12:27 [INFO] < ESP32: 0
2026-07-11 14:12:27 [INFO] < ESP32: 0
2026-07-11 14:12:27 [INFO] < ESP32: 0
2026-07-11 14:12:27 [INFO] < ESP32: 0
2026-07-11 14:12:27 [INFO] < ESP32: 0
2026-07-11 14:12:27 [INFO] < ESP32: 0
2026-07-11 14:12:27 [INFO] < ESP32: 0
2026-07-11 14:12:27 [INFO] < ESP32: 0
2026-07-11 14:12:27 [INFO] < ESP32: 0
2026-07-11 14:12:27 [INFO] < ESP32: 0
2026-07-11 14:12:27 [INFO] < ESP32: 0
2026-07-11 14:12:27 [INFO] < ESP32: 0
2026-07-11 14:12:27 [INFO] < ESP32: 0
2026-07-11 14:12:27 [INFO] < ESP32: 0
2026-07-11 14:12:27 [INFO] < ESP32: 0
2026-07-11 14:12:27 [INFO] < ESP32: 0
2026-07-11 14:12:27 [INFO] < ESP32: 0
2026-07-11 14:12:27 [INFO] < ESP32: 0
2026-07-11 14:12:27 [INFO] < ESP32: 2047
2026-07-11 14:12:27 [INFO] < ESP32: 65535
2026-07-11 14:12:27 [INFO] < ESP32: 65535
2026-07-11 14:12:27 [INFO] < ESP32: 65535
2026-07-11 14:12:27 [INFO] < ESP32: 65535
2026-07-11 14:12:27 [INFO] < ESP32: 63488
2026-07-11 14:12:27 [INFO] < ESP32: 0
2026-07-11 14:12:27 [INFO] < ESP32: 0
2026-07-11 14:12:27 [INFO] < ESP32: 0
2026-07-11 14:12:27 [INFO] < ESP32: 2047
2026-07-11 14:12:27 [INFO] < ESP32: 65535
2026-07-11 14:12:27 [INFO] < ESP32: 63488
2026-07-11 14:12:27 [INFO] < ESP32: 2047
2026-07-11 14:12:27 [INFO] < ESP32: 65535
2026-07-11 14:12:27 [INFO] < ESP32: 63488
2026-07-11 14:12:27 [INFO] < ESP32: 0
2026-07-11 14:12:27 [INFO] < ESP32: 0
2026-07-11 14:12:27 [INFO] < ESP32: 2047
2026-07-11 14:12:27 [INFO] < ESP32: 65535
2026-07-11 14:12:27 [INFO] < ESP32: 63488
2026-07-11 14:12:27 [INFO] < ESP32: 0
2026-07-11 14:12:27 [INFO] < ESP32: 2047
2026-07-11 14:12:27 [INFO] < ESP32: 65535
2026-07-11 14:12:27 [INFO] < ESP32: 63488
2026-07-11 14:12:27 [INFO] < ESP32: 0
2026-07-11 14:12:27 [INFO] < ESP32: 2047
2026-07-11 14:12:27 [INFO] < ESP32: 65535
2026-07-11 14:12:27 [INFO] < ESP32: 63488
2026-07-11 14:12:27 [INFO] < ESP32: 0
2026-07-11 14:12:27 [INFO] < ESP32: 2047
2026-07-11 14:12:27 [INFO] < ESP32: 65535
2026-07-11 14:12:27 [INFO] < ESP32: 63488
2026-07-11 14:12:27 [INFO] < ESP32: 0
2026-07-11 14:12:27 [INFO] < ESP32: 2047
2026-07-11 14:12:27 [INFO] < ESP32: 65535
2026-07-11 14:12:27 [INFO] < ESP32: 63488
2026-07-11 14:12:27 [INFO] < ESP32: 0
2026-07-11 14:12:27 [INFO] < ESP32: 2047
2026-07-11 14:12:27 [INFO] < ESP32: 65535
2026-07-11 14:12:27 [INFO] < ESP32: 63488
2026-07-11 14:12:27 [INFO] < ESP32: 0
2026-07-11 14:12:27 [INFO] < ESP32: 2047
2026-07-11 14:12:27 [INFO] < ESP32: 65535
2026-07-11 14:12:27 [INFO] < ESP32: 63488
2026-07-11 14:12:27 [INFO] < ESP32: 2047
2026-07-11 14:12:27 [INFO] < ESP32: 65535
2026-07-11 14:12:27 [INFO] < ESP32: 63488
2026-07-11 14:12:27 [INFO] < ESP32: 0
2026-07-11 14:12:27 [INFO] < ESP32: 2047
2026-07-11 14:12:27 [INFO] < ESP32: 65535
2026-07-11 14:12:27 [INFO] < ESP32: 65535
2026-07-11 14:12:27 [INFO] < ESP32: 65535
2026-07-11 14:12:27 [INFO] < ESP32: 65535
2026-07-11 14:12:27 [INFO] < ESP32: 63488
2026-07-11 14:12:27 [INFO] < ESP32: 0
2026-07-11 14:12:27 [INFO] < ESP32: 0
2026-07-11 14:12:27 [INFO] < ESP32: 0
2026-07-11 14:12:27 [INFO] < ESP32: 0
2026-07-11 14:12:27 [INFO] < ESP32: 0
2026-07-11 14:12:27 [INFO] < ESP32: 0
2026-07-11 14:12:27 [INFO] < ESP32: 0
2026-07-11 14:12:27 [INFO] < ESP32: 0
2026-07-11 14:12:27 [INFO] < ESP32: 0
2026-07-11 14:12:27 [INFO] < ESP32: 0
2026-07-11 14:12:27 [INFO] < ESP32: 0
2026-07-11 14:12:27 [INFO] < ESP32: 0
2026-07-11 14:12:27 [INFO] < ESP32: 0
2026-07-11 14:12:27 [INFO] < ESP32: 0
2026-07-11 14:12:27 [INFO] < ESP32: 0
2026-07-11 14:12:27 [INFO] < ESP32: 0
2026-07-11 14:12:27 [INFO] < ESP32: 0
2026-07-11 14:12:27 [INFO] < ESP32: 0
2026-07-11 14:12:27 [INFO] < ESP32: 0
2026-07-11 14:12:27 [INFO] < ESP32: 0
2026-07-11 14:12:27 [INFO] < ESP32: 0
2026-07-11 14:12:27 [INFO] < ESP32: 0
2026-07-11 14:12:27 [INFO] < ESP32: 0
2026-07-11 14:12:27 [INFO] < ESP32: 0
2026-07-11 14:12:27 [INFO] < ESP32: 0
2026-07-11 14:12:27 [INFO] < ESP32: 0
2026-07-11 14:12:27 [INFO] < ESP32: 0
2026-07-11 14:12:27 [INFO] < ESP32: 2047
2026-07-11 14:12:27 [INFO] < ESP32: 65535
2026-07-11 14:12:27 [INFO] < ESP32: 65535
2026-07-11 14:12:27 [INFO] < ESP32: 65535
2026-07-11 14:12:27 [INFO] < ESP32: 63488
2026-07-11 14:12:27 [INFO] < ESP32: 0
2026-07-11 14:12:27 [INFO] < ESP32: 0
2026-07-11 14:12:27 [INFO] < ESP32: 2047
2026-07-11 14:12:27 [INFO] < ESP32: 65535
2026-07-11 14:12:27 [INFO] < ESP32: 63488
2026-07-11 14:12:27 [INFO] < ESP32: 0
2026-07-11 14:12:27 [INFO] < ESP32: 2047
2026-07-11 14:12:27 [INFO] < ESP32: 65535
2026-07-11 14:12:27 [INFO] < ESP32: 63488
2026-07-11 14:12:27 [INFO] < ESP32: 0
2026-07-11 14:12:27 [INFO] < ESP32: 2047
2026-07-11 14:12:27 [INFO] < ESP32: 65535
2026-07-11 14:12:27 [INFO] < ESP32: 63488
2026-07-11 14:12:27 [INFO] < ESP32: 0
2026-07-11 14:12:27 [INFO] < ESP32: 2047
2026-07-11 14:12:27 [INFO] < ESP32: 65535
2026-07-11 14:12:27 [INFO] < ESP32: 63488
2026-07-11 14:12:27 [INFO] < ESP32: 0
2026-07-11 14:12:27 [INFO] < ESP32: 2047
2026-07-11 14:12:27 [INFO] < ESP32: 65535
2026-07-11 14:12:27 [INFO] < ESP32: 63488
2026-07-11 14:12:27 [INFO] < ESP32: 0
2026-07-11 14:12:27 [INFO] < ESP32: 2047
2026-07-11 14:12:27 [INFO] < ESP32: 65535
2026-07-11 14:12:27 [INFO] < ESP32: 63488
2026-07-11 14:12:27 [INFO] < ESP32: 0
2026-07-11 14:12:27 [INFO] < ESP32: 0
2026-07-11 14:12:27 [INFO] < ESP32: 2047
2026-07-11 14:12:27 [INFO] < ESP32: 65535
2026-07-11 14:12:27 [INFO] < ESP32: 65535
2026-07-11 14:12:27 [INFO] < ESP32: 65535
2026-07-11 14:12:27 [INFO] < ESP32: 63488
2026-07-11 14:12:27 [INFO] < ESP32: 0
2026-07-11 14:12:27 [INFO] < ESP32: 0
2026-07-11 14:12:27 [INFO] < ESP32: 0
2026-07-11 14:12:27 [INFO] < ESP32: 0
2026-07-11 14:12:27 [INFO] < ESP32: 0
2026-07-11 14:12:27 [INFO] < ESP32: 0
2026-07-11 14:12:27 [INFO] < ESP32: 0
2026-07-11 14:12:27 [INFO] > Sent: UP:s
2026-07-11 14:12:27 [INFO] < ESP32: 0
2026-07-11 14:12:27 [INFO] < ESP32: 0
2026-07-11 14:12:27 [INFO] < ESP32: 0
2026-07-11 14:12:27 [INFO] < ESP32: 0
2026-07-11 14:12:27 [INFO] < ESP32: 0
2026-07-11 14:12:27 [INFO] < ESP32: 0
2026-07-11 14:12:27 [INFO] < ESP32: 0
2026-07-11 14:12:27 [INFO] < ESP32: 0
2026-07-11 14:12:27 [INFO] < ESP32: 0
2026-07-11 14:12:27 [INFO] < ESP32: 0
2026-07-11 14:12:27 [INFO] < ESP32: 0
2026-07-11 14:12:27 [INFO] < ESP32: 0
2026-07-11 14:12:27 [INFO] < ESP32: 0
2026-07-11 14:12:27 [INFO] < ESP32: 0
2026-07-11 14:12:27 [INFO] < ESP32: 0
2026-07-11 14:12:27 [INFO] < ESP32: 0
2026-07-11 14:12:27 [INFO] < ESP32: 0
2026-07-11 14:12:27 [INFO] < ESP32: 0
2026-07-11 14:12:27 [INFO] < ESP32: 0
2026-07-11 14:12:27 [INFO] < ESP32: 2047
2026-07-11 14:12:27 [INFO] < ESP32: 65535
2026-07-11 14:12:27 [INFO] < ESP32: 63488
2026-07-11 14:12:27 [INFO] < ESP32: 0
2026-07-11 14:12:27 [INFO] < ESP32: 0
2026-07-11 14:12:27 [INFO] < ESP32: 2047
2026-07-11 14:12:27 [INFO] < ESP32: 65535
2026-07-11 14:12:27 [INFO] < ESP32: 63488
2026-07-11 14:12:27 [INFO] < ESP32: 2047
2026-07-11 14:12:27 [INFO] < ESP32: 65535
2026-07-11 14:12:27 [INFO] < ESP32: 63488
2026-07-11 14:12:27 [INFO] < ESP32: 2047
2026-07-11 14:12:27 [INFO] < ESP32: 63488
2026-07-11 14:12:27 [INFO] < ESP32: 2047
2026-07-11 14:12:27 [INFO] < ESP32: 65535
2026-07-11 14:12:27 [INFO] < ESP32: 63488
2026-07-11 14:12:27 [INFO] < ESP32: 2047
2026-07-11 14:12:27 [INFO] < ESP32: 65535
2026-07-11 14:12:27 [INFO] < ESP32: 65535
2026-07-11 14:12:27 [INFO] < ESP32: 65535
2026-07-11 14:12:27 [INFO] < ESP32: 65535
2026-07-11 14:12:27 [INFO] < ESP32: 65535
2026-07-11 14:12:27 [INFO] < ESP32: 65535
2026-07-11 14:12:27 [INFO] < ESP32: 63488
2026-07-11 14:12:27 [INFO] < ESP32: 2047
2026-07-11 14:12:27 [INFO] < ESP32: 65535
2026-07-11 14:12:27 [INFO] < ESP32: 65535
2026-07-11 14:12:27 [INFO] < ESP32: 65535
2026-07-11 14:12:27 [INFO] < ESP32: 65535
2026-07-11 14:12:27 [INFO] < ESP32: 65535
2026-07-11 14:12:27 [INFO] < ESP32: 65535
2026-07-11 14:12:27 [INFO] < ESP32: 63488
2026-07-11 14:12:27 [INFO] < ESP32: 0
2026-07-11 14:12:27 [INFO] < ESP32: 2047
2026-07-11 14:12:27 [INFO] < ESP32: 65535
2026-07-11 14:12:27 [INFO] < ESP32: 63488
2026-07-11 14:12:27 [INFO] < ESP32: 2047
2026-07-11 14:12:27 [INFO] < ESP32: 65535
2026-07-11 14:12:27 [INFO] < ESP32: 63488
2026-07-11 14:12:27 [INFO] < ESP32: 0
2026-07-11 14:12:27 [INFO] < ESP32: 0
2026-07-11 14:12:27 [INFO] < ESP32: 0
2026-07-11 14:12:27 [INFO] < ESP32: 0
2026-07-11 14:12:27 [INFO] < ESP32: 0
2026-07-11 14:12:27 [INFO] < ESP32: 0
2026-07-11 14:12:27 [INFO] < ESP32: 0
2026-07-11 14:12:27 [INFO] < ESP32: 0
2026-07-11 14:12:27 [INFO] < ESP32: 0
2026-07-11 14:12:27 [INFO] < ESP32: 0
2026-07-11 14:12:27 [INFO] < ESP32: 0
2026-07-11 14:12:27 [INFO] < ESP32: 0
2026-07-11 14:12:27 [INFO] < ESP32: 0
2026-07-11 14:12:27 [INFO] < ESP32: 0
2026-07-11 14:12:27 [INFO] < ESP32: 0
2026-07-11 14:12:27 [INFO] < ESP32: 0
2026-07-11 14:12:27 [INFO] < ESP32: 0
2026-07-11 14:12:27 [INFO] < ESP32: 0
2026-07-11 14:12:27 [INFO] < ESP32: 0
2026-07-11 14:12:27 [INFO] < ESP32: 0
2026-07-11 14:12:27 [INFO] < ESP32: 0
2026-07-11 14:12:27 [INFO] < ESP32: 0
2026-07-11 14:12:27 [INFO] < ESP32: 0
2026-07-11 14:12:27 [INFO] < ESP32: 0
2026-07-11 14:12:27 [INFO] < ESP32: 0
2026-07-11 14:12:27 [INFO] < ESP32: 2047
2026-07-11 14:12:27 [INFO] < ESP32: 65535
2026-07-11 14:12:27 [INFO] < ESP32: 65535
2026-07-11 14:12:27 [INFO] < ESP32: 65535
2026-07-11 14:12:27 [INFO] < ESP32: 65535
2026-07-11 14:12:27 [INFO] < ESP32: 63488
2026-07-11 14:12:27 [INFO] < ESP32: 0
2026-07-11 14:12:27 [INFO] < ESP32: 0
2026-07-11 14:12:27 [INFO] < ESP32: 2047
2026-07-11 14:12:27 [INFO] < ESP32: 65535
2026-07-11 14:12:27 [INFO] < ESP32: 63488
2026-07-11 14:12:27 [INFO] < ESP32: 0
2026-07-11 14:12:27 [INFO] < ESP32: 2047
2026-07-11 14:12:27 [INFO] < ESP32: 65535
2026-07-11 14:12:27 [INFO] < ESP32: 63488
2026-07-11 14:12:27 [INFO] < ESP32: 0
2026-07-11 14:12:27 [INFO] < ESP32: 2047
2026-07-11 14:12:27 [INFO] < ESP32: 65535
2026-07-11 14:12:27 [INFO] < ESP32: 63488
2026-07-11 14:12:27 [INFO] < ESP32: 0
2026-07-11 14:12:27 [INFO] < ESP32: 2047
2026-07-11 14:12:27 [INFO] < ESP32: 65535
2026-07-11 14:12:27 [INFO] < ESP32: 63488
2026-07-11 14:12:27 [INFO] < ESP32: 0
2026-07-11 14:12:27 [INFO] < ESP32: 2047
2026-07-11 14:12:27 [INFO] < ESP32: 65535
2026-07-11 14:12:27 [INFO] < ESP32: 63488
2026-07-11 14:12:27 [INFO] < ESP32: 0
2026-07-11 14:12:27 [INFO] < ESP32: 2047
2026-07-11 14:12:27 [INFO] < ESP32: 65535
2026-07-11 14:12:27 [INFO] < ESP32: 63488
2026-07-11 14:12:27 [INFO] < ESP32: 0
2026-07-11 14:12:27 [INFO] < ESP32: 2047
2026-07-11 14:12:27 [INFO] < ESP32: 65535
2026-07-11 14:12:27 [INFO] < ESP32: 63488
2026-07-11 14:12:27 [INFO] < ESP32: 0
2026-07-11 14:12:27 [INFO] < ESP32: 2047
2026-07-11 14:12:27 [INFO] < ESP32: 65535
2026-07-11 14:12:27 [INFO] < ESP32: 63488
2026-07-11 14:12:27 [INFO] < ESP32: 0
2026-07-11 14:12:27 [INFO] < ESP32: 0
2026-07-11 14:12:27 [INFO] < ESP32: 0
2026-07-11 14:12:27 [INFO] < ESP32: 0
2026-07-11 14:12:27 [INFO] < ESP32: 0
2026-07-11 14:12:27 [INFO] < ESP32: 0
2026-07-11 14:12:27 [INFO] < ESP32: 0
2026-07-11 14:12:27 [INFO] < ESP32: 0
2026-07-11 14:12:27 [INFO] < ESP32: 0
2026-07-11 14:12:27 [INFO] < ESP32: 2047
2026-07-11 14:12:27 [INFO] < ESP32: 65535
2026-07-11 14:12:27 [INFO] < ESP32: 65535
2026-07-11 14:12:27 [INFO] < ESP32: 65535
2026-07-11 14:12:27 [INFO] < ESP32: 65535
2026-07-11 14:12:27 [INFO] < ESP32: 65535
2026-07-11 14:12:27 [INFO] < ESP32: 63488
2026-07-11 14:12:27 [INFO] < ESP32: 0
2026-07-11 14:12:27 [INFO] < ESP32: 0
2026-07-11 14:12:27 [INFO] < ESP32: 2047
2026-07-11 14:12:27 [INFO] < ESP32: 65535
2026-07-11 14:12:27 [INFO] < ESP32: 63488
2026-07-11 14:12:27 [INFO] < ESP32: 0
2026-07-11 14:12:27 [INFO] < ESP32: 2047
2026-07-11 14:12:27 [INFO] < ESP32: 65535
2026-07-11 14:12:27 [INFO] < ESP32: 63488
2026-07-11 14:12:27 [INFO] < ESP32: 0
2026-07-11 14:12:27 [INFO] < ESP32: 2047
2026-07-11 14:12:27 [INFO] < ESP32: 65535
2026-07-11 14:12:27 [INFO] < ESP32: 63488
2026-07-11 14:12:27 [INFO] < ESP32: 0
2026-07-11 14:12:27 [INFO] < ESP32: 2047
2026-07-11 14:12:27 [INFO] < ESP32: 65535
2026-07-11 14:12:27 [INFO] < ESP32: 63488
2026-07-11 14:12:27 [INFO] < ESP32: 0
2026-07-11 14:12:27 [INFO] < ESP32: 2047
2026-07-11 14:12:27 [INFO] < ESP32: 65535
2026-07-11 14:12:27 [INFO] < ESP32: 65535
2026-07-11 14:12:27 [INFO] < ESP32: 65535
2026-07-11 14:12:27 [INFO] < ESP32: 65535
2026-07-11 14:12:27 [INFO] < ESP32: 63488
2026-07-11 14:12:27 [INFO] < ESP32: 0
2026-07-11 14:12:27 [INFO] < ESP32: 0
2026-07-11 14:12:27 [INFO] < ESP32: 2047
2026-07-11 14:12:27 [INFO] < ESP32: 65535
2026-07-11 14:12:27 [INFO] < ESP32: 63488
2026-07-11 14:12:27 [INFO] < ESP32: 2047
2026-07-11 14:12:27 [INFO] < ESP32: 65535
2026-07-11 14:12:27 [INFO] < ESP32: 63488
2026-07-11 14:12:27 [INFO] < ESP32: 0
2026-07-11 14:12:27 [INFO] < ESP32: 0
2026-07-11 14:12:27 [INFO] < ESP32: 2047
2026-07-11 14:12:27 [INFO] < ESP32: 65535
2026-07-11 14:12:27 [INFO] < ESP32: 63488
2026-07-11 14:12:27 [INFO] < ESP32: 0
2026-07-11 14:12:27 [INFO] < ESP32: 2047
2026-07-11 14:12:27 [INFO] < ESP32: 65535
2026-07-11 14:12:27 [INFO] < ESP32: 63488
2026-07-11 14:12:27 [INFO] < ESP32: 2047
2026-07-11 14:12:27 [INFO] < ESP32: 65535
2026-07-11 14:12:27 [INFO] < ESP32: 65535
2026-07-11 14:12:27 [INFO] < ESP32: 63488
2026-07-11 14:12:27 [INFO] < ESP32: 0
2026-07-11 14:12:27 [INFO] < ESP32: 2047
2026-07-11 14:12:27 [INFO] < ESP32: 65535
2026-07-11 14:12:27 [INFO] < ESP32: 63488
2026-07-11 14:12:27 [INFO] < ESP32: 0
2026-07-11 14:12:27 [INFO] < ESP32: 0
2026-07-11 14:12:27 [INFO] < ESP32: 0
2026-07-11 14:12:27 [INFO] < ESP32: 0
2026-07-11 14:12:27 [INFO] < ESP32: 0
2026-07-11 14:12:27 [INFO] < ESP32: 0
2026-07-11 14:12:27 [INFO] < ESP32: 0
2026-07-11 14:12:27 [INFO] < ESP32: 0
2026-07-11 14:12:27 [INFO] < ESP32: 0
2026-07-11 14:12:27 [INFO] < ESP32: 0
2026-07-11 14:12:27 [INFO] < ESP32: 0
2026-07-11 14:12:27 [INFO] < ESP32: 0
2026-07-11 14:12:27 [INFO] < ESP32: 0
2026-07-11 14:12:27 [INFO] < ESP32: 0
2026-07-11 14:12:27 [INFO] < ESP32: 0
2026-07-11 14:12:27 [INFO] < ESP32: 0
2026-07-11 14:12:27 [INFO] < ESP32: 0
2026-07-11 14:12:27 [INFO] < ESP32: 0
2026-07-11 14:12:27 [INFO] < ESP32: 0
2026-07-11 14:12:27 [INFO] < ESP32: 0
2026-07-11 14:12:27 [INFO] < ESP32: 0
2026-07-11 14:12:27 [INFO] < ESP32: 0
2026-07-11 14:12:27 [INFO] < ESP32: 0
2026-07-11 14:12:27 [INFO] < ESP32: 0
2026-07-11 14:12:27 [INFO] < ESP32: 0
2026-07-11 14:12:27 [INFO] < ESP32: 2047
2026-07-11 14:12:27 [INFO] < ESP32: 65535
2026-07-11 14:12:27 [INFO] < ESP32: 65535
2026-07-11 14:12:27 [INFO] < ESP32: 65535
2026-07-11 14:12:27 [INFO] < ESP32: 63488
2026-07-11 14:12:27 [INFO] < ESP32: 0
2026-07-11 14:12:27 [INFO] < ESP32: 0
2026-07-11 14:12:27 [INFO] < ESP32: 2047
2026-07-11 14:12:27 [INFO] < ESP32: 65535
2026-07-11 14:12:27 [INFO] < ESP32: 63488
2026-07-11 14:12:27 [INFO] < ESP32: 0
2026-07-11 14:12:27 [INFO] < ESP32: 2047
2026-07-11 14:12:27 [INFO] < ESP32: 65535
2026-07-11 14:12:27 [INFO] < ESP32: 63488
2026-07-11 14:12:27 [INFO] < ESP32: 0
2026-07-11 14:12:27 [INFO] < ESP32: 2047
2026-07-11 14:12:27 [INFO] < ESP32: 65535
2026-07-11 14:12:27 [INFO] < ESP32: 65535
2026-07-11 14:12:27 [INFO] < ESP32: 65535
2026-07-11 14:12:27 [INFO] < ESP32: 65535
2026-07-11 14:12:27 [INFO] < ESP32: 65535
2026-07-11 14:12:27 [INFO] < ESP32: 63488
2026-07-11 14:12:27 [INFO] < ESP32: 0
2026-07-11 14:12:27 [INFO] < ESP32: 2047
2026-07-11 14:12:27 [INFO] < ESP32: 65535
2026-07-11 14:12:27 [INFO] < ESP32: 63488
2026-07-11 14:12:27 [INFO] < ESP32: 0
2026-07-11 14:12:27 [INFO] < ESP32: 0
2026-07-11 14:12:27 [INFO] < ESP32: 0
2026-07-11 14:12:27 [INFO] < ESP32: 0
2026-07-11 14:12:27 [INFO] < ESP32: 0
2026-07-11 14:12:27 [INFO] < ESP32: 0
2026-07-11 14:12:27 [INFO] < ESP32: 2047
2026-07-11 14:12:27 [INFO] < ESP32: 65535
2026-07-11 14:12:27 [INFO] < ESP32: 65535
2026-07-11 14:12:27 [INFO] < ESP32: 65535
2026-07-11 14:12:27 [INFO] < ESP32: 63488
2026-07-11 14:12:27 [INFO] < ESP32: 0
2026-07-11 14:12:27 [INFO] < ESP32: 0
2026-07-11 14:12:27 [INFO] < ESP32: 0
2026-07-11 14:12:27 [INFO] < ESP32: 0
2026-07-11 14:12:27 [INFO] < ESP32: 0
2026-07-11 14:12:27 [INFO] < ESP32: 0
2026-07-11 14:12:27 [INFO] < ESP32: 0
2026-07-11 14:12:27 [INFO] < ESP32: 0
2026-07-11 14:12:27 [INFO] < ESP32: 0
2026-07-11 14:12:27 [INFO] < ESP32: 0
2026-07-11 14:12:27 [INFO] < ESP32: 0
2026-07-11 14:12:27 [INFO] < ESP32: 0
2026-07-11 14:12:27 [INFO] < ESP32: 0
2026-07-11 14:12:27 [INFO] < ESP32: 0
2026-07-11 14:12:27 [INFO] < ESP32: 0
2026-07-11 14:12:27 [INFO] < ESP32: 0
2026-07-11 14:12:27 [INFO] < ESP32: 0
2026-07-11 14:12:27 [INFO] < ESP32: 0
2026-07-11 14:12:27 [INFO] < ESP32: 0
2026-07-11 14:12:27 [INFO] < ESP32: 0
2026-07-11 14:12:27 [INFO] < ESP32: 0
2026-07-11 14:12:27 [INFO] < ESP32: 0
2026-07-11 14:12:27 [INFO] < ESP32: 0
2026-07-11 14:12:27 [INFO] < ESP32: 0
2026-07-11 14:12:27 [INFO] < ESP32: 0
2026-07-11 14:12:27 [INFO] < ESP32: 0
2026-07-11 14:12:27 [INFO] < ESP32: 0
2026-07-11 14:12:27 [INFO] < ESP32: 2047
2026-07-11 14:12:27 [INFO] < ESP32: 65535
2026-07-11 14:12:27 [INFO] < ESP32: 65535
2026-07-11 14:12:27 [INFO] < ESP32: 65535
2026-07-11 14:12:27 [INFO] < ESP32: 63488
2026-07-11 14:12:27 [INFO] < ESP32: 0
2026-07-11 14:12:27 [INFO] < ESP32: 0
2026-07-11 14:12:27 [INFO] < ESP32: 2047
2026-07-11 14:12:27 [INFO] < ESP32: 65535
2026-07-11 14:12:27 [INFO] < ESP32: 63488
2026-07-11 14:12:27 [INFO] < ESP32: 0
2026-07-11 14:12:27 [INFO] < ESP32: 2047
2026-07-11 14:12:27 [INFO] < ESP32: 65535
2026-07-11 14:12:27 [INFO] < ESP32: 63488
2026-07-11 14:12:27 [INFO] < ESP32: 0
2026-07-11 14:12:27 [INFO] < ESP32: 2047
2026-07-11 14:12:27 [INFO] < ESP32: 65535
2026-07-11 14:12:27 [INFO] < ESP32: 63488
2026-07-11 14:12:27 [INFO] < ESP32: 0
2026-07-11 14:12:27 [INFO] < ESP32: 0
2026-07-11 14:12:27 [INFO] < ESP32: 0
2026-07-11 14:12:27 [INFO] < ESP32: 0
2026-07-11 14:12:27 [INFO] < ESP32: 0
2026-07-11 14:12:27 [INFO] < ESP32: 2047
2026-07-11 14:12:27 [INFO] < ESP32: 65535
2026-07-11 14:12:27 [INFO] < ESP32: 63488
2026-07-11 14:12:27 [INFO] < ESP32: 0
2026-07-11 14:12:27 [INFO] < ESP32: 2047
2026-07-11 14:12:27 [INFO] < ESP32: 65535
2026-07-11 14:12:27 [INFO] < ESP32: 63488
2026-07-11 14:12:27 [INFO] < ESP32: 0
2026-07-11 14:12:27 [INFO] < ESP32: 0
2026-07-11 14:12:27 [INFO] < ESP32: 2047
2026-07-11 14:12:27 [INFO] < ESP32: 65535
2026-07-11 14:12:27 [INFO] < ESP32: 65535
2026-07-11 14:12:27 [INFO] < ESP32: 65535
2026-07-11 14:12:27 [INFO] < ESP32: 63488
2026-07-11 14:12:27 [INFO] < ESP32: 0
2026-07-11 14:12:27 [INFO] < ESP32: 0
2026-07-11 14:12:27 [INFO] < ESP32: 0
2026-07-11 14:12:27 [INFO] < ESP32: 0
2026-07-11 14:12:27 [INFO] < ESP32: 0
2026-07-11 14:12:27 [INFO] < ESP32: 0
2026-07-11 14:12:27 [INFO] < ESP32: 0
2026-07-11 14:12:27 [INFO] < ESP32: 0
2026-07-11 14:12:27 [INFO] < ESP32: 0
2026-07-11 14:12:27 [INFO] < ESP32: 0
2026-07-11 14:12:27 [INFO] < ESP32: 0
2026-07-11 14:12:27 [INFO] < ESP32: 0
2026-07-11 14:12:27 [INFO] < ESP32: 0
2026-07-11 14:12:27 [INFO] < ESP32: 0
2026-07-11 14:12:27 [INFO] < ESP32: 0
2026-07-11 14:12:27 [INFO] < ESP32: 0
2026-07-11 14:12:27 [INFO] < ESP32: 0
2026-07-11 14:12:27 [INFO] < ESP32: 0
2026-07-11 14:12:27 [INFO] < ESP32: 0
2026-07-11 14:12:27 [INFO] < ESP32: 0
2026-07-11 14:12:27 [INFO] < ESP32: 0
2026-07-11 14:12:27 [INFO] < ESP32: 0
2026-07-11 14:12:27 [INFO] < ESP32: 0
2026-07-11 14:12:27 [INFO] < ESP32: 0
2026-07-11 14:12:27 [INFO] < ESP32: 0
2026-07-11 14:12:27 [INFO] < ESP32: 0
2026-07-11 14:12:27 [INFO] < ESP32: 0
2026-07-11 14:12:27 [INFO] < ESP32: 2047
2026-07-11 14:12:27 [INFO] < ESP32: 65535
2026-07-11 14:12:27 [INFO] < ESP32: 65535
2026-07-11 14:12:27 [INFO] < ESP32: 65535
2026-07-11 14:12:27 [INFO] < ESP32: 63488
2026-07-11 14:12:27 [INFO] < ESP32: 0
2026-07-11 14:12:27 [INFO] < ESP32: 0
2026-07-11 14:12:27 [INFO] < ESP32: 2047
2026-07-11 14:12:27 [INFO] < ESP32: 65535
2026-07-11 14:12:27 [INFO] < ESP32: 63488
2026-07-11 14:12:27 [INFO] < ESP32: 0
2026-07-11 14:12:27 [INFO] < ESP32: 2047
2026-07-11 14:12:27 [INFO] < ESP32: 65535
2026-07-11 14:12:27 [INFO] < ESP32: 63488
2026-07-11 14:12:27 [INFO] < ESP32: 0
2026-07-11 14:12:27 [INFO] < ESP32: 2047
2026-07-11 14:12:27 [INFO] < ESP32: 65535
2026-07-11 14:12:27 [INFO] < ESP32: 65535
2026-07-11 14:12:27 [INFO] < ESP32: 65535
2026-07-11 14:12:27 [INFO] < ESP32: 65535
2026-07-11 14:12:27 [INFO] < ESP32: 65535
2026-07-11 14:12:27 [INFO] < ESP32: 63488
2026-07-11 14:12:27 [INFO] < ESP32: 0
2026-07-11 14:12:27 [INFO] < ESP32: 2047
2026-07-11 14:12:27 [INFO] < ESP32: 65535
2026-07-11 14:12:27 [INFO] < ESP32: 63488
2026-07-11 14:12:27 [INFO] < ESP32: 0
2026-07-11 14:12:27 [INFO] < ESP32: 0
2026-07-11 14:12:27 [INFO] < ESP32: 0
2026-07-11 14:12:27 [INFO] < ESP32: 0
2026-07-11 14:12:27 [INFO] < ESP32: 0
2026-07-11 14:12:27 [INFO] < ESP32: 0
2026-07-11 14:12:27 [INFO] < ESP32: 2047
2026-07-11 14:12:27 [INFO] < ESP32: 65535
2026-07-11 14:12:27 [INFO] < ESP32: 65535
2026-07-11 14:12:27 [INFO] < ESP32: 65535
2026-07-11 14:12:27 [INFO] < ESP32: 63488
2026-07-11 14:12:27 [INFO] < ESP32: 0
2026-07-11 14:12:27 [INFO] < ESP32: 0
2026-07-11 14:12:27 [INFO] < ESP32: 0
2026-07-11 14:12:27 [INFO] < ESP32: 0
2026-07-11 14:12:27 [INFO] < ESP32: 0
2026-07-11 14:12:27 [INFO] < ESP32: 0
2026-07-11 14:12:27 [INFO] < ESP32: 0
2026-07-11 14:12:27 [INFO] < ESP32: 0
2026-07-11 14:12:27 [INFO] < ESP32: 0
2026-07-11 14:12:27 [INFO] < ESP32: 0
2026-07-11 14:12:27 [INFO] < ESP32: 0
2026-07-11 14:12:27 [INFO] < ESP32: 0
2026-07-11 14:12:27 [INFO] < ESP32: 2047
2026-07-11 14:12:27 [INFO] < ESP32: 65535
2026-07-11 14:12:27 [INFO] < ESP32: 63488
2026-07-11 14:12:27 [INFO] < ESP32: 0
2026-07-11 14:12:27 [INFO] < ESP32: 0
2026-07-11 14:12:27 [INFO] < ESP32: 0
2026-07-11 14:12:27 [INFO] < ESP32: 0
2026-07-11 14:12:27 [INFO] < ESP32: 0
2026-07-11 14:12:27 [INFO] < ESP32: 0
2026-07-11 14:12:27 [INFO] < ESP32: 0
2026-07-11 14:12:27 [INFO] < ESP32: 0
2026-07-11 14:12:27 [INFO] < ESP32: 0
2026-07-11 14:12:27 [INFO] < ESP32: 0
2026-07-11 14:12:27 [INFO] < ESP32: 0
2026-07-11 14:12:27 [INFO] < ESP32: 0
2026-07-11 14:12:27 [INFO] < ESP32: 2047
2026-07-11 14:12:27 [INFO] < ESP32: 65535
2026-07-11 14:12:27 [INFO] < ESP32: 65535
2026-07-11 14:12:27 [INFO] < ESP32: 63488
2026-07-11 14:12:27 [INFO] < ESP32: 0
2026-07-11 14:12:27 [INFO] < ESP32: 0
2026-07-11 14:12:27 [INFO] < ESP32: 0
2026-07-11 14:12:27 [INFO] < ESP32: 0
2026-07-11 14:12:27 [INFO] < ESP32: 0
2026-07-11 14:12:27 [INFO] < ESP32: 2047
2026-07-11 14:12:27 [INFO] < ESP32: 65535
2026-07-11 14:12:27 [INFO] < ESP32: 63488
2026-07-11 14:12:27 [INFO] < ESP32: 0
2026-07-11 14:12:27 [INFO] < ESP32: 0
2026-07-11 14:12:27 [INFO] < ESP32: 0
2026-07-11 14:12:27 [INFO] < ESP32: 0
2026-07-11 14:12:27 [INFO] < ESP32: 0
2026-07-11 14:12:27 [INFO] < ESP32: 2047
2026-07-11 14:12:27 [INFO] < ESP32: 65535
2026-07-11 14:12:27 [INFO] < ESP32: 63488
2026-07-11 14:12:27 [INFO] < ESP32: 0
2026-07-11 14:12:27 [INFO] < ESP32: 0
2026-07-11 14:12:27 [INFO] < ESP32: 0
2026-07-11 14:12:27 [INFO] < ESP32: 0
2026-07-11 14:12:27 [INFO] < ESP32: 0
2026-07-11 14:12:27 [INFO] < ESP32: 2047
2026-07-11 14:12:27 [INFO] < ESP32: 65535
2026-07-11 14:12:27 [INFO] < ESP32: 63488
2026-07-11 14:12:27 [INFO] < ESP32: 0
2026-07-11 14:12:27 [INFO] < ESP32: 0
2026-07-11 14:12:27 [INFO] < ESP32: 0
2026-07-11 14:12:27 [INFO] < ESP32: 0
2026-07-11 14:12:27 [INFO] < ESP32: 2047
2026-07-11 14:12:27 [INFO] < ESP32: 65535
2026-07-11 14:12:27 [INFO] < ESP32: 65535
2026-07-11 14:12:27 [INFO] < ESP32: 65535
2026-07-11 14:12:27 [INFO] < ESP32: 63488
2026-07-11 14:12:27 [INFO] < ESP32: 0
2026-07-11 14:12:27 [INFO] < ESP32: 0
2026-07-11 14:12:27 [INFO] < ESP32: 0
2026-07-11 14:12:27 [INFO] < ESP32: 0
2026-07-11 14:12:27 [INFO] < ESP32: 0
2026-07-11 14:12:27 [INFO] < ESP32: 0
2026-07-11 14:12:27 [INFO] < ESP32: 0
2026-07-11 14:12:27 [INFO] < ESP32: 0
2026-07-11 14:12:27 [INFO] < ESP32: 0
2026-07-11 14:12:27 [INFO] < ESP32: 0
2026-07-11 14:12:27 [INFO] < ESP32: 0
2026-07-11 14:12:27 [INFO] < ESP32: 0
2026-07-11 14:12:27 [INFO] < ESP32: 0
2026-07-11 14:12:27 [INFO] < ESP32: 0
2026-07-11 14:12:27 [INFO] < ESP32: 0
2026-07-11 14:12:27 [INFO] < ESP32: 0
2026-07-11 14:12:27 [INFO] < ESP32: 0
2026-07-11 14:12:27 [INFO] < ESP32: 0
2026-07-11 14:12:27 [INFO] < ESP32: 0
2026-07-11 14:12:27 [INFO] < ESP32: 0
2026-07-11 14:12:27 [INFO] < ESP32: 0
2026-07-11 14:12:27 [INFO] < ESP32: 0
2026-07-11 14:12:27 [INFO] < ESP32: 0
2026-07-11 14:12:27 [INFO] < ESP32: 0
2026-07-11 14:12:27 [INFO] < ESP32: 0
2026-07-11 14:12:27 [INFO] < ESP32: 0
2026-07-11 14:12:27 [INFO] < ESP32: 2047
2026-07-11 14:12:27 [INFO] < ESP32: 65535
2026-07-11 14:12:27 [INFO] < ESP32: 63488
2026-07-11 14:12:27 [INFO] < ESP32: 0
2026-07-11 14:12:27 [INFO] < ESP32: 2047
2026-07-11 14:12:27 [INFO] < ESP32: 65535
2026-07-11 14:12:27 [INFO] < ESP32: 63488
2026-07-11 14:12:27 [INFO] < ESP32: 0
2026-07-11 14:12:27 [INFO] < ESP32: 2047
2026-07-11 14:12:27 [INFO] < ESP32: 65535
2026-07-11 14:12:27 [INFO] < ESP32: 63488
2026-07-11 14:12:27 [INFO] < ESP32: 0
2026-07-11 14:12:27 [INFO] < ESP32: 2047
2026-07-11 14:12:27 [INFO] < ESP32: 65535
2026-07-11 14:12:27 [INFO] < ESP32: 63488
2026-07-11 14:12:27 [INFO] < ESP32: 0
2026-07-11 14:12:27 [INFO] < ESP32: 2047
2026-07-11 14:12:27 [INFO] < ESP32: 65535
2026-07-11 14:12:27 [INFO] < ESP32: 63488
2026-07-11 14:12:27 [INFO] < ESP32: 0
2026-07-11 14:12:27 [INFO] < ESP32: 2047
2026-07-11 14:12:27 [INFO] < ESP32: 65535
2026-07-11 14:12:27 [INFO] < ESP32: 63488
2026-07-11 14:12:27 [INFO] < ESP32: 0
2026-07-11 14:12:27 [INFO] < ESP32: 0
2026-07-11 14:12:27 [INFO] < ESP32: 2047
2026-07-11 14:12:27 [INFO] < ESP32: 65535
2026-07-11 14:12:27 [INFO] < ESP32: 65535
2026-07-11 14:12:27 [INFO] < ESP32: 65535
2026-07-11 14:12:27 [INFO] < ESP32: 63488
2026-07-11 14:12:27 [INFO] < ESP32: 0
2026-07-11 14:12:27 [INFO] < ESP32: 0
2026-07-11 14:12:27 [INFO] < ESP32: 0
2026-07-11 14:12:27 [INFO] < ESP32: 0
2026-07-11 14:12:27 [INFO] < ESP32: 2047
2026-07-11 14:12:27 [INFO] < ESP32: 65535
2026-07-11 14:12:27 [INFO] < ESP32: 63488
2026-07-11 14:12:27 [INFO] < ESP32: 0
2026-07-11 14:12:27 [INFO] < ESP32: 0
2026-07-11 14:12:27 [INFO] < ESP32: 0
2026-07-11 14:12:27 [INFO] < ESP32: 0
2026-07-11 14:12:27 [INFO] < ESP32: 0
2026-07-11 14:12:27 [INFO] < ESP32: 0
2026-07-11 14:12:27 [INFO] < ESP32: 0
2026-07-11 14:12:27 [INFO] < ESP32: 0
2026-07-11 14:12:27 [INFO] < ESP32: 0
2026-07-11 14:12:27 [INFO] < ESP32: 0
2026-07-11 14:12:27 [INFO] < ESP32: 0
2026-07-11 14:12:27 [INFO] < ESP32: 0
2026-07-11 14:12:27 [INFO] < ESP32: 0
2026-07-11 14:12:27 [INFO] < ESP32: 0
2026-07-11 14:12:27 [INFO] < ESP32: 0
2026-07-11 14:12:27 [INFO] < ESP32: 0
2026-07-11 14:12:27 [INFO] < ESP32: 0
2026-07-11 14:12:27 [INFO] < ESP32: 0
2026-07-11 14:12:27 [INFO] < ESP32: 0
2026-07-11 14:12:27 [INFO] < ESP32: 0
2026-07-11 14:12:27 [INFO] < ESP32: 0
2026-07-11 14:12:27 [INFO] < ESP32: 0
2026-07-11 14:12:27 [INFO] < ESP32: 0
2026-07-11 14:12:27 [INFO] < ESP32: 0
2026-07-11 14:12:27 [INFO] < ESP32: 0
2026-07-11 14:12:27 [INFO] < ESP32: 0
2026-07-11 14:12:27 [INFO] < ESP32: 0
2026-07-11 14:12:27 [INFO] < ESP32: 0
2026-07-11 14:12:27 [INFO] < ESP32: 2047
2026-07-11 14:12:27 [INFO] < ESP32: 65535
2026-07-11 14:12:27 [INFO] < ESP32: 65535
2026-07-11 14:12:27 [INFO] < ESP32: 65535
2026-07-11 14:12:27 [INFO] < ESP32: 63488
2026-07-11 14:12:27 [INFO] < ESP32: 0
2026-07-11 14:12:27 [INFO] < ESP32: 0
2026-07-11 14:12:27 [INFO] < ESP32: 2047
2026-07-11 14:12:27 [INFO] < ESP32: 65535
2026-07-11 14:12:27 [INFO] < ESP32: 63488
2026-07-11 14:12:27 [INFO] < ESP32: 0
2026-07-11 14:12:27 [INFO] < ESP32: 2047
2026-07-11 14:12:27 [INFO] < ESP32: 65535
2026-07-11 14:12:27 [INFO] < ESP32: 63488
2026-07-11 14:12:27 [INFO] < ESP32: 0
2026-07-11 14:12:27 [INFO] < ESP32: 2047
2026-07-11 14:12:27 [INFO] < ESP32: 65535
2026-07-11 14:12:27 [INFO] < ESP32: 65535
2026-07-11 14:12:27 [INFO] < ESP32: 65535
2026-07-11 14:12:27 [INFO] < ESP32: 65535
2026-07-11 14:12:27 [INFO] < ESP32: 65535
2026-07-11 14:12:27 [INFO] < ESP32: 63488
2026-07-11 14:12:27 [INFO] < ESP32: 0
2026-07-11 14:12:27 [INFO] < ESP32: 2047
2026-07-11 14:12:27 [INFO] < ESP32: 65535
2026-07-11 14:12:27 [INFO] < ESP32: 63488
2026-07-11 14:12:27 [INFO] < ESP32: 0
2026-07-11 14:12:27 [INFO] < ESP32: 0
2026-07-11 14:12:27 [INFO] < ESP32: 0
2026-07-11 14:12:27 [INFO] < ESP32: 0
2026-07-11 14:12:27 [INFO] < ESP32: 0
2026-07-11 14:12:27 [INFO] < ESP32: 0
2026-07-11 14:12:27 [INFO] < ESP32: 2047
2026-07-11 14:12:27 [INFO] < ESP32: 65535
2026-07-11 14:12:27 [INFO] < ESP32: 65535
2026-07-11 14:12:27 [INFO] < ESP32: 65535
2026-07-11 14:12:27 [INFO] < ESP32: 63488
2026-07-11 14:12:27 [INFO] < ESP32: 0
2026-07-11 14:12:27 [INFO] < ESP32: 0
2026-07-11 14:12:27 [INFO] < ESP32: 0
2026-07-11 14:12:27 [INFO] < ESP32: 0
2026-07-11 14:12:27 [INFO] < ESP32: 0
2026-07-11 14:12:27 [INFO] < ESP32: 0
2026-07-11 14:12:27 [INFO] < ESP32: 0
2026-07-11 14:12:27 [INFO] < ESP32: 0
2026-07-11 14:12:27 [INFO] < ESP32: 0
2026-07-11 14:12:27 [INFO] < ESP32: 0
2026-07-11 14:12:27 [INFO] < ESP32: 0
2026-07-11 14:12:27 [INFO] < ESP32: 0
2026-07-11 14:12:27 [INFO] < ESP32: 0
2026-07-11 14:12:27 [INFO] < ESP32: 2047
2026-07-11 14:12:27 [INFO] < ESP32: 65535
2026-07-11 14:12:27 [INFO] < ESP32: 65535
2026-07-11 14:12:27 [INFO] < ESP32: 63488
2026-07-11 14:12:27 [INFO] < ESP32: 0
2026-07-11 14:12:27 [INFO] < ESP32: 0
2026-07-11 14:12:27 [INFO] < ESP32: 0
2026-07-11 14:12:27 [INFO] < ESP32: 0
2026-07-11 14:12:27 [INFO] < ESP32: 0
2026-07-11 14:12:27 [INFO] < ESP32: 2047
2026-07-11 14:12:27 [INFO] < ESP32: 65535
2026-07-11 14:12:27 [INFO] < ESP32: 63488
2026-07-11 14:12:27 [INFO] < ESP32: 0
2026-07-11 14:12:27 [INFO] < ESP32: 0
2026-07-11 14:12:27 [INFO] < ESP32: 0
2026-07-11 14:12:27 [INFO] < ESP32: 0
2026-07-11 14:12:27 [INFO] < ESP32: 0
2026-07-11 14:12:27 [INFO] < ESP32: 2047
2026-07-11 14:12:27 [INFO] < ESP32: 65535
2026-07-11 14:12:27 [INFO] < ESP32: 63488
2026-07-11 14:12:27 [INFO] < ESP32: 0
2026-07-11 14:12:27 [INFO] < ESP32: 0
2026-07-11 14:12:27 [INFO] < ESP32: 2047
2026-07-11 14:12:27 [INFO] < ESP32: 65535
2026-07-11 14:12:27 [INFO] < ESP32: 65535
2026-07-11 14:12:27 [INFO] < ESP32: 65535
2026-07-11 14:12:27 [INFO] < ESP32: 65535
2026-07-11 14:12:27 [INFO] < ESP32: 63488
2026-07-11 14:12:27 [INFO] < ESP32: 0
2026-07-11 14:12:27 [INFO] < ESP32: 2047
2026-07-11 14:12:27 [INFO] < ESP32: 65535
2026-07-11 14:12:27 [INFO] < ESP32: 63488
2026-07-11 14:12:27 [INFO] < ESP32: 0
2026-07-11 14:12:27 [INFO] < ESP32: 2047
2026-07-11 14:12:27 [INFO] < ESP32: 65535
2026-07-11 14:12:27 [INFO] < ESP32: 63488
2026-07-11 14:12:27 [INFO] < ESP32: 0
2026-07-11 14:12:27 [INFO] < ESP32: 2047
2026-07-11 14:12:27 [INFO] < ESP32: 65535
2026-07-11 14:12:27 [INFO] < ESP32: 63488
2026-07-11 14:12:27 [INFO] < ESP32: 0
2026-07-11 14:12:27 [INFO] < ESP32: 2047
2026-07-11 14:12:27 [INFO] < ESP32: 65535
2026-07-11 14:12:27 [INFO] < ESP32: 63488
2026-07-11 14:12:27 [INFO] < ESP32: 0
2026-07-11 14:12:27 [INFO] < ESP32: 0
2026-07-11 14:12:27 [INFO] > Sent: DOWN:a
2026-07-11 14:12:27 [INFO] < ESP32: 2047
2026-07-11 14:12:27 [INFO] < ESP32: 65535
2026-07-11 14:12:27 [INFO] < ESP32: 65535
2026-07-11 14:12:27 [INFO] < ESP32: 63488
2026-07-11 14:12:27 [INFO] < ESP32: 2047
2026-07-11 14:12:27 [INFO] < ESP32: 65535
2026-07-11 14:12:27 [INFO] < ESP32: 63488
2026-07-11 14:12:27 [INFO] < ESP32: 0
2026-07-11 14:12:27 [INFO] < ESP32: 0
2026-07-11 14:12:27 [INFO] < ESP32: 0
2026-07-11 14:12:27 [INFO] < ESP32: 0
2026-07-11 14:12:27 [INFO] < ESP32: 0
2026-07-11 14:12:27 [INFO] < ESP32: 0
2026-07-11 14:12:27 [INFO] < ESP32: 0
2026-07-11 14:12:27 [INFO] < ESP32: 0
2026-07-11 14:12:27 [INFO] < ESP32: 0
2026-07-11 14:12:27 [INFO] < ESP32: 0
2026-07-11 14:12:27 [INFO] < ESP32: 0
2026-07-11 14:12:27 [INFO] < ESP32: 0
2026-07-11 14:12:27 [INFO] < ESP32: 0
2026-07-11 14:12:27 [INFO] < ESP32: 0
2026-07-11 14:12:27 [INFO] < ESP32: 0
2026-07-11 14:12:27 [INFO] < ESP32: 0
2026-07-11 14:12:27 [INFO] < ESP32: 0
2026-07-11 14:12:27 [INFO] < ESP32: 0
2026-07-11 14:12:27 [INFO] < ESP32: 2047
2026-07-11 14:12:27 [INFO] < ESP32: 65535
2026-07-11 14:12:27 [INFO] < ESP32: 63488
2026-07-11 14:12:27 [INFO] < ESP32: 0
2026-07-11 14:12:27 [INFO] < ESP32: 0
2026-07-11 14:12:27 [INFO] < ESP32: 0
2026-07-11 14:12:27 [INFO] < ESP32: 0
2026-07-11 14:12:27 [INFO] < ESP32: 0
2026-07-11 14:12:27 [INFO] < ESP32: 2047
2026-07-11 14:12:27 [INFO] < ESP32: 65535
2026-07-11 14:12:27 [INFO] < ESP32: 63488
2026-07-11 14:12:27 [INFO] < ESP32: 0
2026-07-11 14:12:27 [INFO] < ESP32: 0
2026-07-11 14:12:27 [INFO] < ESP32: 0
2026-07-11 14:12:27 [INFO] < ESP32: 0
2026-07-11 14:12:27 [INFO] < ESP32: 0
2026-07-11 14:12:27 [INFO] < ESP32: 0
2026-07-11 14:12:27 [INFO] < ESP32: 0
2026-07-11 14:12:27 [INFO] < ESP32: 0
2026-07-11 14:12:27 [INFO] < ESP32: 0
2026-07-11 14:12:27 [INFO] < ESP32: 0
2026-07-11 14:12:27 [INFO] < ESP32: 0
2026-07-11 14:12:27 [INFO] < ESP32: 0
2026-07-11 14:12:27 [INFO] < ESP32: 0
2026-07-11 14:12:27 [INFO] < ESP32: 0
2026-07-11 14:12:27 [INFO] < ESP32: 0
2026-07-11 14:12:27 [INFO] < ESP32: 0
2026-07-11 14:12:27 [INFO] < ESP32: 0
2026-07-11 14:12:27 [INFO] < ESP32: 0
2026-07-11 14:12:27 [INFO] < ESP32: 0
2026-07-11 14:12:27 [INFO] < ESP32: 0
2026-07-11 14:12:27 [INFO] < ESP32: 0
2026-07-11 14:12:27 [INFO] < ESP32: 2047
2026-07-11 14:12:27 [INFO] < ESP32: 65535
2026-07-11 14:12:27 [INFO] < ESP32: 63488
2026-07-11 14:12:27 [INFO] < ESP32: 0
2026-07-11 14:12:27 [INFO] < ESP32: 0
2026-07-11 14:12:27 [INFO] < ESP32: 0
2026-07-11 14:12:27 [INFO] < ESP32: 0
2026-07-11 14:12:27 [INFO] < ESP32: 0
2026-07-11 14:12:27 [INFO] < ESP32: 2047
2026-07-11 14:12:27 [INFO] < ESP32: 65535
2026-07-11 14:12:27 [INFO] < ESP32: 63488
2026-07-11 14:12:27 [INFO] < ESP32: 0
2026-07-11 14:12:27 [INFO] < ESP32: 0
2026-07-11 14:12:27 [INFO] < ESP32: 0
2026-07-11 14:12:27 [INFO] < ESP32: 0
2026-07-11 14:12:27 [INFO] < ESP32: 0
2026-07-11 14:12:27 [INFO] < ESP32: 0
2026-07-11 14:12:27 [INFO] < ESP32: 0
2026-07-11 14:12:27 [INFO] < ESP32: 0
2026-07-11 14:12:27 [INFO] < ESP32: 0
2026-07-11 14:12:27 [INFO] < ESP32: 0
2026-07-11 14:12:27 [INFO] < ESP32: 0
2026-07-11 14:12:27 [INFO] < ESP32: 0
2026-07-11 14:12:27 [INFO] < ESP32: 0
2026-07-11 14:12:27 [INFO] < ESP32: 0
2026-07-11 14:12:27 [INFO] < ESP32: 0
2026-07-11 14:12:27 [INFO] < ESP32: 0
2026-07-11 14:12:27 [INFO] < ESP32: 0
2026-07-11 14:12:27 [INFO] < ESP32: 0
2026-07-11 14:12:27 [INFO] < ESP32: 0
2026-07-11 14:12:27 [INFO] < ESP32: 0
2026-07-11 14:12:27 [INFO] < ESP32: 0
2026-07-11 14:12:27 [INFO] < ESP32: 0
2026-07-11 14:12:27 [INFO] < ESP32: 0
2026-07-11 14:12:27 [INFO] < ESP32: 0
2026-07-11 14:12:27 [INFO] < ESP32: 0
2026-07-11 14:12:27 [INFO] < ESP32: 0
2026-07-11 14:12:27 [INFO] < ESP32: 0
2026-07-11 14:12:27 [INFO] < ESP32: 0
2026-07-11 14:12:27 [INFO] < ESP32: 0
2026-07-11 14:12:27 [INFO] < ESP32: 0
2026-07-11 14:12:27 [INFO] < ESP32: 0
2026-07-11 14:12:27 [INFO] < ESP32: 0
2026-07-11 14:12:27 [INFO] < ESP32: 0
2026-07-11 14:12:27 [INFO] < ESP32: 0
2026-07-11 14:12:27 [INFO] < ESP32: 0
2026-07-11 14:12:27 [INFO] < ESP32: 0
2026-07-11 14:12:27 [INFO] < ESP32: 0
2026-07-11 14:12:27 [INFO] < ESP32: 0
2026-07-11 14:12:27 [INFO] < ESP32: 0
2026-07-11 14:12:27 [INFO] < ESP32: 0
2026-07-11 14:12:27 [INFO] < ESP32: 0
2026-07-11 14:12:27 [INFO] < ESP32: 0
2026-07-11 14:12:27 [INFO] < ESP32: 0
2026-07-11 14:12:27 [INFO] < ESP32: 0
2026-07-11 14:12:27 [INFO] < ESP32: 0
2026-07-11 14:12:27 [INFO] < ESP32: 0
2026-07-11 14:12:27 [INFO] < ESP32: 0
2026-07-11 14:12:27 [INFO] < ESP32: 0
2026-07-11 14:12:27 [INFO] < ESP32: 0
2026-07-11 14:12:27 [INFO] < ESP32: 0
2026-07-11 14:12:27 [INFO] < ESP32: 0
2026-07-11 14:12:27 [INFO] < ESP32: 0
2026-07-11 14:12:27 [INFO] < ESP32: 0
2026-07-11 14:12:27 [INFO] < ESP32: 0
2026-07-11 14:12:27 [INFO] < ESP32: 0
2026-07-11 14:12:27 [INFO] < ESP32: 0
2026-07-11 14:12:27 [INFO] < ESP32: 0
2026-07-11 14:12:27 [INFO] < ESP32: 0
2026-07-11 14:12:27 [INFO] < ESP32: 0
2026-07-11 14:12:27 [INFO] < ESP32: 0
2026-07-11 14:12:27 [INFO] < ESP32: 0
2026-07-11 14:12:27 [INFO] < ESP32: 0
2026-07-11 14:12:27 [INFO] < ESP32: 0
2026-07-11 14:12:27 [INFO] < ESP32: 0
2026-07-11 14:12:27 [INFO] < ESP32: 0
2026-07-11 14:12:27 [INFO] < ESP32: 0
2026-07-11 14:12:27 [INFO] < ESP32: 0
2026-07-11 14:12:27 [INFO] < ESP32: 0
2026-07-11 14:12:27 [INFO] < ESP32: 0
2026-07-11 14:12:27 [INFO] < ESP32: 0
2026-07-11 14:12:27 [INFO] < ESP32: 0
2026-07-11 14:12:27 [INFO] < ESP32: 0
2026-07-11 14:12:27 [INFO] < ESP32: 0
2026-07-11 14:12:27 [INFO] < ESP32: 0
2026-07-11 14:12:27 [INFO] < ESP32: 0
2026-07-11 14:12:27 [INFO] < ESP32: 0
2026-07-11 14:12:27 [INFO] < ESP32: 0
2026-07-11 14:12:27 [INFO] < ESP32: 0
2026-07-11 14:12:27 [INFO] < ESP32: 2047
2026-07-11 14:12:27 [INFO] < ESP32: 65535
2026-07-11 14:12:27 [INFO] < ESP32: 65535
2026-07-11 14:12:27 [INFO] < ESP32: 63488
2026-07-11 14:12:27 [INFO] < ESP32: 0
2026-07-11 14:12:27 [INFO] < ESP32: 0
2026-07-11 14:12:27 [INFO] < ESP32: 0
2026-07-11 14:12:27 [INFO] < ESP32: 0
2026-07-11 14:12:27 [INFO] < ESP32: 0
2026-07-11 14:12:27 [INFO] < ESP32: 2047
2026-07-11 14:12:27 [INFO] < ESP32: 65535
2026-07-11 14:12:27 [INFO] < ESP32: 63488
2026-07-11 14:12:27 [INFO] < ESP32: 0
2026-07-11 14:12:27 [INFO] < ESP32: 2047
2026-07-11 14:12:27 [INFO] < ESP32: 65535
2026-07-11 14:12:27 [INFO] < ESP32: 65535
2026-07-11 14:12:27 [INFO] < ESP32: 65535
2026-07-11 14:12:27 [INFO] < ESP32: 65535
2026-07-11 14:12:27 [INFO] < ESP32: 65535
2026-07-11 14:12:27 [INFO] < ESP32: 65535
2026-07-11 14:12:27 [INFO] < ESP32: 63488
2026-07-11 14:12:27 [INFO] < ESP32: 2047
2026-07-11 14:12:27 [INFO] < ESP32: 65535
2026-07-11 14:12:27 [INFO] < ESP32: 65535
2026-07-11 14:12:27 [INFO] < ESP32: 65535
2026-07-11 14:12:27 [INFO] < ESP32: 65535
2026-07-11 14:12:27 [INFO] < ESP32: 65535
2026-07-11 14:12:27 [INFO] < ESP32: 65535
2026-07-11 14:12:27 [INFO] < ESP32: 63488
2026-07-11 14:12:27 [INFO] < ESP32: 2047
2026-07-11 14:12:27 [INFO] < ESP32: 65535
2026-07-11 14:12:27 [INFO] < ESP32: 65535
2026-07-11 14:12:27 [INFO] < ESP32: 65535
2026-07-11 14:12:27 [INFO] < ESP32: 65535
2026-07-11 14:12:27 [INFO] < ESP32: 65535
2026-07-11 14:12:27 [INFO] < ESP32: 65535
2026-07-11 14:12:27 [INFO] < ESP32: 63488
2026-07-11 14:12:27 [INFO] < ESP32: 2047
2026-07-11 14:12:27 [INFO] < ESP32: 65535
2026-07-11 14:12:27 [INFO] < ESP32: 65535
2026-07-11 14:12:27 [INFO] < ESP32: 65535
2026-07-11 14:12:27 [INFO] < ESP32: 65535
2026-07-11 14:12:27 [INFO] < ESP32: 65535
2026-07-11 14:12:27 [INFO] < ESP32: 65535
2026-07-11 14:12:27 [INFO] < ESP32: 63488
2026-07-11 14:12:27 [INFO] < ESP32: 2047
2026-07-11 14:12:27 [INFO] < ESP32: 65535
2026-07-11 14:12:27 [INFO] < ESP32: 65535
2026-07-11 14:12:27 [INFO] < ESP32: 65535
2026-07-11 14:12:27 [INFO] < ESP32: 65535
2026-07-11 14:12:27 [INFO] < ESP32: 65535
2026-07-11 14:12:27 [INFO] < ESP32: 65535
2026-07-11 14:12:27 [INFO] < ESP32: 63488
2026-07-11 14:12:27 [INFO] < ESP32: 0
2026-07-11 14:12:27 [INFO] < ESP32: 0
2026-07-11 14:12:27 [INFO] < ESP32: 0
2026-07-11 14:12:27 [INFO] < ESP32: 0
2026-07-11 14:12:27 [INFO] < ESP32: 0
2026-07-11 14:12:27 [INFO] < ESP32: 0
2026-07-11 14:12:27 [INFO] < ESP32: 0
2026-07-11 14:12:27 [INFO] < ESP32: 0
2026-07-11 14:12:27 [INFO] < ESP32: 0
2026-07-11 14:12:27 [INFO] < ESP32: 0
2026-07-11 14:12:27 [INFO] < ESP32: 0
2026-07-11 14:12:27 [INFO] < ESP32: 0
2026-07-11 14:12:27 [INFO] < ESP32: 0
2026-07-11 14:12:27 [INFO] < ESP32: 0
2026-07-11 14:12:27 [INFO] < ESP32: 0
2026-07-11 14:12:27 [INFO] < ESP32: 0
2026-07-11 14:12:27 [INFO] < ESP32: 0
2026-07-11 14:12:27 [INFO] < ESP32: 0
2026-07-11 14:12:27 [INFO] < ESP32: 0
2026-07-11 14:12:27 [INFO] < ESP32: 0
2026-07-11 14:12:27 [INFO] < ESP32: 0
2026-07-11 14:12:27 [INFO] < ESP32: 0
2026-07-11 14:12:27 [INFO] < ESP32: 0
2026-07-11 14:12:27 [INFO] < ESP32: 0
2026-07-11 14:12:27 [INFO] < ESP32: 0
2026-07-11 14:12:27 [INFO] < ESP32: 0
2026-07-11 14:12:27 [INFO] < ESP32: 0
2026-07-11 14:12:27 [INFO] < ESP32: 0
2026-07-11 14:12:27 [INFO] < ESP32: 0
2026-07-11 14:12:27 [INFO] < ESP32: 0
2026-07-11 14:12:27 [INFO] < ESP32: 0
2026-07-11 14:12:27 [INFO] < ESP32: 0
2026-07-11 14:12:27 [INFO] < ESP32: 0
2026-07-11 14:12:27 [INFO] < ESP32: 0
2026-07-11 14:12:27 [INFO] < ESP32: 0
2026-07-11 14:12:27 [INFO] < ESP32: 0
2026-07-11 14:12:27 [INFO] < ESP32: 0
2026-07-11 14:12:27 [INFO] < ESP32: 0
2026-07-11 14:12:27 [INFO] < ESP32: 0
2026-07-11 14:12:27 [INFO] < ESP32: 0
2026-07-11 14:12:27 [INFO] < ESP32: 0
2026-07-11 14:12:27 [INFO] < ESP32: 0
2026-07-11 14:12:27 [INFO] < ESP32: 0
2026-07-11 14:12:27 [INFO] < ESP32: 0
2026-07-11 14:12:27 [INFO] < ESP32: 0
2026-07-11 14:12:27 [INFO] < ESP32: 0
2026-07-11 14:12:27 [INFO] < ESP32: 0
2026-07-11 14:12:27 [INFO] < ESP32: 0
2026-07-11 14:12:27 [INFO] < ESP32: 0
2026-07-11 14:12:27 [INFO] < ESP32: 0
2026-07-11 14:12:27 [INFO] < ESP32: 0
2026-07-11 14:12:27 [INFO] < ESP32: 0
2026-07-11 14:12:27 [INFO] < ESP32: 0
2026-07-11 14:12:27 [INFO] < ESP32: 0
2026-07-11 14:12:27 [INFO] < ESP32: 0
2026-07-11 14:12:27 [INFO] < ESP32: 0
2026-07-11 14:12:27 [INFO] < ESP32: 0
2026-07-11 14:12:27 [INFO] < ESP32: 0
2026-07-11 14:12:27 [INFO] < ESP32: 0
2026-07-11 14:12:27 [INFO] < ESP32: 0
2026-07-11 14:12:27 [INFO] < ESP32: 0
2026-07-11 14:12:27 [INFO] < ESP32: 0
2026-07-11 14:12:27 [INFO] < ESP32: 0
2026-07-11 14:12:27 [INFO] < ESP32: 0
2026-07-11 14:12:27 [INFO] < ESP32: 0
2026-07-11 14:12:27 [INFO] < ESP32: 0
2026-07-11 14:12:27 [INFO] < ESP32: 0
2026-07-11 14:12:27 [INFO] < ESP32: 0
2026-07-11 14:12:27 [INFO] < ESP32: 0
2026-07-11 14:12:27 [INFO] < ESP32: 0
2026-07-11 14:12:27 [INFO] < ESP32: 0
2026-07-11 14:12:27 [INFO] < ESP32: 0
2026-07-11 14:12:27 [INFO] < ESP32: 2047
2026-07-11 14:12:27 [INFO] < ESP32: 65535
2026-07-11 14:12:27 [INFO] < ESP32: 65535
2026-07-11 14:12:27 [INFO] < ESP32: 65535
2026-07-11 14:12:27 [INFO] < ESP32: 65535
2026-07-11 14:12:27 [INFO] < ESP32: 63488
2026-07-11 14:12:27 [INFO] < ESP32: 0
2026-07-11 14:12:27 [INFO] < ESP32: 0
2026-07-11 14:12:27 [INFO] < ESP32: 0
2026-07-11 14:12:27 [INFO] < ESP32: 2047
2026-07-11 14:12:27 [INFO] < ESP32: 65535
2026-07-11 14:12:27 [INFO] < ESP32: 63488
2026-07-11 14:12:27 [INFO] < ESP32: 2047
2026-07-11 14:12:27 [INFO] < ESP32: 65535
2026-07-11 14:12:27 [INFO] < ESP32: 63488
2026-07-11 14:12:27 [INFO] < ESP32: 0
2026-07-11 14:12:27 [INFO] < ESP32: 0
2026-07-11 14:12:27 [INFO] < ESP32: 2047
2026-07-11 14:12:27 [INFO] < ESP32: 65535
2026-07-11 14:12:27 [INFO] < ESP32: 63488
2026-07-11 14:12:27 [INFO] < ESP32: 0
2026-07-11 14:12:27 [INFO] < ESP32: 2047
2026-07-11 14:12:27 [INFO] < ESP32: 65535
2026-07-11 14:12:27 [INFO] < ESP32: 63488
2026-07-11 14:12:27 [INFO] < ESP32: 0
2026-07-11 14:12:27 [INFO] < ESP32: 2047
2026-07-11 14:12:27 [INFO] < ESP32: 65535
2026-07-11 14:12:27 [INFO] < ESP32: 63488
2026-07-11 14:12:27 [INFO] < ESP32: 0
2026-07-11 14:12:27 [INFO] < ESP32: 2047
2026-07-11 14:12:27 [INFO] < ESP32: 65535
2026-07-11 14:12:27 [INFO] < ESP32: 63488
2026-07-11 14:12:27 [INFO] < ESP32: 0
2026-07-11 14:12:27 [INFO] < ESP32: 2047
2026-07-11 14:12:27 [INFO] < ESP32: 65535
2026-07-11 14:12:27 [INFO] < ESP32: 63488
2026-07-11 14:12:27 [INFO] < ESP32: 0
2026-07-11 14:12:27 [INFO] < ESP32: 2047
2026-07-11 14:12:27 [INFO] < ESP32: 65535
2026-07-11 14:12:27 [INFO] < ESP32: 63488
2026-07-11 14:12:27 [INFO] < ESP32: 0
2026-07-11 14:12:27 [INFO] < ESP32: 2047
2026-07-11 14:12:27 [INFO] < ESP32: 65535
2026-07-11 14:12:27 [INFO] < ESP32: 63488
2026-07-11 14:12:27 [INFO] < ESP32: 2047
2026-07-11 14:12:27 [INFO] < ESP32: 65535
2026-07-11 14:12:27 [INFO] < ESP32: 63488
2026-07-11 14:12:27 [INFO] < ESP32: 0
2026-07-11 14:12:27 [INFO] < ESP32: 2047
2026-07-11 14:12:27 [INFO] < ESP32: 65535
2026-07-11 14:12:27 [INFO] < ESP32: 65535
2026-07-11 14:12:27 [INFO] < ESP32: 65535
2026-07-11 14:12:27 [INFO] < ESP32: 65535
2026-07-11 14:12:27 [INFO] < ESP32: 63488
2026-07-11 14:12:27 [INFO] < ESP32: 0
2026-07-11 14:12:27 [INFO] < ESP32: 0
2026-07-11 14:12:27 [INFO] < ESP32: 0
2026-07-11 14:12:27 [INFO] < ESP32: 0
2026-07-11 14:12:27 [INFO] < ESP32: 0
2026-07-11 14:12:27 [INFO] < ESP32: 0
2026-07-11 14:12:27 [INFO] < ESP32: 0
2026-07-11 14:12:27 [INFO] < ESP32: 0
2026-07-11 14:12:27 [INFO] < ESP32: 0
2026-07-11 14:12:27 [INFO] < ESP32: 0
2026-07-11 14:12:27 [INFO] < ESP32: 0
2026-07-11 14:12:27 [INFO] < ESP32: 0
2026-07-11 14:12:27 [INFO] < ESP32: 0
2026-07-11 14:12:27 [INFO] < ESP32: 0
2026-07-11 14:12:27 [INFO] < ESP32: 0
2026-07-11 14:12:27 [INFO] < ESP32: 0
2026-07-11 14:12:27 [INFO] < ESP32: 0
2026-07-11 14:12:27 [INFO] < ESP32: 0
2026-07-11 14:12:27 [INFO] < ESP32: 0
2026-07-11 14:12:27 [INFO] < ESP32: 0
2026-07-11 14:12:27 [INFO] < ESP32: 0
2026-07-11 14:12:27 [INFO] < ESP32: 0
2026-07-11 14:12:27 [INFO] < ESP32: 0
2026-07-11 14:12:27 [INFO] < ESP32: 0
2026-07-11 14:12:27 [INFO] < ESP32: 0
2026-07-11 14:12:27 [INFO] < ESP32: 0
2026-07-11 14:12:27 [INFO] < ESP32: 0
2026-07-11 14:12:27 [INFO] < ESP32: 2047
2026-07-11 14:12:27 [INFO] < ESP32: 65535
2026-07-11 14:12:27 [INFO] < ESP32: 65535
2026-07-11 14:12:27 [INFO] < ESP32: 65535
2026-07-11 14:12:27 [INFO] < ESP32: 63488
2026-07-11 14:12:27 [INFO] < ESP32: 0
2026-07-11 14:12:27 [INFO] < ESP32: 0
2026-07-11 14:12:27 [INFO] < ESP32: 2047
2026-07-11 14:12:27 [INFO] < ESP32: 65535
2026-07-11 14:12:27 [INFO] < ESP32: 63488
2026-07-11 14:12:27 [INFO] < ESP32: 0
2026-07-11 14:12:27 [INFO] < ESP32: 2047
2026-07-11 14:12:27 [INFO] < ESP32: 65535
2026-07-11 14:12:27 [INFO] < ESP32: 63488
2026-07-11 14:12:27 [INFO] < ESP32: 0
2026-07-11 14:12:27 [INFO] < ESP32: 2047
2026-07-11 14:12:27 [INFO] < ESP32: 65535
2026-07-11 14:12:27 [INFO] < ESP32: 63488
2026-07-11 14:12:27 [INFO] < ESP32: 0
2026-07-11 14:12:27 [INFO] < ESP32: 2047
2026-07-11 14:12:27 [INFO] < ESP32: 65535
2026-07-11 14:12:27 [INFO] < ESP32: 63488
2026-07-11 14:12:27 [INFO] < ESP32: 0
2026-07-11 14:12:27 [INFO] < ESP32: 2047
2026-07-11 14:12:27 [INFO] < ESP32: 65535
2026-07-11 14:12:27 [INFO] < ESP32: 63488
2026-07-11 14:12:27 [INFO] < ESP32: 0
2026-07-11 14:12:27 [INFO] < ESP32: 2047
2026-07-11 14:12:27 [INFO] < ESP32: 65535
2026-07-11 14:12:27 [INFO] < ESP32: 63488
2026-07-11 14:12:27 [INFO] < ESP32: 0
2026-07-11 14:12:27 [INFO] < ESP32: 0
2026-07-11 14:12:27 [INFO] < ESP32: 2047
2026-07-11 14:12:27 [INFO] < ESP32: 65535
2026-07-11 14:12:27 [INFO] < ESP32: 65535
2026-07-11 14:12:27 [INFO] < ESP32: 65535
2026-07-11 14:12:27 [INFO] < ESP32: 63488
2026-07-11 14:12:27 [INFO] < ESP32: 0
2026-07-11 14:12:27 [INFO] < ESP32: 0
2026-07-11 14:12:27 [INFO] < ESP32: 0
2026-07-11 14:12:27 [INFO] < ESP32: 0
2026-07-11 14:12:27 [INFO] < ESP32: 0
2026-07-11 14:12:27 [INFO] < ESP32: 0
2026-07-11 14:12:27 [INFO] < ESP32: 0
2026-07-11 14:12:27 [INFO] < ESP32: 0
2026-07-11 14:12:27 [INFO] < ESP32: 0
2026-07-11 14:12:27 [INFO] < ESP32: 0
2026-07-11 14:12:27 [INFO] < ESP32: 0
2026-07-11 14:12:27 [INFO] < ESP32: 0
2026-07-11 14:12:27 [INFO] < ESP32: 0
2026-07-11 14:12:27 [INFO] < ESP32: 0
2026-07-11 14:12:27 [INFO] < ESP32: 0
2026-07-11 14:12:27 [INFO] < ESP32: 0
2026-07-11 14:12:27 [INFO] < ESP32: 0
2026-07-11 14:12:27 [INFO] < ESP32: 0
2026-07-11 14:12:27 [INFO] < ESP32: 0
2026-07-11 14:12:27 [INFO] < ESP32: 0
2026-07-11 14:12:27 [INFO] < ESP32: 0
2026-07-11 14:12:27 [INFO] < ESP32: 0
2026-07-11 14:12:27 [INFO] < ESP32: 0
2026-07-11 14:12:27 [INFO] < ESP32: 0
2026-07-11 14:12:27 [INFO] < ESP32: 0
2026-07-11 14:12:27 [INFO] < ESP32: 0
2026-07-11 14:12:27 [INFO] < ESP32: 2047
2026-07-11 14:12:27 [INFO] < ESP32: 65535
2026-07-11 14:12:27 [INFO] < ESP32: 63488
2026-07-11 14:12:27 [INFO] < ESP32: 0
2026-07-11 14:12:27 [INFO] < ESP32: 0
2026-07-11 14:12:27 [INFO] < ESP32: 2047
2026-07-11 14:12:27 [INFO] < ESP32: 65535
2026-07-11 14:12:27 [INFO] < ESP32: 63488
2026-07-11 14:12:27 [INFO] < ESP32: 2047
2026-07-11 14:12:27 [INFO] < ESP32: 65535
2026-07-11 14:12:27 [INFO] < ESP32: 63488
2026-07-11 14:12:27 [INFO] < ESP32: 2047
2026-07-11 14:12:27 [INFO] < ESP32: 63488
2026-07-11 14:12:27 [INFO] < ESP32: 2047
2026-07-11 14:12:27 [INFO] < ESP32: 65535
2026-07-11 14:12:27 [INFO] < ESP32: 63488
2026-07-11 14:12:27 [INFO] < ESP32: 2047
2026-07-11 14:12:27 [INFO] < ESP32: 65535
2026-07-11 14:12:27 [INFO] < ESP32: 65535
2026-07-11 14:12:27 [INFO] < ESP32: 65535
2026-07-11 14:12:27 [INFO] < ESP32: 65535
2026-07-11 14:12:27 [INFO] < ESP32: 65535
2026-07-11 14:12:27 [INFO] < ESP32: 65535
2026-07-11 14:12:27 [INFO] < ESP32: 63488
2026-07-11 14:12:27 [INFO] < ESP32: 2047
2026-07-11 14:12:27 [INFO] < ESP32: 65535
2026-07-11 14:12:27 [INFO] < ESP32: 65535
2026-07-11 14:12:27 [INFO] < ESP32: 65535
2026-07-11 14:12:27 [INFO] < ESP32: 65535
2026-07-11 14:12:27 [INFO] < ESP32: 65535
2026-07-11 14:12:27 [INFO] < ESP32: 65535
2026-07-11 14:12:27 [INFO] < ESP32: 63488
2026-07-11 14:12:27 [INFO] < ESP32: 0
2026-07-11 14:12:27 [INFO] < ESP32: 2047
2026-07-11 14:12:27 [INFO] < ESP32: 65535
2026-07-11 14:12:27 [INFO] < ESP32: 63488
2026-07-11 14:12:27 [INFO] < ESP32: 2047
2026-07-11 14:12:27 [INFO] < ESP32: 65535
2026-07-11 14:12:27 [INFO] < ESP32: 63488
2026-07-11 14:12:27 [INFO] < ESP32: 0
2026-07-11 14:12:27 [INFO] < ESP32: 0
2026-07-11 14:12:27 [INFO] < ESP32: 0
2026-07-11 14:12:27 [INFO] < ESP32: 0
2026-07-11 14:12:27 [INFO] < ESP32: 0
2026-07-11 14:12:27 [INFO] < ESP32: 0
2026-07-11 14:12:27 [INFO] < ESP32: 0
2026-07-11 14:12:27 [INFO] < ESP32: 0
2026-07-11 14:12:27 [INFO] < ESP32: 0
2026-07-11 14:12:27 [INFO] < ESP32: 0
2026-07-11 14:12:27 [INFO] < ESP32: 0
2026-07-11 14:12:27 [INFO] < ESP32: 0
2026-07-11 14:12:27 [INFO] < ESP32: 0
2026-07-11 14:12:27 [INFO] < ESP32: 0
2026-07-11 14:12:27 [INFO] < ESP32: 0
2026-07-11 14:12:27 [INFO] < ESP32: 0
2026-07-11 14:12:27 [INFO] < ESP32: 0
2026-07-11 14:12:27 [INFO] < ESP32: 0
2026-07-11 14:12:27 [INFO] < ESP32: 0
2026-07-11 14:12:27 [INFO] < ESP32: 0
2026-07-11 14:12:27 [INFO] < ESP32: 0
2026-07-11 14:12:27 [INFO] < ESP32: 0
2026-07-11 14:12:27 [INFO] < ESP32: 0
2026-07-11 14:12:27 [INFO] < ESP32: 0
2026-07-11 14:12:27 [INFO] < ESP32: 0
2026-07-11 14:12:27 [INFO] < ESP32: 2047
2026-07-11 14:12:27 [INFO] < ESP32: 65535
2026-07-11 14:12:27 [INFO] < ESP32: 65535
2026-07-11 14:12:27 [INFO] < ESP32: 65535
2026-07-11 14:12:27 [INFO] < ESP32: 65535
2026-07-11 14:12:27 [INFO] < ESP32: 63488
2026-07-11 14:12:27 [INFO] < ESP32: 0
2026-07-11 14:12:27 [INFO] < ESP32: 0
2026-07-11 14:12:27 [INFO] < ESP32: 2047
2026-07-11 14:12:27 [INFO] < ESP32: 65535
2026-07-11 14:12:27 [INFO] < ESP32: 63488
2026-07-11 14:12:27 [INFO] < ESP32: 0
2026-07-11 14:12:27 [INFO] < ESP32: 2047
2026-07-11 14:12:27 [INFO] < ESP32: 65535
2026-07-11 14:12:27 [INFO] < ESP32: 63488
2026-07-11 14:12:27 [INFO] < ESP32: 0
2026-07-11 14:12:27 [INFO] < ESP32: 2047
2026-07-11 14:12:27 [INFO] < ESP32: 65535
2026-07-11 14:12:27 [INFO] < ESP32: 63488
2026-07-11 14:12:27 [INFO] < ESP32: 0
2026-07-11 14:12:27 [INFO] < ESP32: 2047
2026-07-11 14:12:27 [INFO] < ESP32: 65535
2026-07-11 14:12:27 [INFO] < ESP32: 63488
2026-07-11 14:12:27 [INFO] < ESP32: 0
2026-07-11 14:12:27 [INFO] < ESP32: 2047
2026-07-11 14:12:27 [INFO] < ESP32: 65535
2026-07-11 14:12:27 [INFO] < ESP32: 63488
2026-07-11 14:12:27 [INFO] < ESP32: 0
2026-07-11 14:12:27 [INFO] < ESP32: 2047
2026-07-11 14:12:27 [INFO] < ESP32: 65535
2026-07-11 14:12:27 [INFO] < ESP32: 63488
2026-07-11 14:12:27 [INFO] < ESP32: 0
2026-07-11 14:12:27 [INFO] < ESP32: 2047
2026-07-11 14:12:27 [INFO] < ESP32: 65535
2026-07-11 14:12:27 [INFO] < ESP32: 63488
2026-07-11 14:12:27 [INFO] < ESP32: 0
2026-07-11 14:12:27 [INFO] < ESP32: 2047
2026-07-11 14:12:27 [INFO] < ESP32: 65535
2026-07-11 14:12:27 [INFO] < ESP32: 63488
2026-07-11 14:12:27 [INFO] < ESP32: 0
2026-07-11 14:12:27 [INFO] < ESP32: 0
2026-07-11 14:12:27 [INFO] < ESP32: 0
2026-07-11 14:12:27 [INFO] < ESP32: 0
2026-07-11 14:12:27 [INFO] < ESP32: 0
2026-07-11 14:12:27 [INFO] < ESP32: 0
2026-07-11 14:12:27 [INFO] < ESP32: 0
2026-07-11 14:12:27 [INFO] < ESP32: 0
2026-07-11 14:12:27 [INFO] < ESP32: 0
2026-07-11 14:12:27 [INFO] < ESP32: 2047
2026-07-11 14:12:27 [INFO] < ESP32: 65535
2026-07-11 14:12:27 [INFO] < ESP32: 65535
2026-07-11 14:12:27 [INFO] < ESP32: 65535
2026-07-11 14:12:27 [INFO] < ESP32: 65535
2026-07-11 14:12:27 [INFO] < ESP32: 65535
2026-07-11 14:12:27 [INFO] < ESP32: 63488
2026-07-11 14:12:27 [INFO] < ESP32: 0
2026-07-11 14:12:27 [INFO] < ESP32: 0
2026-07-11 14:12:27 [INFO] < ESP32: 2047
2026-07-11 14:12:27 [INFO] < ESP32: 65535
2026-07-11 14:12:27 [INFO] < ESP32: 63488
2026-07-11 14:12:27 [INFO] < ESP32: 0
2026-07-11 14:12:27 [INFO] < ESP32: 2047
2026-07-11 14:12:27 [INFO] < ESP32: 65535
2026-07-11 14:12:27 [INFO] < ESP32: 63488
2026-07-11 14:12:27 [INFO] < ESP32: 0
2026-07-11 14:12:27 [INFO] < ESP32: 2047
2026-07-11 14:12:27 [INFO] < ESP32: 65535
2026-07-11 14:12:27 [INFO] < ESP32: 63488
2026-07-11 14:12:27 [INFO] < ESP32: 0
2026-07-11 14:12:27 [INFO] < ESP32: 2047
2026-07-11 14:12:27 [INFO] < ESP32: 65535
2026-07-11 14:12:27 [INFO] < ESP32: 63488
2026-07-11 14:12:27 [INFO] < ESP32: 0
2026-07-11 14:12:27 [INFO] < ESP32: 2047
2026-07-11 14:12:27 [INFO] < ESP32: 65535
2026-07-11 14:12:27 [INFO] < ESP32: 65535
2026-07-11 14:12:27 [INFO] < ESP32: 65535
2026-07-11 14:12:27 [INFO] < ESP32: 65535
2026-07-11 14:12:27 [INFO] < ESP32: 63488
2026-07-11 14:12:27 [INFO] < ESP32: 0
2026-07-11 14:12:27 [INFO] > Sent: UP:a
2026-07-11 14:12:27 [INFO] < ESP32: 0
2026-07-11 14:12:27 [INFO] < ESP32: 2047
2026-07-11 14:12:27 [INFO] < ESP32: 65535
2026-07-11 14:12:27 [INFO] < ESP32: 63488
2026-07-11 14:12:27 [INFO] < ESP32: 2047
2026-07-11 14:12:27 [INFO] < ESP32: 65535
2026-07-11 14:12:27 [INFO] < ESP32: 63488
2026-07-11 14:12:27 [INFO] < ESP32: 0
2026-07-11 14:12:27 [INFO] < ESP32: 0
2026-07-11 14:12:27 [INFO] < ESP32: 2047
2026-07-11 14:12:27 [INFO] < ESP32: 65535
2026-07-11 14:12:27 [INFO] < ESP32: 63488
2026-07-11 14:12:27 [INFO] < ESP32: 0
2026-07-11 14:12:27 [INFO] < ESP32: 2047
2026-07-11 14:12:27 [INFO] < ESP32: 65535
2026-07-11 14:12:27 [INFO] < ESP32: 63488
2026-07-11 14:12:27 [INFO] < ESP32: 2047
2026-07-11 14:12:27 [INFO] < ESP32: 65535
2026-07-11 14:12:27 [INFO] < ESP32: 65535
2026-07-11 14:12:27 [INFO] < ESP32: 63488
2026-07-11 14:12:27 [INFO] < ESP32: 0
2026-07-11 14:12:27 [INFO] < ESP32: 2047
2026-07-11 14:12:27 [INFO] < ESP32: 65535
2026-07-11 14:12:27 [INFO] < ESP32: 63488
2026-07-11 14:12:27 [INFO] < ESP32: 0
2026-07-11 14:12:27 [INFO] < ESP32: 0
2026-07-11 14:12:27 [INFO] < ESP32: 0
2026-07-11 14:12:27 [INFO] < ESP32: 0
2026-07-11 14:12:27 [INFO] < ESP32: 0
2026-07-11 14:12:27 [INFO] < ESP32: 0
2026-07-11 14:12:27 [INFO] < ESP32: 0
2026-07-11 14:12:27 [INFO] < ESP32: 0
2026-07-11 14:12:27 [INFO] < ESP32: 0
2026-07-11 14:12:27 [INFO] < ESP32: 0
2026-07-11 14:12:27 [INFO] < ESP32: 0
2026-07-11 14:12:27 [INFO] < ESP32: 0
2026-07-11 14:12:27 [INFO] < ESP32: 0
2026-07-11 14:12:27 [INFO] < ESP32: 0
2026-07-11 14:12:27 [INFO] < ESP32: 0
2026-07-11 14:12:27 [INFO] < ESP32: 0
2026-07-11 14:12:27 [INFO] < ESP32: 0
2026-07-11 14:12:27 [INFO] < ESP32: 0
2026-07-11 14:12:27 [INFO] < ESP32: 0
2026-07-11 14:12:27 [INFO] < ESP32: 0
2026-07-11 14:12:27 [INFO] < ESP32: 0
2026-07-11 14:12:27 [INFO] < ESP32: 0
2026-07-11 14:12:27 [INFO] < ESP32: 0
2026-07-11 14:12:27 [INFO] < ESP32: 0
2026-07-11 14:12:27 [INFO] < ESP32: 0
2026-07-11 14:12:27 [INFO] < ESP32: 2047
2026-07-11 14:12:27 [INFO] < ESP32: 65535
2026-07-11 14:12:27 [INFO] < ESP32: 65535
2026-07-11 14:12:27 [INFO] < ESP32: 65535
2026-07-11 14:12:27 [INFO] < ESP32: 63488
2026-07-11 14:12:27 [INFO] < ESP32: 0
2026-07-11 14:12:27 [INFO] < ESP32: 0
2026-07-11 14:12:27 [INFO] < ESP32: 2047
2026-07-11 14:12:27 [INFO] < ESP32: 65535
2026-07-11 14:12:27 [INFO] < ESP32: 63488
2026-07-11 14:12:27 [INFO] < ESP32: 0
2026-07-11 14:12:27 [INFO] < ESP32: 2047
2026-07-11 14:12:27 [INFO] < ESP32: 65535
2026-07-11 14:12:27 [INFO] < ESP32: 63488
2026-07-11 14:12:27 [INFO] < ESP32: 0
2026-07-11 14:12:27 [INFO] < ESP32: 2047
2026-07-11 14:12:27 [INFO] < ESP32: 65535
2026-07-11 14:12:27 [INFO] < ESP32: 65535
2026-07-11 14:12:27 [INFO] < ESP32: 65535
2026-07-11 14:12:27 [INFO] < ESP32: 65535
2026-07-11 14:12:27 [INFO] < ESP32: 65535
2026-07-11 14:12:27 [INFO] < ESP32: 63488
2026-07-11 14:12:27 [INFO] < ESP32: 0
2026-07-11 14:12:27 [INFO] < ESP32: 2047
2026-07-11 14:12:27 [INFO] < ESP32: 65535
2026-07-11 14:12:27 [INFO] < ESP32: 63488
2026-07-11 14:12:27 [INFO] < ESP32: 0
2026-07-11 14:12:27 [INFO] < ESP32: 0
2026-07-11 14:12:27 [INFO] < ESP32: 0
2026-07-11 14:12:27 [INFO] < ESP32: 0
2026-07-11 14:12:27 [INFO] < ESP32: 0
2026-07-11 14:12:27 [INFO] < ESP32: 0
2026-07-11 14:12:27 [INFO] < ESP32: 2047
2026-07-11 14:12:27 [INFO] < ESP32: 65535
2026-07-11 14:12:27 [INFO] < ESP32: 65535
2026-07-11 14:12:27 [INFO] < ESP32: 65535
2026-07-11 14:12:27 [INFO] < ESP32: 63488
2026-07-11 14:12:27 [INFO] < ESP32: 0
2026-07-11 14:12:27 [INFO] < ESP32: 0
2026-07-11 14:12:27 [INFO] < ESP32: 0
2026-07-11 14:12:27 [INFO] < ESP32: 0
2026-07-11 14:12:27 [INFO] < ESP32: 0
2026-07-11 14:12:27 [INFO] < ESP32: 0
2026-07-11 14:12:27 [INFO] < ESP32: 0
2026-07-11 14:12:27 [INFO] < ESP32: 0
2026-07-11 14:12:27 [INFO] < ESP32: 0
2026-07-11 14:12:27 [INFO] < ESP32: 0
2026-07-11 14:12:27 [INFO] < ESP32: 0
2026-07-11 14:12:27 [INFO] < ESP32: 0
2026-07-11 14:12:27 [INFO] < ESP32: 0
2026-07-11 14:12:27 [INFO] < ESP32: 0
2026-07-11 14:12:27 [INFO] < ESP32: 0
2026-07-11 14:12:27 [INFO] < ESP32: 0
2026-07-11 14:12:27 [INFO] < ESP32: 0
2026-07-11 14:12:27 [INFO] < ESP32: 0
2026-07-11 14:12:27 [INFO] < ESP32: 0
2026-07-11 14:12:27 [INFO] < ESP32: 0
2026-07-11 14:12:27 [INFO] < ESP32: 0
2026-07-11 14:12:27 [INFO] < ESP32: 0
2026-07-11 14:12:27 [INFO] < ESP32: 0
2026-07-11 14:12:27 [INFO] < ESP32: 0
2026-07-11 14:12:27 [INFO] < ESP32: 0
2026-07-11 14:12:27 [INFO] < ESP32: 0
2026-07-11 14:12:27 [INFO] < ESP32: 0
2026-07-11 14:12:27 [INFO] < ESP32: 2047
2026-07-11 14:12:27 [INFO] < ESP32: 65535
2026-07-11 14:12:27 [INFO] < ESP32: 65535
2026-07-11 14:12:27 [INFO] < ESP32: 65535
2026-07-11 14:12:27 [INFO] < ESP32: 63488
2026-07-11 14:12:27 [INFO] < ESP32: 0
2026-07-11 14:12:27 [INFO] < ESP32: 0
2026-07-11 14:12:27 [INFO] < ESP32: 2047
2026-07-11 14:12:27 [INFO] < ESP32: 65535
2026-07-11 14:12:27 [INFO] < ESP32: 63488
2026-07-11 14:12:27 [INFO] < ESP32: 0
2026-07-11 14:12:27 [INFO] < ESP32: 2047
2026-07-11 14:12:27 [INFO] < ESP32: 65535
2026-07-11 14:12:27 [INFO] < ESP32: 63488
2026-07-11 14:12:27 [INFO] < ESP32: 0
2026-07-11 14:12:27 [INFO] < ESP32: 2047
2026-07-11 14:12:27 [INFO] < ESP32: 65535
2026-07-11 14:12:27 [INFO] < ESP32: 63488
2026-07-11 14:12:27 [INFO] < ESP32: 0
2026-07-11 14:12:27 [INFO] < ESP32: 0
2026-07-11 14:12:27 [INFO] < ESP32: 0
2026-07-11 14:12:27 [INFO] < ESP32: 0
2026-07-11 14:12:27 [INFO] < ESP32: 0
2026-07-11 14:12:27 [INFO] < ESP32: 2047
2026-07-11 14:12:27 [INFO] < ESP32: 65535
2026-07-11 14:12:27 [INFO] < ESP32: 63488
2026-07-11 14:12:27 [INFO] < ESP32: 0
2026-07-11 14:12:27 [INFO] < ESP32: 2047
2026-07-11 14:12:27 [INFO] < ESP32: 65535
2026-07-11 14:12:27 [INFO] < ESP32: 63488
2026-07-11 14:12:27 [INFO] < ESP32: 0
2026-07-11 14:12:27 [INFO] < ESP32: 0
2026-07-11 14:12:27 [INFO] < ESP32: 2047
2026-07-11 14:12:27 [INFO] < ESP32: 65535
2026-07-11 14:12:27 [INFO] < ESP32: 65535
2026-07-11 14:12:27 [INFO] < ESP32: 65535
2026-07-11 14:12:27 [INFO] < ESP32: 63488
2026-07-11 14:12:27 [INFO] < ESP32: 0
2026-07-11 14:12:27 [INFO] < ESP32: 0
2026-07-11 14:12:27 [INFO] < ESP32: 0
2026-07-11 14:12:27 [INFO] < ESP32: 0
2026-07-11 14:12:27 [INFO] < ESP32: 0
2026-07-11 14:12:27 [INFO] < ESP32: 0
2026-07-11 14:12:27 [INFO] < ESP32: 0
2026-07-11 14:12:27 [INFO] < ESP32: 0
2026-07-11 14:12:27 [INFO] < ESP32: 0
2026-07-11 14:12:27 [INFO] < ESP32: 0
2026-07-11 14:12:27 [INFO] < ESP32: 0
2026-07-11 14:12:27 [INFO] < ESP32: 0
2026-07-11 14:12:27 [INFO] < ESP32: 0
2026-07-11 14:12:27 [INFO] < ESP32: 0
2026-07-11 14:12:27 [INFO] < ESP32: 0
2026-07-11 14:12:27 [INFO] < ESP32: 0
2026-07-11 14:12:27 [INFO] < ESP32: 0
2026-07-11 14:12:27 [INFO] < ESP32: 0
2026-07-11 14:12:27 [INFO] < ESP32: 0
2026-07-11 14:12:27 [INFO] < ESP32: 0
2026-07-11 14:12:27 [INFO] < ESP32: 0
2026-07-11 14:12:27 [INFO] < ESP32: 0
2026-07-11 14:12:27 [INFO] < ESP32: 0
2026-07-11 14:12:27 [INFO] < ESP32: 0
2026-07-11 14:12:27 [INFO] < ESP32: 0
2026-07-11 14:12:27 [INFO] < ESP32: 0
2026-07-11 14:12:27 [INFO] < ESP32: 0
2026-07-11 14:12:27 [INFO] < ESP32: 2047
2026-07-11 14:12:27 [INFO] < ESP32: 65535
2026-07-11 14:12:27 [INFO] < ESP32: 65535
2026-07-11 14:12:27 [INFO] < ESP32: 65535
2026-07-11 14:12:27 [INFO] < ESP32: 63488
2026-07-11 14:12:27 [INFO] < ESP32: 0
2026-07-11 14:12:27 [INFO] < ESP32: 0
2026-07-11 14:12:27 [INFO] < ESP32: 2047
2026-07-11 14:12:27 [INFO] < ESP32: 65535
2026-07-11 14:12:27 [INFO] < ESP32: 63488
2026-07-11 14:12:27 [INFO] < ESP32: 0
2026-07-11 14:12:27 [INFO] < ESP32: 2047
2026-07-11 14:12:27 [INFO] < ESP32: 65535
2026-07-11 14:12:27 [INFO] < ESP32: 63488
2026-07-11 14:12:27 [INFO] < ESP32: 0
2026-07-11 14:12:27 [INFO] < ESP32: 2047
2026-07-11 14:12:27 [INFO] < ESP32: 65535
2026-07-11 14:12:27 [INFO] < ESP32: 65535
2026-07-11 14:12:27 [INFO] < ESP32: 65535
2026-07-11 14:12:27 [INFO] < ESP32: 65535
2026-07-11 14:12:27 [INFO] < ESP32: 65535
2026-07-11 14:12:27 [INFO] < ESP32: 63488
2026-07-11 14:12:27 [INFO] < ESP32: 0
2026-07-11 14:12:27 [INFO] < ESP32: 2047
2026-07-11 14:12:27 [INFO] < ESP32: 65535
2026-07-11 14:12:27 [INFO] < ESP32: 63488
2026-07-11 14:12:27 [INFO] < ESP32: 0
2026-07-11 14:12:27 [INFO] < ESP32: 0
2026-07-11 14:12:27 [INFO] < ESP32: 0
2026-07-11 14:12:27 [INFO] < ESP32: 0
2026-07-11 14:12:27 [INFO] < ESP32: 0
2026-07-11 14:12:27 [INFO] < ESP32: 0
2026-07-11 14:12:27 [INFO] < ESP32: 2047
2026-07-11 14:12:27 [INFO] < ESP32: 65535
2026-07-11 14:12:27 [INFO] < ESP32: 65535
2026-07-11 14:12:27 [INFO] < ESP32: 65535
2026-07-11 14:12:27 [INFO] < ESP32: 63488
2026-07-11 14:12:27 [INFO] < ESP32: 0
2026-07-11 14:12:27 [INFO] < ESP32: 0
2026-07-11 14:12:27 [INFO] < ESP32: 0
2026-07-11 14:12:27 [INFO] < ESP32: 0
2026-07-11 14:12:27 [INFO] < ESP32: 0
2026-07-11 14:12:27 [INFO] < ESP32: 0
2026-07-11 14:12:27 [INFO] < ESP32: 0
2026-07-11 14:12:27 [INFO] < ESP32: 0
2026-07-11 14:12:27 [INFO] < ESP32: 0
2026-07-11 14:12:27 [INFO] < ESP32: 0
2026-07-11 14:12:27 [INFO] < ESP32: 0
2026-07-11 14:12:27 [INFO] < ESP32: 0
2026-07-11 14:12:27 [INFO] < ESP32: 2047
2026-07-11 14:12:27 [INFO] < ESP32: 65535
2026-07-11 14:12:27 [INFO] < ESP32: 63488
2026-07-11 14:12:27 [INFO] < ESP32: 0
2026-07-11 14:12:27 [INFO] < ESP32: 0
2026-07-11 14:12:27 [INFO] < ESP32: 0
2026-07-11 14:12:27 [INFO] < ESP32: 0
2026-07-11 14:12:27 [INFO] < ESP32: 0
2026-07-11 14:12:27 [INFO] < ESP32: 0
2026-07-11 14:12:27 [INFO] < ESP32: 0
2026-07-11 14:12:27 [INFO] < ESP32: 0
2026-07-11 14:12:27 [INFO] < ESP32: 0
2026-07-11 14:12:27 [INFO] < ESP32: 0
2026-07-11 14:12:27 [INFO] < ESP32: 0
2026-07-11 14:12:27 [INFO] < ESP32: 0
2026-07-11 14:12:27 [INFO] < ESP32: 2047
2026-07-11 14:12:27 [INFO] < ESP32: 65535
2026-07-11 14:12:27 [INFO] < ESP32: 65535
2026-07-11 14:12:27 [INFO] < ESP32: 63488
2026-07-11 14:12:27 [INFO] < ESP32: 0
2026-07-11 14:12:27 [INFO] < ESP32: 0
2026-07-11 14:12:27 [INFO] < ESP32: 0
2026-07-11 14:12:27 [INFO] < ESP32: 0
2026-07-11 14:12:27 [INFO] < ESP32: 0
2026-07-11 14:12:27 [INFO] < ESP32: 2047
2026-07-11 14:12:27 [INFO] < ESP32: 65535
2026-07-11 14:12:27 [INFO] < ESP32: 63488
2026-07-11 14:12:27 [INFO] < ESP32: 0
2026-07-11 14:12:27 [INFO] < ESP32: 0
2026-07-11 14:12:27 [INFO] < ESP32: 0
2026-07-11 14:12:27 [INFO] < ESP32: 0
2026-07-11 14:12:27 [INFO] < ESP32: 0
2026-07-11 14:12:27 [INFO] < ESP32: 2047
2026-07-11 14:12:27 [INFO] < ESP32: 65535
2026-07-11 14:12:27 [INFO] < ESP32: 63488
2026-07-11 14:12:27 [INFO] < ESP32: 0
2026-07-11 14:12:27 [INFO] < ESP32: 0
2026-07-11 14:12:27 [INFO] < ESP32: 0
2026-07-11 14:12:27 [INFO] < ESP32: 0
2026-07-11 14:12:27 [INFO] < ESP32: 0
2026-07-11 14:12:27 [INFO] < ESP32: 2047
2026-07-11 14:12:27 [INFO] < ESP32: 65535
2026-07-11 14:12:27 [INFO] < ESP32: 63488
2026-07-11 14:12:27 [INFO] < ESP32: 0
2026-07-11 14:12:27 [INFO] < ESP32: 0
2026-07-11 14:12:27 [INFO] < ESP32: 0
2026-07-11 14:12:27 [INFO] < ESP32: 0
2026-07-11 14:12:27 [INFO] < ESP32: 2047
2026-07-11 14:12:27 [INFO] < ESP32: 65535
2026-07-11 14:12:27 [INFO] < ESP32: 65535
2026-07-11 14:12:27 [INFO] < ESP32: 65535
2026-07-11 14:12:27 [INFO] < ESP32: 63488
2026-07-11 14:12:27 [INFO] < ESP32: 0
2026-07-11 14:12:27 [INFO] < ESP32: 0
2026-07-11 14:12:27 [INFO] < ESP32: 0
2026-07-11 14:12:27 [INFO] < ESP32: 0
2026-07-11 14:12:27 [INFO] < ESP32: 0
2026-07-11 14:12:27 [INFO] < ESP32: 0
2026-07-11 14:12:27 [INFO] < ESP32: 0
2026-07-11 14:12:27 [INFO] < ESP32: 0
2026-07-11 14:12:27 [INFO] < ESP32: 0
2026-07-11 14:12:27 [INFO] < ESP32: 0
2026-07-11 14:12:27 [INFO] < ESP32: 0
2026-07-11 14:12:27 [INFO] < ESP32: 0
2026-07-11 14:12:27 [INFO] < ESP32: 0
2026-07-11 14:12:27 [INFO] < ESP32: 0
2026-07-11 14:12:27 [INFO] < ESP32: 0
2026-07-11 14:12:27 [INFO] < ESP32: 0
2026-07-11 14:12:27 [INFO] < ESP32: 0
2026-07-11 14:12:27 [INFO] < ESP32: 0
2026-07-11 14:12:27 [INFO] < ESP32: 0
2026-07-11 14:12:27 [INFO] < ESP32: 0
2026-07-11 14:12:27 [INFO] < ESP32: 0
2026-07-11 14:12:27 [INFO] < ESP32: 0
2026-07-11 14:12:27 [INFO] < ESP32: 0
2026-07-11 14:12:27 [INFO] < ESP32: 0
2026-07-11 14:12:27 [INFO] < ESP32: 0
2026-07-11 14:12:27 [INFO] < ESP32: 0
2026-07-11 14:12:27 [INFO] < ESP32: 2047
2026-07-11 14:12:27 [INFO] < ESP32: 65535
2026-07-11 14:12:27 [INFO] < ESP32: 63488
2026-07-11 14:12:27 [INFO] < ESP32: 0
2026-07-11 14:12:27 [INFO] < ESP32: 2047
2026-07-11 14:12:27 [INFO] < ESP32: 65535
2026-07-11 14:12:27 [INFO] < ESP32: 63488
2026-07-11 14:12:27 [INFO] < ESP32: 0
2026-07-11 14:12:27 [INFO] < ESP32: 2047
2026-07-11 14:12:27 [INFO] < ESP32: 65535
2026-07-11 14:12:27 [INFO] < ESP32: 63488
2026-07-11 14:12:27 [INFO] < ESP32: 0
2026-07-11 14:12:27 [INFO] < ESP32: 2047
2026-07-11 14:12:27 [INFO] < ESP32: 65535
2026-07-11 14:12:27 [INFO] < ESP32: 63488
2026-07-11 14:12:27 [INFO] < ESP32: 0
2026-07-11 14:12:27 [INFO] < ESP32: 2047
2026-07-11 14:12:27 [INFO] < ESP32: 65535
2026-07-11 14:12:27 [INFO] < ESP32: 63488
2026-07-11 14:12:27 [INFO] < ESP32: 0
2026-07-11 14:12:27 [INFO] < ESP32: 2047
2026-07-11 14:12:27 [INFO] < ESP32: 65535
2026-07-11 14:12:27 [INFO] < ESP32: 63488
2026-07-11 14:12:27 [INFO] < ESP32: 0
2026-07-11 14:12:27 [INFO] < ESP32: 0
2026-07-11 14:12:27 [INFO] < ESP32: 2047
2026-07-11 14:12:27 [INFO] < ESP32: 65535
2026-07-11 14:12:27 [INFO] < ESP32: 65535
2026-07-11 14:12:27 [INFO] < ESP32: 65535
2026-07-11 14:12:27 [INFO] < ESP32: 63488
2026-07-11 14:12:27 [INFO] < ESP32: 0
2026-07-11 14:12:27 [INFO] < ESP32: 0
2026-07-11 14:12:27 [INFO] < ESP32: 0
2026-07-11 14:12:27 [INFO] < ESP32: 0
2026-07-11 14:12:27 [INFO] < ESP32: 2047
2026-07-11 14:12:27 [INFO] < ESP32: 65535
2026-07-11 14:12:27 [INFO] < ESP32: 63488
2026-07-11 14:12:27 [INFO] < ESP32: 0
2026-07-11 14:12:27 [INFO] < ESP32: 0
2026-07-11 14:12:27 [INFO] < ESP32: 0
2026-07-11 14:12:27 [INFO] < ESP32: 0
2026-07-11 14:12:27 [INFO] < ESP32: 0
2026-07-11 14:12:27 [INFO] < ESP32: 0
2026-07-11 14:12:27 [INFO] < ESP32: 0
2026-07-11 14:12:27 [INFO] < ESP32: 0
2026-07-11 14:12:27 [INFO] < ESP32: 0
2026-07-11 14:12:27 [INFO] < ESP32: 0
2026-07-11 14:12:27 [INFO] < ESP32: 0
2026-07-11 14:12:27 [INFO] < ESP32: 0
2026-07-11 14:12:27 [INFO] < ESP32: 0
2026-07-11 14:12:27 [INFO] < ESP32: 0
2026-07-11 14:12:27 [INFO] < ESP32: 0
2026-07-11 14:12:27 [INFO] < ESP32: 0
2026-07-11 14:12:27 [INFO] < ESP32: 0
2026-07-11 14:12:27 [INFO] < ESP32: 0
2026-07-11 14:12:27 [INFO] < ESP32: 0
2026-07-11 14:12:27 [INFO] < ESP32: 0
2026-07-11 14:12:27 [INFO] < ESP32: 0
2026-07-11 14:12:27 [INFO] < ESP32: 0
2026-07-11 14:12:27 [INFO] < ESP32: 0
2026-07-11 14:12:27 [INFO] < ESP32: 0
2026-07-11 14:12:27 [INFO] < ESP32: 0
2026-07-11 14:12:27 [INFO] < ESP32: 0
2026-07-11 14:12:27 [INFO] < ESP32: 0
2026-07-11 14:12:27 [INFO] < ESP32: 0
2026-07-11 14:12:27 [INFO] < ESP32: 2047
2026-07-11 14:12:27 [INFO] < ESP32: 65535
2026-07-11 14:12:27 [INFO] < ESP32: 65535
2026-07-11 14:12:27 [INFO] < ESP32: 65535
2026-07-11 14:12:27 [INFO] < ESP32: 63488
2026-07-11 14:12:27 [INFO] < ESP32: 0
2026-07-11 14:12:27 [INFO] < ESP32: 0
2026-07-11 14:12:27 [INFO] < ESP32: 2047
2026-07-11 14:12:27 [INFO] < ESP32: 65535
2026-07-11 14:12:27 [INFO] < ESP32: 63488
2026-07-11 14:12:27 [INFO] < ESP32: 0
2026-07-11 14:12:27 [INFO] < ESP32: 2047
2026-07-11 14:12:27 [INFO] < ESP32: 65535
2026-07-11 14:12:27 [INFO] < ESP32: 63488
2026-07-11 14:12:27 [INFO] < ESP32: 0
2026-07-11 14:12:27 [INFO] < ESP32: 2047
2026-07-11 14:12:27 [INFO] < ESP32: 65535
2026-07-11 14:12:27 [INFO] < ESP32: 65535
2026-07-11 14:12:27 [INFO] < ESP32: 65535
2026-07-11 14:12:27 [INFO] < ESP32: 65535
2026-07-11 14:12:27 [INFO] < ESP32: 65535
2026-07-11 14:12:27 [INFO] < ESP32: 63488
2026-07-11 14:12:27 [INFO] < ESP32: 0
2026-07-11 14:12:27 [INFO] < ESP32: 2047
2026-07-11 14:12:27 [INFO] < ESP32: 65535
2026-07-11 14:12:27 [INFO] < ESP32: 63488
2026-07-11 14:12:27 [INFO] < ESP32: 0
2026-07-11 14:12:27 [INFO] < ESP32: 0
2026-07-11 14:12:27 [INFO] < ESP32: 0
2026-07-11 14:12:27 [INFO] < ESP32: 0
2026-07-11 14:12:27 [INFO] < ESP32: 0
2026-07-11 14:12:27 [INFO] < ESP32: 0
2026-07-11 14:12:27 [INFO] < ESP32: 2047
2026-07-11 14:12:27 [INFO] < ESP32: 65535
2026-07-11 14:12:27 [INFO] < ESP32: 65535
2026-07-11 14:12:27 [INFO] < ESP32: 65535
2026-07-11 14:12:27 [INFO] < ESP32: 63488
2026-07-11 14:12:27 [INFO] < ESP32: 0
2026-07-11 14:12:27 [INFO] < ESP32: 0
2026-07-11 14:12:27 [INFO] < ESP32: 0
2026-07-11 14:12:27 [INFO] < ESP32: 0
2026-07-11 14:12:27 [INFO] < ESP32: 0
2026-07-11 14:12:27 [INFO] < ESP32: 0
2026-07-11 14:12:27 [INFO] < ESP32: 0
2026-07-11 14:12:27 [INFO] < ESP32: 0
2026-07-11 14:12:27 [INFO] < ESP32: 0
2026-07-11 14:12:27 [INFO] < ESP32: 0
2026-07-11 14:12:27 [INFO] < ESP32: 0
2026-07-11 14:12:27 [INFO] < ESP32: 0
2026-07-11 14:12:27 [INFO] < ESP32: 0
2026-07-11 14:12:27 [INFO] < ESP32: 2047
2026-07-11 14:12:27 [INFO] < ESP32: 65535
2026-07-11 14:12:27 [INFO] < ESP32: 65535
2026-07-11 14:12:27 [INFO] < ESP32: 63488
2026-07-11 14:12:27 [INFO] < ESP32: 0
2026-07-11 14:12:27 [INFO] < ESP32: 0
2026-07-11 14:12:27 [INFO] < ESP32: 0
2026-07-11 14:12:27 [INFO] < ESP32: 0
2026-07-11 14:12:27 [INFO] < ESP32: 0
2026-07-11 14:12:27 [INFO] < ESP32: 2047
2026-07-11 14:12:27 [INFO] < ESP32: 65535
2026-07-11 14:12:27 [INFO] < ESP32: 63488
2026-07-11 14:12:27 [INFO] < ESP32: 0
2026-07-11 14:12:27 [INFO] < ESP32: 0
2026-07-11 14:12:27 [INFO] < ESP32: 0
2026-07-11 14:12:27 [INFO] < ESP32: 0
2026-07-11 14:12:27 [INFO] < ESP32: 0
2026-07-11 14:12:27 [INFO] < ESP32: 2047
2026-07-11 14:12:27 [INFO] < ESP32: 65535
2026-07-11 14:12:27 [INFO] < ESP32: 63488
2026-07-11 14:12:27 [INFO] < ESP32: 0
2026-07-11 14:12:27 [INFO] < ESP32: 0
2026-07-11 14:12:27 [INFO] < ESP32: 2047
2026-07-11 14:12:27 [INFO] < ESP32: 65535
2026-07-11 14:12:27 [INFO] < ESP32: 65535
2026-07-11 14:12:27 [INFO] < ESP32: 65535
2026-07-11 14:12:27 [INFO] < ESP32: 65535
2026-07-11 14:12:27 [INFO] < ESP32: 63488
2026-07-11 14:12:27 [INFO] < ESP32: 0
2026-07-11 14:12:27 [INFO] < ESP32: 2047
2026-07-11 14:12:27 [INFO] < ESP32: 65535
2026-07-11 14:12:27 [INFO] < ESP32: 63488
2026-07-11 14:12:27 [INFO] < ESP32: 0
2026-07-11 14:12:27 [INFO] < ESP32: 2047
2026-07-11 14:12:27 [INFO] < ESP32: 65535
2026-07-11 14:12:27 [INFO] < ESP32: 63488
2026-07-11 14:12:27 [INFO] < ESP32: 0
2026-07-11 14:12:27 [INFO] < ESP32: 2047
2026-07-11 14:12:27 [INFO] < ESP32: 65535
2026-07-11 14:12:27 [INFO] < ESP32: 63488
2026-07-11 14:12:27 [INFO] < ESP32: 0
2026-07-11 14:12:27 [INFO] < ESP32: 2047
2026-07-11 14:12:27 [INFO] < ESP32: 65535
2026-07-11 14:12:27 [INFO] < ESP32: 63488
2026-07-11 14:12:27 [INFO] < ESP32: 0
2026-07-11 14:12:27 [INFO] < ESP32: 0
2026-07-11 14:12:27 [INFO] < ESP32: 2047
2026-07-11 14:12:27 [INFO] < ESP32: 65535
2026-07-11 14:12:27 [INFO] < ESP32: 65535
2026-07-11 14:12:27 [INFO] < ESP32: 63488
2026-07-11 14:12:27 [INFO] < ESP32: 2047
2026-07-11 14:12:27 [INFO] < ESP32: 65535
2026-07-11 14:12:27 [INFO] < ESP32: 63488
2026-07-11 14:12:27 [INFO] < ESP32: 0
2026-07-11 14:12:27 [INFO] < ESP32: 0
2026-07-11 14:12:27 [INFO] < ESP32: 0
2026-07-11 14:12:27 [INFO] < ESP32: 0
2026-07-11 14:12:27 [INFO] < ESP32: 0
2026-07-11 14:12:27 [INFO] < ESP32: 0
2026-07-11 14:12:27 [INFO] < ESP32: 0
2026-07-11 14:12:27 [INFO] < ESP32: 0
2026-07-11 14:12:27 [INFO] < ESP32: 0
2026-07-11 14:12:27 [INFO] < ESP32: 0
2026-07-11 14:12:27 [INFO] < ESP32: 0
2026-07-11 14:12:27 [INFO] < ESP32: 0
2026-07-11 14:12:27 [INFO] < ESP32: 0
2026-07-11 14:12:27 [INFO] < ESP32: 0
2026-07-11 14:12:27 [INFO] < ESP32: 0
2026-07-11 14:12:27 [INFO] < ESP32: 0
2026-07-11 14:12:27 [INFO] < ESP32: 0
2026-07-11 14:12:27 [INFO] < ESP32: 0
2026-07-11 14:12:27 [INFO] < ESP32: 2047
2026-07-11 14:12:27 [INFO] < ESP32: 65535
2026-07-11 14:12:27 [INFO] < ESP32: 63488
2026-07-11 14:12:27 [INFO] < ESP32: 0
2026-07-11 14:12:27 [INFO] < ESP32: 0
2026-07-11 14:12:27 [INFO] < ESP32: 0
2026-07-11 14:12:27 [INFO] < ESP32: 0
2026-07-11 14:12:27 [INFO] < ESP32: 0
2026-07-11 14:12:27 [INFO] < ESP32: 2047
2026-07-11 14:12:27 [INFO] < ESP32: 65535
2026-07-11 14:12:27 [INFO] < ESP32: 63488
2026-07-11 14:12:27 [INFO] < ESP32: 0
2026-07-11 14:12:27 [INFO] < ESP32: 0
2026-07-11 14:12:27 [INFO] < ESP32: 0
2026-07-11 14:12:27 [INFO] < ESP32: 0
2026-07-11 14:12:27 [INFO] < ESP32: 0
2026-07-11 14:12:27 [INFO] < ESP32: 0
2026-07-11 14:12:27 [INFO] < ESP32: 0
2026-07-11 14:12:27 [INFO] < ESP32: 0
2026-07-11 14:12:27 [INFO] < ESP32: 0
2026-07-11 14:12:27 [INFO] < ESP32: 0
2026-07-11 14:12:27 [INFO] < ESP32: 0
2026-07-11 14:12:27 [INFO] < ESP32: 0
2026-07-11 14:12:27 [INFO] < ESP32: 0
2026-07-11 14:12:27 [INFO] < ESP32: 0
2026-07-11 14:12:27 [INFO] < ESP32: 0
2026-07-11 14:12:27 [INFO] < ESP32: 0
2026-07-11 14:12:27 [INFO] < ESP32: 0
2026-07-11 14:12:27 [INFO] < ESP32: 0
2026-07-11 14:12:27 [INFO] < ESP32: 0
2026-07-11 14:12:27 [INFO] < ESP32: 0
2026-07-11 14:12:27 [INFO] < ESP32: 0
2026-07-11 14:12:27 [INFO] < ESP32: 2047
2026-07-11 14:12:27 [INFO] < ESP32: 65535
2026-07-11 14:12:27 [INFO] < ESP32: 63488
2026-07-11 14:12:27 [INFO] < ESP32: 0
2026-07-11 14:12:27 [INFO] < ESP32: 0
2026-07-11 14:12:27 [INFO] < ESP32: 0
2026-07-11 14:12:27 [INFO] < ESP32: 0
2026-07-11 14:12:27 [INFO] < ESP32: 0
2026-07-11 14:12:27 [INFO] < ESP32: 2047
2026-07-11 14:12:27 [INFO] < ESP32: 65535
2026-07-11 14:12:27 [INFO] < ESP32: 63488
2026-07-11 14:12:27 [INFO] < ESP32: 0
2026-07-11 14:12:27 [INFO] < ESP32: 0
2026-07-11 14:12:27 [INFO] < ESP32: 0
2026-07-11 14:12:27 [INFO] < ESP32: 0
2026-07-11 14:12:27 [INFO] < ESP32: 0
2026-07-11 14:12:27 [INFO] < ESP32: 0
2026-07-11 14:12:27 [INFO] < ESP32: 0
2026-07-11 14:12:27 [INFO] < ESP32: 0
2026-07-11 14:12:27 [INFO] < ESP32: 0
2026-07-11 14:12:27 [INFO] < ESP32: 0
2026-07-11 14:12:27 [INFO] < ESP32: 0
2026-07-11 14:12:27 [INFO] < ESP32: 0
2026-07-11 14:12:27 [INFO] < ESP32: 0
2026-07-11 14:12:27 [INFO] < ESP32: 0
2026-07-11 14:12:27 [INFO] < ESP32: 0
2026-07-11 14:12:27 [INFO] < ESP32: 0
2026-07-11 14:12:27 [INFO] < ESP32: 0
2026-07-11 14:12:27 [INFO] < ESP32: 0
2026-07-11 14:12:27 [INFO] < ESP32: 0
2026-07-11 14:12:27 [INFO] < ESP32: 0
2026-07-11 14:12:27 [INFO] < ESP32: 0
2026-07-11 14:12:27 [INFO] < ESP32: 0
2026-07-11 14:12:27 [INFO] < ESP32: 0
2026-07-11 14:12:27 [INFO] < ESP32: 0
2026-07-11 14:12:27 [INFO] < ESP32: 0
2026-07-11 14:12:27 [INFO] < ESP32: 0
2026-07-11 14:12:27 [INFO] < ESP32: 0
2026-07-11 14:12:27 [INFO] < ESP32: 0
2026-07-11 14:12:27 [INFO] < ESP32: 0
2026-07-11 14:12:27 [INFO] < ESP32: 0
2026-07-11 14:12:27 [INFO] < ESP32: 0
2026-07-11 14:12:27 [INFO] < ESP32: 0
2026-07-11 14:12:27 [INFO] < ESP32: 0
2026-07-11 14:12:27 [INFO] < ESP32: 0
2026-07-11 14:12:27 [INFO] < ESP32: 0
2026-07-11 14:12:27 [INFO] < ESP32: 0
2026-07-11 14:12:27 [INFO] < ESP32: 0
2026-07-11 14:12:27 [INFO] < ESP32: 0
2026-07-11 14:12:27 [INFO] < ESP32: 0
2026-07-11 14:12:27 [INFO] < ESP32: 0
2026-07-11 14:12:27 [INFO] < ESP32: 0
2026-07-11 14:12:27 [INFO] < ESP32: 0
2026-07-11 14:12:27 [INFO] < ESP32: 0
2026-07-11 14:12:27 [INFO] < ESP32: 0
2026-07-11 14:12:27 [INFO] < ESP32: 0
2026-07-11 14:12:27 [INFO] < ESP32: 0
2026-07-11 14:12:27 [INFO] < ESP32: 0
2026-07-11 14:12:27 [INFO] < ESP32: 0
2026-07-11 14:12:27 [INFO] < ESP32: 0
2026-07-11 14:12:27 [INFO] < ESP32: 0
2026-07-11 14:12:27 [INFO] < ESP32: 0
2026-07-11 14:12:27 [INFO] < ESP32: 0
2026-07-11 14:12:27 [INFO] < ESP32: 0
2026-07-11 14:12:27 [INFO] < ESP32: 0
2026-07-11 14:12:27 [INFO] < ESP32: 0
2026-07-11 14:12:27 [INFO] < ESP32: 0
2026-07-11 14:12:27 [INFO] < ESP32: 0
2026-07-11 14:12:27 [INFO] < ESP32: 0
2026-07-11 14:12:27 [INFO] < ESP32: 0
2026-07-11 14:12:27 [INFO] < ESP32: 0
2026-07-11 14:12:27 [INFO] < ESP32: 0
2026-07-11 14:12:27 [INFO] < ESP32: 0
2026-07-11 14:12:27 [INFO] < ESP32: 0
2026-07-11 14:12:27 [INFO] < ESP32: 0
2026-07-11 14:12:27 [INFO] < ESP32: 0
2026-07-11 14:12:27 [INFO] < ESP32: 0
2026-07-11 14:12:27 [INFO] < ESP32: 0
2026-07-11 14:12:27 [INFO] < ESP32: 0
2026-07-11 14:12:27 [INFO] < ESP32: 0
2026-07-11 14:12:27 [INFO] < ESP32: 0
2026-07-11 14:12:27 [INFO] < ESP32: 0
2026-07-11 14:12:27 [INFO] < ESP32: 0
2026-07-11 14:12:27 [INFO] < ESP32: 0
2026-07-11 14:12:27 [INFO] < ESP32: 0
2026-07-11 14:12:27 [INFO] < ESP32: 0
2026-07-11 14:12:27 [INFO] < ESP32: 0
2026-07-11 14:12:27 [INFO] < ESP32: 0
2026-07-11 14:12:27 [INFO] < ESP32: 0
2026-07-11 14:12:27 [INFO] < ESP32: 2047
2026-07-11 14:12:27 [INFO] < ESP32: 65535
2026-07-11 14:12:27 [INFO] < ESP32: 65535
2026-07-11 14:12:27 [INFO] < ESP32: 63488
2026-07-11 14:12:27 [INFO] < ESP32: 0
2026-07-11 14:12:27 [INFO] < ESP32: 0
2026-07-11 14:12:27 [INFO] < ESP32: 0
2026-07-11 14:12:27 [INFO] < ESP32: 0
2026-07-11 14:12:27 [INFO] < ESP32: 0
2026-07-11 14:12:27 [INFO] < ESP32: 2047
2026-07-11 14:12:27 [INFO] < ESP32: 65535
2026-07-11 14:12:27 [INFO] < ESP32: 63488
2026-07-11 14:12:27 [INFO] < ESP32: 0
2026-07-11 14:12:27 [INFO] < ESP32: 2047
2026-07-11 14:12:27 [INFO] < ESP32: 65535
2026-07-11 14:12:27 [INFO] < ESP32: 65535
2026-07-11 14:12:27 [INFO] < ESP32: 65535
2026-07-11 14:12:27 [INFO] < ESP32: 65535
2026-07-11 14:12:27 [INFO] < ESP32: 65535
2026-07-11 14:12:27 [INFO] < ESP32: 65535
2026-07-11 14:12:27 [INFO] < ESP32: 63488
2026-07-11 14:12:27 [INFO] < ESP32: 2047
2026-07-11 14:12:27 [INFO] < ESP32: 65535
2026-07-11 14:12:27 [INFO] < ESP32: 65535
2026-07-11 14:12:27 [INFO] < ESP32: 65535
2026-07-11 14:12:27 [INFO] < ESP32: 65535
2026-07-11 14:12:27 [INFO] < ESP32: 65535
2026-07-11 14:12:27 [INFO] < ESP32: 65535
2026-07-11 14:12:27 [INFO] < ESP32: 63488
2026-07-11 14:12:27 [INFO] < ESP32: 2047
2026-07-11 14:12:27 [INFO] < ESP32: 65535
2026-07-11 14:12:27 [INFO] < ESP32: 65535
2026-07-11 14:12:27 [INFO] < ESP32: 65535
2026-07-11 14:12:27 [INFO] < ESP32: 65535
2026-07-11 14:12:27 [INFO] < ESP32: 65535
2026-07-11 14:12:27 [INFO] < ESP32: 65535
2026-07-11 14:12:27 [INFO] < ESP32: 63488
2026-07-11 14:12:27 [INFO] < ESP32: 2047
2026-07-11 14:12:27 [INFO] < ESP32: 65535
2026-07-11 14:12:27 [INFO] < ESP32: 65535
2026-07-11 14:12:27 [INFO] < ESP32: 65535
2026-07-11 14:12:27 [INFO] < ESP32: 65535
2026-07-11 14:12:27 [INFO] < ESP32: 65535
2026-07-11 14:12:27 [INFO] < ESP32: 65535
2026-07-11 14:12:27 [INFO] < ESP32: 63488
2026-07-11 14:12:27 [INFO] < ESP32: 2047
2026-07-11 14:12:27 [INFO] < ESP32: 65535
2026-07-11 14:12:27 [INFO] < ESP32: 65535
2026-07-11 14:12:27 [INFO] < ESP32: 65535
2026-07-11 14:12:27 [INFO] < ESP32: 65535
2026-07-11 14:12:27 [INFO] < ESP32: 65535
2026-07-11 14:12:27 [INFO] < ESP32: 65535
2026-07-11 14:12:27 [INFO] < ESP32: 63488
2026-07-11 14:12:27 [INFO] < ESP32: 0
2026-07-11 14:12:27 [INFO] < ESP32: 0
2026-07-11 14:12:27 [INFO] < ESP32: 0
2026-07-11 14:12:27 [INFO] < ESP32: 0
2026-07-11 14:12:27 [INFO] < ESP32: 0
2026-07-11 14:12:27 [INFO] < ESP32: 0
2026-07-11 14:12:27 [INFO] < ESP32: 0
2026-07-11 14:12:27 [INFO] < ESP32: 0
2026-07-11 14:12:27 [INFO] < ESP32: 0
2026-07-11 14:12:27 [INFO] < ESP32: 0
2026-07-11 14:12:27 [INFO] < ESP32: 0
2026-07-11 14:12:27 [INFO] < ESP32: 0
2026-07-11 14:12:27 [INFO] < ESP32: 0
2026-07-11 14:12:27 [INFO] < ESP32: 0
2026-07-11 14:12:27 [INFO] < ESP32: 0
2026-07-11 14:12:27 [INFO] < ESP32: 0
2026-07-11 14:12:27 [INFO] < ESP32: 0
2026-07-11 14:12:27 [INFO] < ESP32: 0
2026-07-11 14:12:27 [INFO] < ESP32: 0
2026-07-11 14:12:27 [INFO] < ESP32: 0
2026-07-11 14:12:27 [INFO] < ESP32: 0
2026-07-11 14:12:27 [INFO] < ESP32: 0
2026-07-11 14:12:27 [INFO] < ESP32: 0
2026-07-11 14:12:27 [INFO] < ESP32: 0
2026-07-11 14:12:27 [INFO] < ESP32: 0
2026-07-11 14:12:27 [INFO] < ESP32: 0
2026-07-11 14:12:27 [INFO] < ESP32: 0
2026-07-11 14:12:27 [INFO] < ESP32: 0
2026-07-11 14:12:27 [INFO] < ESP32: 0
2026-07-11 14:12:27 [INFO] < ESP32: 0
2026-07-11 14:12:27 [INFO] < ESP32: 0
2026-07-11 14:12:27 [INFO] < ESP32: 0
2026-07-11 14:12:27 [INFO] < ESP32: 0
2026-07-11 14:12:27 [INFO] < ESP32: 0
2026-07-11 14:12:27 [INFO] < ESP32: 0
2026-07-11 14:12:27 [INFO] < ESP32: 0
2026-07-11 14:12:27 [INFO] < ESP32: 0
2026-07-11 14:12:27 [INFO] < ESP32: 0
2026-07-11 14:12:27 [INFO] < ESP32: 0
2026-07-11 14:12:27 [INFO] < ESP32: 0
2026-07-11 14:12:27 [INFO] < ESP32: 0
2026-07-11 14:12:27 [INFO] < ESP32: 0
2026-07-11 14:12:27 [INFO] < ESP32: 0
2026-07-11 14:12:27 [INFO] < ESP32: 0
2026-07-11 14:12:27 [INFO] < ESP32: 0
2026-07-11 14:12:27 [INFO] < ESP32: 0
2026-07-11 14:12:27 [INFO] < ESP32: 0
2026-07-11 14:12:27 [INFO] < ESP32: 0
2026-07-11 14:12:27 [INFO] < ESP32: 0
2026-07-11 14:12:27 [INFO] < ESP32: 0
2026-07-11 14:12:27 [INFO] < ESP32: 0
2026-07-11 14:12:27 [INFO] < ESP32: 0
2026-07-11 14:12:27 [INFO] < ESP32: 0
2026-07-11 14:12:27 [INFO] < ESP32: 0
2026-07-11 14:12:27 [INFO] < ESP32: 0
2026-07-11 14:12:27 [INFO] < ESP32: 0
2026-07-11 14:12:27 [INFO] < ESP32: 0
2026-07-11 14:12:27 [INFO] < ESP32: 0
2026-07-11 14:12:27 [INFO] < ESP32: 0
2026-07-11 14:12:27 [INFO] < ESP32: 0
2026-07-11 14:12:27 [INFO] < ESP32: 0
2026-07-11 14:12:27 [INFO] < ESP32: 0
2026-07-11 14:12:27 [INFO] < ESP32: 0
2026-07-11 14:12:27 [INFO] < ESP32: 0
2026-07-11 14:12:27 [INFO] < ESP32: 0
2026-07-11 14:12:27 [INFO] < ESP32: 0
2026-07-11 14:12:27 [INFO] < ESP32: 0
2026-07-11 14:12:27 [INFO] < ESP32: 0
2026-07-11 14:12:27 [INFO] < ESP32: 0
2026-07-11 14:12:27 [INFO] < ESP32: 0
2026-07-11 14:12:27 [INFO] < ESP32: 0
2026-07-11 14:12:27 [INFO] < ESP32: 0
2026-07-11 14:12:27 [INFO] < ESP32: 2047
2026-07-11 14:12:27 [INFO] < ESP32: 65535
2026-07-11 14:12:27 [INFO] < ESP32: 65535
2026-07-11 14:12:27 [INFO] < ESP32: 65535
2026-07-11 14:12:27 [INFO] < ESP32: 65535
2026-07-11 14:12:27 [INFO] < ESP32: 63488
2026-07-11 14:12:27 [INFO] < ESP32: 0
2026-07-11 14:12:27 [INFO] < ESP32: 0
2026-07-11 14:12:27 [INFO] < ESP32: 0
2026-07-11 14:12:27 [INFO] < ESP32: 2047
2026-07-11 14:12:27 [INFO] < ESP32: 65535
2026-07-11 14:12:27 [INFO] < ESP32: 63488
2026-07-11 14:12:27 [INFO] < ESP32: 2047
2026-07-11 14:12:27 [INFO] < ESP32: 65535
2026-07-11 14:12:27 [INFO] < ESP32: 63488
2026-07-11 14:12:27 [INFO] < ESP32: 0
2026-07-11 14:12:27 [INFO] < ESP32: 0
2026-07-11 14:12:27 [INFO] < ESP32: 2047
2026-07-11 14:12:27 [INFO] < ESP32: 65535
2026-07-11 14:12:27 [INFO] < ESP32: 63488
2026-07-11 14:12:27 [INFO] < ESP32: 0
2026-07-11 14:12:27 [INFO] < ESP32: 2047
2026-07-11 14:12:27 [INFO] < ESP32: 65535
2026-07-11 14:12:27 [INFO] < ESP32: 63488
2026-07-11 14:12:27 [INFO] < ESP32: 0
2026-07-11 14:12:27 [INFO] < ESP32: 2047
2026-07-11 14:12:27 [INFO] < ESP32: 65535
2026-07-11 14:12:27 [INFO] < ESP32: 63488
2026-07-11 14:12:27 [INFO] < ESP32: 0
2026-07-11 14:12:27 [INFO] < ESP32: 2047
2026-07-11 14:12:27 [INFO] < ESP32: 65535
2026-07-11 14:12:27 [INFO] < ESP32: 63488
2026-07-11 14:12:27 [INFO] < ESP32: 0
2026-07-11 14:12:27 [INFO] < ESP32: 2047
2026-07-11 14:12:27 [INFO] < ESP32: 65535
2026-07-11 14:12:27 [INFO] < ESP32: 63488
2026-07-11 14:12:27 [INFO] < ESP32: 0
2026-07-11 14:12:27 [INFO] < ESP32: 2047
2026-07-11 14:12:27 [INFO] < ESP32: 65535
2026-07-11 14:12:27 [INFO] < ESP32: 63488
2026-07-11 14:12:27 [INFO] < ESP32: 0
2026-07-11 14:12:27 [INFO] < ESP32: 2047
2026-07-11 14:12:27 [INFO] < ESP32: 65535
2026-07-11 14:12:27 [INFO] < ESP32: 63488
2026-07-11 14:12:27 [INFO] < ESP32: 2047
2026-07-11 14:12:27 [INFO] < ESP32: 65535
2026-07-11 14:12:27 [INFO] < ESP32: 63488
2026-07-11 14:12:27 [INFO] < ESP32: 0
2026-07-11 14:12:27 [INFO] < ESP32: 2047
2026-07-11 14:12:27 [INFO] < ESP32: 65535
2026-07-11 14:12:27 [INFO] < ESP32: 65535
2026-07-11 14:12:27 [INFO] < ESP32: 65535
2026-07-11 14:12:27 [INFO] < ESP32: 65535
2026-07-11 14:12:27 [INFO] < ESP32: 63488
2026-07-11 14:12:27 [INFO] < ESP32: 0
2026-07-11 14:12:27 [INFO] < ESP32: 0
2026-07-11 14:12:27 [INFO] < ESP32: 0
2026-07-11 14:12:27 [INFO] < ESP32: 0
2026-07-11 14:12:27 [INFO] < ESP32: 0
2026-07-11 14:12:27 [INFO] < ESP32: 0
2026-07-11 14:12:27 [INFO] < ESP32: 0
2026-07-11 14:12:27 [INFO] < ESP32: 0
2026-07-11 14:12:27 [INFO] < ESP32: 0
2026-07-11 14:12:27 [INFO] < ESP32: 0
2026-07-11 14:12:27 [INFO] < ESP32: 0
2026-07-11 14:12:27 [INFO] < ESP32: 0
2026-07-11 14:12:27 [INFO] < ESP32: 0
2026-07-11 14:12:27 [INFO] < ESP32: 0
2026-07-11 14:12:27 [INFO] < ESP32: 0
2026-07-11 14:12:27 [INFO] < ESP32: 0
2026-07-11 14:12:27 [INFO] < ESP32: 0
2026-07-11 14:12:27 [INFO] < ESP32: 0
2026-07-11 14:12:27 [INFO] < ESP32: 0
2026-07-11 14:12:27 [INFO] < ESP32: 0
2026-07-11 14:12:27 [INFO] < ESP32: 0
2026-07-11 14:12:27 [INFO] < ESP32: 0
2026-07-11 14:12:27 [INFO] < ESP32: 0
2026-07-11 14:12:27 [INFO] < ESP32: 0
2026-07-11 14:12:27 [INFO] < ESP32: 0
2026-07-11 14:12:27 [INFO] < ESP32: 0
2026-07-11 14:12:27 [INFO] < ESP32: 0
2026-07-11 14:12:27 [INFO] < ESP32: 2047
2026-07-11 14:12:27 [INFO] < ESP32: 65535
2026-07-11 14:12:27 [INFO] < ESP32: 65535
2026-07-11 14:12:27 [INFO] < ESP32: 65535
2026-07-11 14:12:27 [INFO] < ESP32: 63488
2026-07-11 14:12:27 [INFO] < ESP32: 0
2026-07-11 14:12:27 [INFO] < ESP32: 0
2026-07-11 14:12:27 [INFO] < ESP32: 2047
2026-07-11 14:12:27 [INFO] < ESP32: 65535
2026-07-11 14:12:27 [INFO] < ESP32: 63488
2026-07-11 14:12:27 [INFO] < ESP32: 0
2026-07-11 14:12:27 [INFO] < ESP32: 2047
2026-07-11 14:12:27 [INFO] < ESP32: 65535
2026-07-11 14:12:27 [INFO] < ESP32: 63488
2026-07-11 14:12:27 [INFO] < ESP32: 0
2026-07-11 14:12:27 [INFO] < ESP32: 2047
2026-07-11 14:12:27 [INFO] < ESP32: 65535
2026-07-11 14:12:27 [INFO] < ESP32: 63488
2026-07-11 14:12:27 [INFO] < ESP32: 0
2026-07-11 14:12:27 [INFO] < ESP32: 2047
2026-07-11 14:12:27 [INFO] < ESP32: 65535
2026-07-11 14:12:27 [INFO] < ESP32: 63488
2026-07-11 14:12:27 [INFO] < ESP32: 0
2026-07-11 14:12:27 [INFO] < ESP32: 2047
2026-07-11 14:12:27 [INFO] < ESP32: 65535
2026-07-11 14:12:27 [INFO] < ESP32: 63488
2026-07-11 14:12:27 [INFO] < ESP32: 0
2026-07-11 14:12:27 [INFO] < ESP32: 2047
2026-07-11 14:12:27 [INFO] < ESP32: 65535
2026-07-11 14:12:27 [INFO] < ESP32: 63488
2026-07-11 14:12:27 [INFO] < ESP32: 0
2026-07-11 14:12:27 [INFO] < ESP32: 0
2026-07-11 14:12:27 [INFO] < ESP32: 2047
2026-07-11 14:12:27 [INFO] < ESP32: 65535
2026-07-11 14:12:27 [INFO] < ESP32: 65535
2026-07-11 14:12:27 [INFO] < ESP32: 65535
2026-07-11 14:12:27 [INFO] < ESP32: 63488
2026-07-11 14:12:27 [INFO] < ESP32: 0
2026-07-11 14:12:27 [INFO] < ESP32: 0
2026-07-11 14:12:27 [INFO] < ESP32: 0
2026-07-11 14:12:27 [INFO] < ESP32: 0
2026-07-11 14:12:27 [INFO] < ESP32: 0
2026-07-11 14:12:27 [INFO] < ESP32: 0
2026-07-11 14:12:27 [INFO] < ESP32: 0
2026-07-11 14:12:27 [INFO] < ESP32: 0
2026-07-11 14:12:27 [INFO] < ESP32: 0
2026-07-11 14:12:27 [INFO] < ESP32: 0
2026-07-11 14:12:27 [INFO] < ESP32: 0
2026-07-11 14:12:27 [INFO] < ESP32: 0
2026-07-11 14:12:27 [INFO] < ESP32: 0
2026-07-11 14:12:27 [INFO] < ESP32: 0
2026-07-11 14:12:27 [INFO] < ESP32: 0
2026-07-11 14:12:27 [INFO] < ESP32: 0
2026-07-11 14:12:27 [INFO] < ESP32: 0
2026-07-11 14:12:27 [INFO] < ESP32: 0
2026-07-11 14:12:27 [INFO] < ESP32: 0
2026-07-11 14:12:27 [INFO] < ESP32: 0
2026-07-11 14:12:27 [INFO] < ESP32: 0
2026-07-11 14:12:27 [INFO] < ESP32: 0
2026-07-11 14:12:27 [INFO] < ESP32: 0
2026-07-11 14:12:27 [INFO] < ESP32: 0
2026-07-11 14:12:27 [INFO] < ESP32: 0
2026-07-11 14:12:27 [INFO] < ESP32: 0
2026-07-11 14:12:27 [INFO] < ESP32: 2047
2026-07-11 14:12:27 [INFO] < ESP32: 65535
2026-07-11 14:12:27 [INFO] < ESP32: 63488
2026-07-11 14:12:27 [INFO] < ESP32: 0
2026-07-11 14:12:27 [INFO] < ESP32: 0
2026-07-11 14:12:27 [INFO] < ESP32: 2047
2026-07-11 14:12:27 [INFO] < ESP32: 65535
2026-07-11 14:12:27 [INFO] < ESP32: 63488
2026-07-11 14:12:27 [INFO] < ESP32: 2047
2026-07-11 14:12:27 [INFO] < ESP32: 65535
2026-07-11 14:12:27 [INFO] < ESP32: 63488
2026-07-11 14:12:27 [INFO] < ESP32: 2047
2026-07-11 14:12:27 [INFO] < ESP32: 63488
2026-07-11 14:12:27 [INFO] < ESP32: 2047
2026-07-11 14:12:27 [INFO] < ESP32: 65535
2026-07-11 14:12:27 [INFO] < ESP32: 63488
2026-07-11 14:12:27 [INFO] < ESP32: 2047
2026-07-11 14:12:27 [INFO] < ESP32: 65535
2026-07-11 14:12:27 [INFO] < ESP32: 65535
2026-07-11 14:12:27 [INFO] < ESP32: 65535
2026-07-11 14:12:27 [INFO] < ESP32: 65535
2026-07-11 14:12:27 [INFO] < ESP32: 65535
2026-07-11 14:12:27 [INFO] < ESP32: 65535
2026-07-11 14:12:27 [INFO] < ESP32: 63488
2026-07-11 14:12:27 [INFO] < ESP32: 2047
2026-07-11 14:12:27 [INFO] < ESP32: 65535
2026-07-11 14:12:27 [INFO] < ESP32: 65535
2026-07-11 14:12:27 [INFO] < ESP32: 65535
2026-07-11 14:12:27 [INFO] < ESP32: 65535
2026-07-11 14:12:27 [INFO] < ESP32: 65535
2026-07-11 14:12:27 [INFO] < ESP32: 65535
2026-07-11 14:12:27 [INFO] < ESP32: 63488
2026-07-11 14:12:27 [INFO] < ESP32: 0
2026-07-11 14:12:27 [INFO] < ESP32: 2047
2026-07-11 14:12:27 [INFO] < ESP32: 65535
2026-07-11 14:12:27 [INFO] < ESP32: 63488
2026-07-11 14:12:27 [INFO] < ESP32: 2047
2026-07-11 14:12:27 [INFO] < ESP32: 65535
2026-07-11 14:12:27 [INFO] < ESP32: 63488
2026-07-11 14:12:27 [INFO] < ESP32: 0
2026-07-11 14:12:27 [INFO] < ESP32: 0
2026-07-11 14:12:27 [INFO] < ESP32: 0
2026-07-11 14:12:27 [INFO] < ESP32: 0
2026-07-11 14:12:27 [INFO] < ESP32: 0
2026-07-11 14:12:27 [INFO] < ESP32: 0
2026-07-11 14:12:27 [INFO] < ESP32: 0
2026-07-11 14:12:27 [INFO] < ESP32: 0
2026-07-11 14:12:27 [INFO] < ESP32: 0
2026-07-11 14:12:27 [INFO] < ESP32: 0
2026-07-11 14:12:27 [INFO] < ESP32: 0
2026-07-11 14:12:27 [INFO] < ESP32: 0
2026-07-11 14:12:27 [INFO] < ESP32: 0
2026-07-11 14:12:27 [INFO] < ESP32: 0
2026-07-11 14:12:27 [INFO] < ESP32: 0
2026-07-11 14:12:27 [INFO] < ESP32: 0
2026-07-11 14:12:27 [INFO] < ESP32: 0
2026-07-11 14:12:27 [INFO] < ESP32: 0
2026-07-11 14:12:27 [INFO] < ESP32: 0
2026-07-11 14:12:27 [INFO] < ESP32: 0
2026-07-11 14:12:27 [INFO] < ESP32: 0
2026-07-11 14:12:27 [INFO] < ESP32: 0
2026-07-11 14:12:27 [INFO] < ESP32: 0
2026-07-11 14:12:27 [INFO] < ESP32: 0
2026-07-11 14:12:27 [INFO] < ESP32: 0
2026-07-11 14:12:27 [INFO] < ESP32: 2047
2026-07-11 14:12:27 [INFO] < ESP32: 65535
2026-07-11 14:12:27 [INFO] < ESP32: 65535
2026-07-11 14:12:27 [INFO] < ESP32: 65535
2026-07-11 14:12:27 [INFO] < ESP32: 65535
2026-07-11 14:12:27 [INFO] < ESP32: 63488
2026-07-11 14:12:27 [INFO] < ESP32: 0
2026-07-11 14:12:27 [INFO] < ESP32: 0
2026-07-11 14:12:27 [INFO] < ESP32: 2047
2026-07-11 14:12:27 [INFO] < ESP32: 65535
2026-07-11 14:12:27 [INFO] < ESP32: 63488
2026-07-11 14:12:27 [INFO] < ESP32: 0
2026-07-11 14:12:27 [INFO] < ESP32: 2047
2026-07-11 14:12:27 [INFO] < ESP32: 65535
2026-07-11 14:12:27 [INFO] < ESP32: 63488
2026-07-11 14:12:27 [INFO] < ESP32: 0
2026-07-11 14:12:27 [INFO] < ESP32: 2047
2026-07-11 14:12:27 [INFO] < ESP32: 65535
2026-07-11 14:12:27 [INFO] < ESP32: 63488
2026-07-11 14:12:27 [INFO] < ESP32: 0
2026-07-11 14:12:27 [INFO] < ESP32: 2047
2026-07-11 14:12:27 [INFO] < ESP32: 65535
2026-07-11 14:12:27 [INFO] < ESP32: 63488
2026-07-11 14:12:27 [INFO] < ESP32: 0
2026-07-11 14:12:27 [INFO] < ESP32: 2047
2026-07-11 14:12:27 [INFO] < ESP32: 65535
2026-07-11 14:12:27 [INFO] < ESP32: 63488
2026-07-11 14:12:27 [INFO] < ESP32: 0
2026-07-11 14:12:27 [INFO] < ESP32: 2047
2026-07-11 14:12:27 [INFO] < ESP32: 65535
2026-07-11 14:12:27 [INFO] < ESP32: 63488
2026-07-11 14:12:27 [INFO] < ESP32: 0
2026-07-11 14:12:27 [INFO] < ESP32: 2047
2026-07-11 14:12:27 [INFO] < ESP32: 65535
2026-07-11 14:12:27 [INFO] < ESP32: 63488
2026-07-11 14:12:27 [INFO] < ESP32: 0
2026-07-11 14:12:27 [INFO] < ESP32: 2047
2026-07-11 14:12:27 [INFO] < ESP32: 65535
2026-07-11 14:12:27 [INFO] < ESP32: 63488
2026-07-11 14:12:27 [INFO] < ESP32: 0
2026-07-11 14:12:27 [INFO] < ESP32: 0
2026-07-11 14:12:27 [INFO] < ESP32: 0
2026-07-11 14:12:27 [INFO] < ESP32: 0
2026-07-11 14:12:27 [INFO] < ESP32: 0
2026-07-11 14:12:27 [INFO] < ESP32: 0
2026-07-11 14:12:27 [INFO] < ESP32: 0
2026-07-11 14:12:27 [INFO] < ESP32: 0
2026-07-11 14:12:27 [INFO] < ESP32: 0
2026-07-11 14:12:28 [INFO] > Sent: DOWN:w
2026-07-11 14:12:28 [INFO] < ESP32: 2047
2026-07-11 14:12:28 [INFO] < ESP32: 65535
2026-07-11 14:12:28 [INFO] < ESP32: 65535
2026-07-11 14:12:28 [INFO] < ESP32: 65535
2026-07-11 14:12:28 [INFO] < ESP32: 65535
2026-07-11 14:12:28 [INFO] < ESP32: 65535
2026-07-11 14:12:28 [INFO] < ESP32: 63488
2026-07-11 14:12:28 [INFO] < ESP32: 0
2026-07-11 14:12:28 [INFO] < ESP32: 0
2026-07-11 14:12:28 [INFO] < ESP32: 2047
2026-07-11 14:12:28 [INFO] < ESP32: 65535
2026-07-11 14:12:28 [INFO] < ESP32: 63488
2026-07-11 14:12:28 [INFO] < ESP32: 0
2026-07-11 14:12:28 [INFO] < ESP32: 2047
2026-07-11 14:12:28 [INFO] < ESP32: 65535
2026-07-11 14:12:28 [INFO] < ESP32: 63488
2026-07-11 14:12:28 [INFO] < ESP32: 0
2026-07-11 14:12:28 [INFO] < ESP32: 2047
2026-07-11 14:12:28 [INFO] < ESP32: 65535
2026-07-11 14:12:28 [INFO] < ESP32: 63488
2026-07-11 14:12:28 [INFO] < ESP32: 0
2026-07-11 14:12:28 [INFO] < ESP32: 2047
2026-07-11 14:12:28 [INFO] < ESP32: 65535
2026-07-11 14:12:28 [INFO] < ESP32: 63488
2026-07-11 14:12:28 [INFO] < ESP32: 0
2026-07-11 14:12:28 [INFO] < ESP32: 2047
2026-07-11 14:12:28 [INFO] < ESP32: 65535
2026-07-11 14:12:28 [INFO] < ESP32: 65535
2026-07-11 14:12:28 [INFO] < ESP32: 65535
2026-07-11 14:12:28 [INFO] < ESP32: 65535
2026-07-11 14:12:28 [INFO] < ESP32: 63488
2026-07-11 14:12:28 [INFO] < ESP32: 0
2026-07-11 14:12:28 [INFO] < ESP32: 0
2026-07-11 14:12:28 [INFO] < ESP32: 2047
2026-07-11 14:12:28 [INFO] < ESP32: 65535
2026-07-11 14:12:28 [INFO] < ESP32: 63488
2026-07-11 14:12:28 [INFO] < ESP32: 2047
2026-07-11 14:12:28 [INFO] < ESP32: 65535
2026-07-11 14:12:28 [INFO] < ESP32: 63488
2026-07-11 14:12:28 [INFO] < ESP32: 0
2026-07-11 14:12:28 [INFO] < ESP32: 0
2026-07-11 14:12:28 [INFO] < ESP32: 2047
2026-07-11 14:12:28 [INFO] < ESP32: 65535
2026-07-11 14:12:28 [INFO] < ESP32: 63488
2026-07-11 14:12:28 [INFO] < ESP32: 0
2026-07-11 14:12:28 [INFO] < ESP32: 2047
2026-07-11 14:12:28 [INFO] < ESP32: 65535
2026-07-11 14:12:28 [INFO] < ESP32: 63488
2026-07-11 14:12:28 [INFO] < ESP32: 2047
2026-07-11 14:12:28 [INFO] < ESP32: 65535
2026-07-11 14:12:28 [INFO] < ESP32: 65535
2026-07-11 14:12:28 [INFO] < ESP32: 63488
2026-07-11 14:12:28 [INFO] < ESP32: 0
2026-07-11 14:12:28 [INFO] < ESP32: 2047
2026-07-11 14:12:28 [INFO] < ESP32: 65535
2026-07-11 14:12:28 [INFO] < ESP32: 63488
2026-07-11 14:12:28 [INFO] < ESP32: 0
2026-07-11 14:12:28 [INFO] < ESP32: 0
2026-07-11 14:12:28 [INFO] < ESP32: 0
2026-07-11 14:12:28 [INFO] < ESP32: 0
2026-07-11 14:12:28 [INFO] < ESP32: 0
2026-07-11 14:12:28 [INFO] < ESP32: 0
2026-07-11 14:12:28 [INFO] < ESP32: 0
2026-07-11 14:12:28 [INFO] < ESP32: 0
2026-07-11 14:12:28 [INFO] < ESP32: 0
2026-07-11 14:12:28 [INFO] < ESP32: 0
2026-07-11 14:12:28 [INFO] < ESP32: 0
2026-07-11 14:12:28 [INFO] < ESP32: 0
2026-07-11 14:12:28 [INFO] < ESP32: 0
2026-07-11 14:12:28 [INFO] < ESP32: 0
2026-07-11 14:12:28 [INFO] < ESP32: 0
2026-07-11 14:12:28 [INFO] < ESP32: 0
2026-07-11 14:12:28 [INFO] < ESP32: 0
2026-07-11 14:12:28 [INFO] < ESP32: 0
2026-07-11 14:12:28 [INFO] < ESP32: 0
2026-07-11 14:12:28 [INFO] < ESP32: 0
2026-07-11 14:12:28 [INFO] < ESP32: 0
2026-07-11 14:12:28 [INFO] < ESP32: 0
2026-07-11 14:12:28 [INFO] < ESP32: 0
2026-07-11 14:12:28 [INFO] < ESP32: 0
2026-07-11 14:12:28 [INFO] < ESP32: 0
2026-07-11 14:12:28 [INFO] < ESP32: 2047
2026-07-11 14:12:28 [INFO] < ESP32: 65535
2026-07-11 14:12:28 [INFO] < ESP32: 65535
2026-07-11 14:12:28 [INFO] < ESP32: 65535
2026-07-11 14:12:28 [INFO] < ESP32: 63488
2026-07-11 14:12:28 [INFO] < ESP32: 0
2026-07-11 14:12:28 [INFO] < ESP32: 0
2026-07-11 14:12:28 [INFO] < ESP32: 2047
2026-07-11 14:12:28 [INFO] < ESP32: 65535
2026-07-11 14:12:28 [INFO] < ESP32: 63488
2026-07-11 14:12:28 [INFO] < ESP32: 0
2026-07-11 14:12:28 [INFO] < ESP32: 2047
2026-07-11 14:12:28 [INFO] < ESP32: 65535
2026-07-11 14:12:28 [INFO] < ESP32: 63488
2026-07-11 14:12:28 [INFO] < ESP32: 0
2026-07-11 14:12:28 [INFO] < ESP32: 2047
2026-07-11 14:12:28 [INFO] < ESP32: 65535
2026-07-11 14:12:28 [INFO] < ESP32: 65535
2026-07-11 14:12:28 [INFO] < ESP32: 65535
2026-07-11 14:12:28 [INFO] < ESP32: 65535
2026-07-11 14:12:28 [INFO] < ESP32: 65535
2026-07-11 14:12:28 [INFO] < ESP32: 63488
2026-07-11 14:12:28 [INFO] < ESP32: 0
2026-07-11 14:12:28 [INFO] < ESP32: 2047
2026-07-11 14:12:28 [INFO] < ESP32: 65535
2026-07-11 14:12:28 [INFO] < ESP32: 63488
2026-07-11 14:12:28 [INFO] < ESP32: 0
2026-07-11 14:12:28 [INFO] < ESP32: 0
2026-07-11 14:12:28 [INFO] < ESP32: 0
2026-07-11 14:12:28 [INFO] < ESP32: 0
2026-07-11 14:12:28 [INFO] < ESP32: 0
2026-07-11 14:12:28 [INFO] < ESP32: 0
2026-07-11 14:12:28 [INFO] < ESP32: 2047
2026-07-11 14:12:28 [INFO] < ESP32: 65535
2026-07-11 14:12:28 [INFO] < ESP32: 65535
2026-07-11 14:12:28 [INFO] < ESP32: 65535
2026-07-11 14:12:28 [INFO] < ESP32: 63488
2026-07-11 14:12:28 [INFO] < ESP32: 0
2026-07-11 14:12:28 [INFO] < ESP32: 0
2026-07-11 14:12:28 [INFO] < ESP32: 0
2026-07-11 14:12:28 [INFO] < ESP32: 0
2026-07-11 14:12:28 [INFO] < ESP32: 0
2026-07-11 14:12:28 [INFO] < ESP32: 0
2026-07-11 14:12:28 [INFO] < ESP32: 0
2026-07-11 14:12:28 [INFO] < ESP32: 0
2026-07-11 14:12:28 [INFO] < ESP32: 0
2026-07-11 14:12:28 [INFO] < ESP32: 0
2026-07-11 14:12:28 [INFO] < ESP32: 0
2026-07-11 14:12:28 [INFO] < ESP32: 0
2026-07-11 14:12:28 [INFO] < ESP32: 0
2026-07-11 14:12:28 [INFO] < ESP32: 0
2026-07-11 14:12:28 [INFO] < ESP32: 0
2026-07-11 14:12:28 [INFO] < ESP32: 0
2026-07-11 14:12:28 [INFO] < ESP32: 0
2026-07-11 14:12:28 [INFO] < ESP32: 0
2026-07-11 14:12:28 [INFO] < ESP32: 0
2026-07-11 14:12:28 [INFO] < ESP32: 0
2026-07-11 14:12:28 [INFO] < ESP32: 0
2026-07-11 14:12:28 [INFO] < ESP32: 0
2026-07-11 14:12:28 [INFO] < ESP32: 0
2026-07-11 14:12:28 [INFO] < ESP32: 0
2026-07-11 14:12:28 [INFO] < ESP32: 0
2026-07-11 14:12:28 [INFO] < ESP32: 0
2026-07-11 14:12:28 [INFO] < ESP32: 0
2026-07-11 14:12:28 [INFO] < ESP32: 2047
2026-07-11 14:12:28 [INFO] < ESP32: 65535
2026-07-11 14:12:28 [INFO] < ESP32: 65535
2026-07-11 14:12:28 [INFO] < ESP32: 65535
2026-07-11 14:12:28 [INFO] < ESP32: 63488
2026-07-11 14:12:28 [INFO] < ESP32: 0
2026-07-11 14:12:28 [INFO] < ESP32: 0
2026-07-11 14:12:28 [INFO] < ESP32: 2047
2026-07-11 14:12:28 [INFO] < ESP32: 65535
2026-07-11 14:12:28 [INFO] < ESP32: 63488
2026-07-11 14:12:28 [INFO] < ESP32: 0
2026-07-11 14:12:28 [INFO] < ESP32: 2047
2026-07-11 14:12:28 [INFO] < ESP32: 65535
2026-07-11 14:12:28 [INFO] < ESP32: 63488
2026-07-11 14:12:28 [INFO] < ESP32: 0
2026-07-11 14:12:28 [INFO] < ESP32: 2047
2026-07-11 14:12:28 [INFO] < ESP32: 65535
2026-07-11 14:12:28 [INFO] < ESP32: 63488
2026-07-11 14:12:28 [INFO] < ESP32: 0
2026-07-11 14:12:28 [INFO] < ESP32: 0
2026-07-11 14:12:28 [INFO] < ESP32: 0
2026-07-11 14:12:28 [INFO] < ESP32: 0
2026-07-11 14:12:28 [INFO] < ESP32: 0
2026-07-11 14:12:28 [INFO] < ESP32: 2047
2026-07-11 14:12:28 [INFO] < ESP32: 65535
2026-07-11 14:12:28 [INFO] < ESP32: 63488
2026-07-11 14:12:28 [INFO] < ESP32: 0
2026-07-11 14:12:28 [INFO] < ESP32: 2047
2026-07-11 14:12:28 [INFO] < ESP32: 65535
2026-07-11 14:12:28 [INFO] < ESP32: 63488
2026-07-11 14:12:28 [INFO] < ESP32: 0
2026-07-11 14:12:28 [INFO] < ESP32: 0
2026-07-11 14:12:28 [INFO] < ESP32: 2047
2026-07-11 14:12:28 [INFO] < ESP32: 65535
2026-07-11 14:12:28 [INFO] < ESP32: 65535
2026-07-11 14:12:28 [INFO] < ESP32: 65535
2026-07-11 14:12:28 [INFO] < ESP32: 63488
2026-07-11 14:12:28 [INFO] < ESP32: 0
2026-07-11 14:12:28 [INFO] < ESP32: 0
2026-07-11 14:12:28 [INFO] < ESP32: 0
2026-07-11 14:12:28 [INFO] < ESP32: 0
2026-07-11 14:12:28 [INFO] < ESP32: 0
2026-07-11 14:12:28 [INFO] < ESP32: 0
2026-07-11 14:12:28 [INFO] < ESP32: 0
2026-07-11 14:12:28 [INFO] < ESP32: 0
2026-07-11 14:12:28 [INFO] < ESP32: 0
2026-07-11 14:12:28 [INFO] < ESP32: 0
2026-07-11 14:12:28 [INFO] < ESP32: 0
2026-07-11 14:12:28 [INFO] < ESP32: 0
2026-07-11 14:12:28 [INFO] < ESP32: 0
2026-07-11 14:12:28 [INFO] < ESP32: 0
2026-07-11 14:12:28 [INFO] < ESP32: 0
2026-07-11 14:12:28 [INFO] < ESP32: 0
2026-07-11 14:12:28 [INFO] < ESP32: 0
2026-07-11 14:12:28 [INFO] < ESP32: 0
2026-07-11 14:12:28 [INFO] < ESP32: 0
2026-07-11 14:12:28 [INFO] < ESP32: 0
2026-07-11 14:12:28 [INFO] < ESP32: 0
2026-07-11 14:12:28 [INFO] < ESP32: 0
2026-07-11 14:12:28 [INFO] < ESP32: 0
2026-07-11 14:12:28 [INFO] < ESP32: 0
2026-07-11 14:12:28 [INFO] < ESP32: 0
2026-07-11 14:12:28 [INFO] < ESP32: 0
2026-07-11 14:12:28 [INFO] < ESP32: 0
2026-07-11 14:12:28 [INFO] < ESP32: 2047
2026-07-11 14:12:28 [INFO] < ESP32: 65535
2026-07-11 14:12:28 [INFO] < ESP32: 65535
2026-07-11 14:12:28 [INFO] < ESP32: 65535
2026-07-11 14:12:28 [INFO] < ESP32: 63488
2026-07-11 14:12:28 [INFO] < ESP32: 0
2026-07-11 14:12:28 [INFO] < ESP32: 0
2026-07-11 14:12:28 [INFO] < ESP32: 2047
2026-07-11 14:12:28 [INFO] < ESP32: 65535
2026-07-11 14:12:28 [INFO] < ESP32: 63488
2026-07-11 14:12:28 [INFO] < ESP32: 0
2026-07-11 14:12:28 [INFO] < ESP32: 2047
2026-07-11 14:12:28 [INFO] < ESP32: 65535
2026-07-11 14:12:28 [INFO] < ESP32: 63488
2026-07-11 14:12:28 [INFO] < ESP32: 0
2026-07-11 14:12:28 [INFO] < ESP32: 2047
2026-07-11 14:12:28 [INFO] < ESP32: 65535
2026-07-11 14:12:28 [INFO] < ESP32: 65535
2026-07-11 14:12:28 [INFO] < ESP32: 65535
2026-07-11 14:12:28 [INFO] < ESP32: 65535
2026-07-11 14:12:28 [INFO] < ESP32: 65535
2026-07-11 14:12:28 [INFO] < ESP32: 63488
2026-07-11 14:12:28 [INFO] < ESP32: 0
2026-07-11 14:12:28 [INFO] < ESP32: 2047
2026-07-11 14:12:28 [INFO] < ESP32: 65535
2026-07-11 14:12:28 [INFO] < ESP32: 63488
2026-07-11 14:12:28 [INFO] < ESP32: 0
2026-07-11 14:12:28 [INFO] < ESP32: 0
2026-07-11 14:12:28 [INFO] < ESP32: 0
2026-07-11 14:12:28 [INFO] < ESP32: 0
2026-07-11 14:12:28 [INFO] < ESP32: 0
2026-07-11 14:12:28 [INFO] < ESP32: 0
2026-07-11 14:12:28 [INFO] < ESP32: 2047
2026-07-11 14:12:28 [INFO] < ESP32: 65535
2026-07-11 14:12:28 [INFO] < ESP32: 65535
2026-07-11 14:12:28 [INFO] < ESP32: 65535
2026-07-11 14:12:28 [INFO] < ESP32: 63488
2026-07-11 14:12:28 [INFO] > Sent: UP:w
2026-07-11 14:12:28 [INFO] < ESP32: 0
2026-07-11 14:12:28 [INFO] < ESP32: 0
2026-07-11 14:12:28 [INFO] < ESP32: 0
2026-07-11 14:12:28 [INFO] < ESP32: 0
2026-07-11 14:12:28 [INFO] < ESP32: 0
2026-07-11 14:12:28 [INFO] < ESP32: 0
2026-07-11 14:12:28 [INFO] < ESP32: 0
2026-07-11 14:12:28 [INFO] < ESP32: 0
2026-07-11 14:12:28 [INFO] < ESP32: 0
2026-07-11 14:12:28 [INFO] < ESP32: 0
2026-07-11 14:12:28 [INFO] < ESP32: 0
2026-07-11 14:12:28 [INFO] < ESP32: 0
2026-07-11 14:12:28 [INFO] < ESP32: 2047
2026-07-11 14:12:28 [INFO] < ESP32: 65535
2026-07-11 14:12:28 [INFO] < ESP32: 63488
2026-07-11 14:12:28 [INFO] < ESP32: 0
2026-07-11 14:12:28 [INFO] < ESP32: 0
2026-07-11 14:12:28 [INFO] < ESP32: 0
2026-07-11 14:12:28 [INFO] < ESP32: 0
2026-07-11 14:12:28 [INFO] < ESP32: 0
2026-07-11 14:12:28 [INFO] < ESP32: 0
2026-07-11 14:12:28 [INFO] < ESP32: 0
2026-07-11 14:12:28 [INFO] < ESP32: 0
2026-07-11 14:12:28 [INFO] < ESP32: 0
2026-07-11 14:12:28 [INFO] < ESP32: 0
2026-07-11 14:12:28 [INFO] < ESP32: 0
2026-07-11 14:12:28 [INFO] < ESP32: 0
2026-07-11 14:12:28 [INFO] < ESP32: 2047
2026-07-11 14:12:28 [INFO] < ESP32: 65535
2026-07-11 14:12:28 [INFO] < ESP32: 65535
2026-07-11 14:12:28 [INFO] < ESP32: 63488
2026-07-11 14:12:28 [INFO] < ESP32: 0
2026-07-11 14:12:28 [INFO] < ESP32: 0
2026-07-11 14:12:28 [INFO] < ESP32: 0
2026-07-11 14:12:28 [INFO] < ESP32: 0
2026-07-11 14:12:28 [INFO] < ESP32: 0
2026-07-11 14:12:28 [INFO] < ESP32: 2047
2026-07-11 14:12:28 [INFO] < ESP32: 65535
2026-07-11 14:12:28 [INFO] < ESP32: 63488
2026-07-11 14:12:28 [INFO] < ESP32: 0
2026-07-11 14:12:28 [INFO] < ESP32: 0
2026-07-11 14:12:28 [INFO] < ESP32: 0
2026-07-11 14:12:28 [INFO] < ESP32: 0
2026-07-11 14:12:28 [INFO] < ESP32: 0
2026-07-11 14:12:28 [INFO] < ESP32: 2047
2026-07-11 14:12:28 [INFO] < ESP32: 65535
2026-07-11 14:12:28 [INFO] < ESP32: 63488
2026-07-11 14:12:28 [INFO] < ESP32: 0
2026-07-11 14:12:28 [INFO] < ESP32: 0
2026-07-11 14:12:28 [INFO] < ESP32: 0
2026-07-11 14:12:28 [INFO] < ESP32: 0
2026-07-11 14:12:28 [INFO] < ESP32: 0
2026-07-11 14:12:28 [INFO] < ESP32: 2047
2026-07-11 14:12:28 [INFO] < ESP32: 65535
2026-07-11 14:12:28 [INFO] < ESP32: 63488
2026-07-11 14:12:28 [INFO] < ESP32: 0
2026-07-11 14:12:28 [INFO] < ESP32: 0
2026-07-11 14:12:28 [INFO] < ESP32: 0
2026-07-11 14:12:28 [INFO] < ESP32: 0
2026-07-11 14:12:28 [INFO] < ESP32: 2047
2026-07-11 14:12:28 [INFO] < ESP32: 65535
2026-07-11 14:12:28 [INFO] < ESP32: 65535
2026-07-11 14:12:28 [INFO] < ESP32: 65535
2026-07-11 14:12:28 [INFO] < ESP32: 63488
2026-07-11 14:12:28 [INFO] < ESP32: 0
2026-07-11 14:12:28 [INFO] < ESP32: 0
2026-07-11 14:12:28 [INFO] < ESP32: 0
2026-07-11 14:12:28 [INFO] < ESP32: 0
2026-07-11 14:12:28 [INFO] < ESP32: 0
2026-07-11 14:12:28 [INFO] < ESP32: 0
2026-07-11 14:12:28 [INFO] < ESP32: 0
2026-07-11 14:12:28 [INFO] < ESP32: 0
2026-07-11 14:12:28 [INFO] < ESP32: 0
2026-07-11 14:12:28 [INFO] < ESP32: 0
2026-07-11 14:12:28 [INFO] < ESP32: 0
2026-07-11 14:12:28 [INFO] < ESP32: 0
2026-07-11 14:12:28 [INFO] < ESP32: 0
2026-07-11 14:12:28 [INFO] < ESP32: 0
2026-07-11 14:12:28 [INFO] < ESP32: 0
2026-07-11 14:12:28 [INFO] < ESP32: 0
2026-07-11 14:12:28 [INFO] < ESP32: 0
2026-07-11 14:12:28 [INFO] < ESP32: 0
2026-07-11 14:12:28 [INFO] < ESP32: 0
2026-07-11 14:12:28 [INFO] < ESP32: 0
2026-07-11 14:12:28 [INFO] < ESP32: 0
2026-07-11 14:12:28 [INFO] < ESP32: 0
2026-07-11 14:12:28 [INFO] < ESP32: 0
2026-07-11 14:12:28 [INFO] < ESP32: 0
2026-07-11 14:12:28 [INFO] < ESP32: 0
2026-07-11 14:12:28 [INFO] < ESP32: 0
2026-07-11 14:12:28 [INFO] < ESP32: 2047
2026-07-11 14:12:28 [INFO] < ESP32: 65535
2026-07-11 14:12:28 [INFO] < ESP32: 63488
2026-07-11 14:12:28 [INFO] < ESP32: 0
2026-07-11 14:12:28 [INFO] < ESP32: 2047
2026-07-11 14:12:28 [INFO] < ESP32: 65535
2026-07-11 14:12:28 [INFO] < ESP32: 63488
2026-07-11 14:12:28 [INFO] < ESP32: 0
2026-07-11 14:12:28 [INFO] < ESP32: 2047
2026-07-11 14:12:28 [INFO] < ESP32: 65535
2026-07-11 14:12:28 [INFO] < ESP32: 63488
2026-07-11 14:12:28 [INFO] < ESP32: 0
2026-07-11 14:12:28 [INFO] < ESP32: 2047
2026-07-11 14:12:28 [INFO] < ESP32: 65535
2026-07-11 14:12:28 [INFO] < ESP32: 63488
2026-07-11 14:12:28 [INFO] < ESP32: 0
2026-07-11 14:12:28 [INFO] < ESP32: 2047
2026-07-11 14:12:28 [INFO] < ESP32: 65535
2026-07-11 14:12:28 [INFO] < ESP32: 63488
2026-07-11 14:12:28 [INFO] < ESP32: 0
2026-07-11 14:12:28 [INFO] < ESP32: 2047
2026-07-11 14:12:28 [INFO] < ESP32: 65535
2026-07-11 14:12:28 [INFO] < ESP32: 63488
2026-07-11 14:12:28 [INFO] < ESP32: 0
2026-07-11 14:12:28 [INFO] < ESP32: 0
2026-07-11 14:12:28 [INFO] < ESP32: 2047
2026-07-11 14:12:28 [INFO] < ESP32: 65535
2026-07-11 14:12:28 [INFO] < ESP32: 65535
2026-07-11 14:12:28 [INFO] < ESP32: 65535
2026-07-11 14:12:28 [INFO] < ESP32: 63488
2026-07-11 14:12:28 [INFO] < ESP32: 0
2026-07-11 14:12:28 [INFO] < ESP32: 0
2026-07-11 14:12:28 [INFO] < ESP32: 0
2026-07-11 14:12:28 [INFO] < ESP32: 0
2026-07-11 14:12:28 [INFO] < ESP32: 2047
2026-07-11 14:12:28 [INFO] < ESP32: 65535
2026-07-11 14:12:28 [INFO] < ESP32: 63488
2026-07-11 14:12:28 [INFO] < ESP32: 0
2026-07-11 14:12:28 [INFO] < ESP32: 0
2026-07-11 14:12:28 [INFO] < ESP32: 0
2026-07-11 14:12:28 [INFO] < ESP32: 0
2026-07-11 14:12:28 [INFO] < ESP32: 0
2026-07-11 14:12:28 [INFO] < ESP32: 0
2026-07-11 14:12:28 [INFO] < ESP32: 0
2026-07-11 14:12:28 [INFO] < ESP32: 0
2026-07-11 14:12:28 [INFO] < ESP32: 0
2026-07-11 14:12:28 [INFO] < ESP32: 0
2026-07-11 14:12:28 [INFO] < ESP32: 0
2026-07-11 14:12:28 [INFO] < ESP32: 0
2026-07-11 14:12:28 [INFO] < ESP32: 0
2026-07-11 14:12:28 [INFO] < ESP32: 0
2026-07-11 14:12:28 [INFO] < ESP32: 0
2026-07-11 14:12:28 [INFO] < ESP32: 0
2026-07-11 14:12:28 [INFO] < ESP32: 0
2026-07-11 14:12:28 [INFO] < ESP32: 0
2026-07-11 14:12:28 [INFO] < ESP32: 0
2026-07-11 14:12:28 [INFO] < ESP32: 0
2026-07-11 14:12:28 [INFO] < ESP32: 0
2026-07-11 14:12:28 [INFO] < ESP32: 0
2026-07-11 14:12:28 [INFO] < ESP32: 0
2026-07-11 14:12:28 [INFO] < ESP32: 0
2026-07-11 14:12:28 [INFO] < ESP32: 0
2026-07-11 14:12:28 [INFO] < ESP32: 0
2026-07-11 14:12:28 [INFO] < ESP32: 0
2026-07-11 14:12:28 [INFO] < ESP32: 0
2026-07-11 14:12:28 [INFO] < ESP32: 2047
2026-07-11 14:12:28 [INFO] < ESP32: 65535
2026-07-11 14:12:28 [INFO] < ESP32: 65535
2026-07-11 14:12:28 [INFO] < ESP32: 65535
2026-07-11 14:12:28 [INFO] < ESP32: 63488
2026-07-11 14:12:28 [INFO] < ESP32: 0
2026-07-11 14:12:28 [INFO] < ESP32: 0
2026-07-11 14:12:28 [INFO] < ESP32: 2047
2026-07-11 14:12:28 [INFO] < ESP32: 65535
2026-07-11 14:12:28 [INFO] < ESP32: 63488
2026-07-11 14:12:28 [INFO] < ESP32: 0
2026-07-11 14:12:28 [INFO] < ESP32: 2047
2026-07-11 14:12:28 [INFO] < ESP32: 65535
2026-07-11 14:12:28 [INFO] < ESP32: 63488
2026-07-11 14:12:28 [INFO] < ESP32: 0
2026-07-11 14:12:28 [INFO] < ESP32: 2047
2026-07-11 14:12:28 [INFO] < ESP32: 65535
2026-07-11 14:12:28 [INFO] < ESP32: 65535
2026-07-11 14:12:28 [INFO] < ESP32: 65535
2026-07-11 14:12:28 [INFO] < ESP32: 65535
2026-07-11 14:12:28 [INFO] < ESP32: 65535
2026-07-11 14:12:28 [INFO] < ESP32: 63488
2026-07-11 14:12:28 [INFO] < ESP32: 0
2026-07-11 14:12:28 [INFO] < ESP32: 2047
2026-07-11 14:12:28 [INFO] < ESP32: 65535
2026-07-11 14:12:28 [INFO] < ESP32: 63488
2026-07-11 14:12:28 [INFO] < ESP32: 0
2026-07-11 14:12:28 [INFO] < ESP32: 0
2026-07-11 14:12:28 [INFO] < ESP32: 0
2026-07-11 14:12:28 [INFO] < ESP32: 0
2026-07-11 14:12:28 [INFO] < ESP32: 0
2026-07-11 14:12:28 [INFO] < ESP32: 0
2026-07-11 14:12:28 [INFO] < ESP32: 2047
2026-07-11 14:12:28 [INFO] < ESP32: 65535
2026-07-11 14:12:28 [INFO] < ESP32: 65535
2026-07-11 14:12:28 [INFO] < ESP32: 65535
2026-07-11 14:12:28 [INFO] < ESP32: 63488
2026-07-11 14:12:28 [INFO] < ESP32: 0
2026-07-11 14:12:28 [INFO] < ESP32: 0
2026-07-11 14:12:28 [INFO] < ESP32: 0
2026-07-11 14:12:28 [INFO] < ESP32: 0
2026-07-11 14:12:28 [INFO] < ESP32: 0
2026-07-11 14:12:28 [INFO] < ESP32: 0
2026-07-11 14:12:28 [INFO] < ESP32: 0
2026-07-11 14:12:28 [INFO] < ESP32: 0
2026-07-11 14:12:28 [INFO] < ESP32: 0
2026-07-11 14:12:28 [INFO] < ESP32: 0
2026-07-11 14:12:28 [INFO] < ESP32: 0
2026-07-11 14:12:28 [INFO] < ESP32: 0
2026-07-11 14:12:28 [INFO] < ESP32: 0
2026-07-11 14:12:28 [INFO] < ESP32: 2047
2026-07-11 14:12:28 [INFO] < ESP32: 65535
2026-07-11 14:12:28 [INFO] < ESP32: 65535
2026-07-11 14:12:28 [INFO] < ESP32: 63488
2026-07-11 14:12:28 [INFO] < ESP32: 0
2026-07-11 14:12:28 [INFO] < ESP32: 0
2026-07-11 14:12:28 [INFO] < ESP32: 0
2026-07-11 14:12:28 [INFO] < ESP32: 0
2026-07-11 14:12:28 [INFO] < ESP32: 0
2026-07-11 14:12:28 [INFO] < ESP32: 2047
2026-07-11 14:12:28 [INFO] < ESP32: 65535
2026-07-11 14:12:28 [INFO] < ESP32: 63488
2026-07-11 14:12:28 [INFO] < ESP32: 0
2026-07-11 14:12:28 [INFO] < ESP32: 0
2026-07-11 14:12:28 [INFO] < ESP32: 0
2026-07-11 14:12:28 [INFO] < ESP32: 0
2026-07-11 14:12:28 [INFO] < ESP32: 0
2026-07-11 14:12:28 [INFO] < ESP32: 2047
2026-07-11 14:12:28 [INFO] < ESP32: 65535
2026-07-11 14:12:28 [INFO] < ESP32: 63488
2026-07-11 14:12:28 [INFO] < ESP32: 0
2026-07-11 14:12:28 [INFO] < ESP32: 0
2026-07-11 14:12:28 [INFO] < ESP32: 2047
2026-07-11 14:12:28 [INFO] < ESP32: 65535
2026-07-11 14:12:28 [INFO] < ESP32: 65535
2026-07-11 14:12:28 [INFO] < ESP32: 65535
2026-07-11 14:12:28 [INFO] < ESP32: 65535
2026-07-11 14:12:28 [INFO] < ESP32: 63488
2026-07-11 14:12:28 [INFO] < ESP32: 0
2026-07-11 14:12:28 [INFO] < ESP32: 2047
2026-07-11 14:12:28 [INFO] < ESP32: 65535
2026-07-11 14:12:28 [INFO] < ESP32: 63488
2026-07-11 14:12:28 [INFO] < ESP32: 0
2026-07-11 14:12:28 [INFO] < ESP32: 2047
2026-07-11 14:12:28 [INFO] < ESP32: 65535
2026-07-11 14:12:28 [INFO] < ESP32: 63488
2026-07-11 14:12:28 [INFO] < ESP32: 0
2026-07-11 14:12:28 [INFO] < ESP32: 2047
2026-07-11 14:12:28 [INFO] < ESP32: 65535
2026-07-11 14:12:28 [INFO] < ESP32: 63488
2026-07-11 14:12:28 [INFO] < ESP32: 0
2026-07-11 14:12:28 [INFO] < ESP32: 2047
2026-07-11 14:12:28 [INFO] < ESP32: 65535
2026-07-11 14:12:28 [INFO] < ESP32: 63488
2026-07-11 14:12:28 [INFO] < ESP32: 0
2026-07-11 14:12:28 [INFO] < ESP32: 0
2026-07-11 14:12:28 [INFO] < ESP32: 2047
2026-07-11 14:12:28 [INFO] < ESP32: 65535
2026-07-11 14:12:28 [INFO] < ESP32: 65535
2026-07-11 14:12:28 [INFO] < ESP32: 63488
2026-07-11 14:12:28 [INFO] < ESP32: 2047
2026-07-11 14:12:28 [INFO] < ESP32: 65535
2026-07-11 14:12:28 [INFO] < ESP32: 63488
2026-07-11 14:12:28 [INFO] < ESP32: 0
2026-07-11 14:12:28 [INFO] < ESP32: 0
2026-07-11 14:12:28 [INFO] < ESP32: 0
2026-07-11 14:12:28 [INFO] < ESP32: 0
2026-07-11 14:12:28 [INFO] < ESP32: 0
2026-07-11 14:12:28 [INFO] < ESP32: 0
2026-07-11 14:12:28 [INFO] < ESP32: 0
2026-07-11 14:12:28 [INFO] < ESP32: 0
2026-07-11 14:12:28 [INFO] < ESP32: 0
2026-07-11 14:12:28 [INFO] < ESP32: 0
2026-07-11 14:12:28 [INFO] < ESP32: 0
2026-07-11 14:12:28 [INFO] < ESP32: 0
2026-07-11 14:12:28 [INFO] < ESP32: 0
2026-07-11 14:12:28 [INFO] < ESP32: 0
2026-07-11 14:12:28 [INFO] < ESP32: 0
2026-07-11 14:12:28 [INFO] < ESP32: 0
2026-07-11 14:12:28 [INFO] < ESP32: 0
2026-07-11 14:12:28 [INFO] < ESP32: 0
2026-07-11 14:12:28 [INFO] < ESP32: 2047
2026-07-11 14:12:28 [INFO] < ESP32: 65535
2026-07-11 14:12:28 [INFO] < ESP32: 63488
2026-07-11 14:12:28 [INFO] < ESP32: 0
2026-07-11 14:12:28 [INFO] < ESP32: 0
2026-07-11 14:12:28 [INFO] < ESP32: 0
2026-07-11 14:12:28 [INFO] < ESP32: 0
2026-07-11 14:12:28 [INFO] < ESP32: 0
2026-07-11 14:12:28 [INFO] < ESP32: 2047
2026-07-11 14:12:28 [INFO] < ESP32: 65535
2026-07-11 14:12:28 [INFO] < ESP32: 63488
2026-07-11 14:12:28 [INFO] < ESP32: 0
2026-07-11 14:12:28 [INFO] < ESP32: 0
2026-07-11 14:12:28 [INFO] < ESP32: 0
2026-07-11 14:12:28 [INFO] < ESP32: 0
2026-07-11 14:12:28 [INFO] < ESP32: 0
2026-07-11 14:12:28 [INFO] < ESP32: 0
2026-07-11 14:12:28 [INFO] < ESP32: 0
2026-07-11 14:12:28 [INFO] < ESP32: 0
2026-07-11 14:12:28 [INFO] < ESP32: 0
2026-07-11 14:12:28 [INFO] < ESP32: 0
2026-07-11 14:12:28 [INFO] < ESP32: 0
2026-07-11 14:12:28 [INFO] < ESP32: 0
2026-07-11 14:12:28 [INFO] < ESP32: 0
2026-07-11 14:12:28 [INFO] < ESP32: 0
2026-07-11 14:12:28 [INFO] < ESP32: 0
2026-07-11 14:12:28 [INFO] < ESP32: 0
2026-07-11 14:12:28 [INFO] < ESP32: 0
2026-07-11 14:12:28 [INFO] < ESP32: 0
2026-07-11 14:12:28 [INFO] < ESP32: 0
2026-07-11 14:12:28 [INFO] < ESP32: 0
2026-07-11 14:12:28 [INFO] < ESP32: 0
2026-07-11 14:12:28 [INFO] < ESP32: 2047
2026-07-11 14:12:28 [INFO] < ESP32: 65535
2026-07-11 14:12:28 [INFO] < ESP32: 63488
2026-07-11 14:12:28 [INFO] < ESP32: 0
2026-07-11 14:12:28 [INFO] < ESP32: 0
2026-07-11 14:12:28 [INFO] < ESP32: 0
2026-07-11 14:12:28 [INFO] < ESP32: 0
2026-07-11 14:12:28 [INFO] < ESP32: 0
2026-07-11 14:12:28 [INFO] < ESP32: 2047
2026-07-11 14:12:28 [INFO] < ESP32: 65535
2026-07-11 14:12:28 [INFO] < ESP32: 63488
2026-07-11 14:12:28 [INFO] < ESP32: 0
2026-07-11 14:12:28 [INFO] < ESP32: 0
2026-07-11 14:12:28 [INFO] < ESP32: 0
2026-07-11 14:12:28 [INFO] < ESP32: 0
2026-07-11 14:12:28 [INFO] < ESP32: 0
2026-07-11 14:12:28 [INFO] < ESP32: 0
2026-07-11 14:12:28 [INFO] < ESP32: 0
2026-07-11 14:12:28 [INFO] < ESP32: 0
2026-07-11 14:12:28 [INFO] < ESP32: 0
2026-07-11 14:12:28 [INFO] < ESP32: 0
2026-07-11 14:12:28 [INFO] < ESP32: 0
2026-07-11 14:12:28 [INFO] < ESP32: 0
2026-07-11 14:12:28 [INFO] < ESP32: 0
2026-07-11 14:12:28 [INFO] < ESP32: 0
2026-07-11 14:12:28 [INFO] < ESP32: 0
2026-07-11 14:12:28 [INFO] < ESP32: 0
2026-07-11 14:12:28 [INFO] < ESP32: 0
2026-07-11 14:12:28 [INFO] < ESP32: 0
2026-07-11 14:12:28 [INFO] < ESP32: 0
2026-07-11 14:12:28 [INFO] < ESP32: 0
2026-07-11 14:12:28 [INFO] < ESP32: 0
2026-07-11 14:12:28 [INFO] < ESP32: 0
2026-07-11 14:12:28 [INFO] < ESP32: 0
2026-07-11 14:12:28 [INFO] < ESP32: 0
2026-07-11 14:12:28 [INFO] < ESP32: 0
2026-07-11 14:12:28 [INFO] < ESP32: 0
2026-07-11 14:12:28 [INFO] < ESP32: 0
2026-07-11 14:12:28 [INFO] < ESP32: 0
2026-07-11 14:12:28 [INFO] < ESP32: 0
2026-07-11 14:12:28 [INFO] < ESP32: 0
2026-07-11 14:12:28 [INFO] < ESP32: 0
2026-07-11 14:12:28 [INFO] < ESP32: 0
2026-07-11 14:12:28 [INFO] < ESP32: 0
2026-07-11 14:12:28 [INFO] < ESP32: 0
2026-07-11 14:12:28 [INFO] < ESP32: 0
2026-07-11 14:12:28 [INFO] < ESP32: 0
2026-07-11 14:12:28 [INFO] < ESP32: 0
2026-07-11 14:12:28 [INFO] < ESP32: 0
2026-07-11 14:12:28 [INFO] < ESP32: 0
2026-07-11 14:12:28 [INFO] < ESP32: 0
2026-07-11 14:12:28 [INFO] < ESP32: 0
2026-07-11 14:12:28 [INFO] < ESP32: 0
2026-07-11 14:12:28 [INFO] < ESP32: 0
2026-07-11 14:12:28 [INFO] < ESP32: 0
2026-07-11 14:12:28 [INFO] < ESP32: 0
2026-07-11 14:12:28 [INFO] < ESP32: 0
2026-07-11 14:12:28 [INFO] < ESP32: 0
2026-07-11 14:12:28 [INFO] < ESP32: 0
2026-07-11 14:12:28 [INFO] < ESP32: 0
2026-07-11 14:12:28 [INFO] < ESP32: 0
2026-07-11 14:12:28 [INFO] < ESP32: 0
2026-07-11 14:12:28 [INFO] < ESP32: 0
2026-07-11 14:12:28 [INFO] < ESP32: 0
2026-07-11 14:12:28 [INFO] < ESP32: 0
2026-07-11 14:12:28 [INFO] < ESP32: 0
2026-07-11 14:12:28 [INFO] < ESP32: 0
2026-07-11 14:12:28 [INFO] < ESP32: 0
2026-07-11 14:12:28 [INFO] < ESP32: 0
2026-07-11 14:12:28 [INFO] < ESP32: 0
2026-07-11 14:12:28 [INFO] < ESP32: 0
2026-07-11 14:12:28 [INFO] < ESP32: 0
2026-07-11 14:12:28 [INFO] < ESP32: 0
2026-07-11 14:12:28 [INFO] < ESP32: 0
2026-07-11 14:12:28 [INFO] < ESP32: 0
2026-07-11 14:12:28 [INFO] < ESP32: 0
2026-07-11 14:12:28 [INFO] < ESP32: 0
2026-07-11 14:12:28 [INFO] < ESP32: 0
2026-07-11 14:12:28 [INFO] < ESP32: 0
2026-07-11 14:12:28 [INFO] < ESP32: 0
2026-07-11 14:12:28 [INFO] < ESP32: 0
2026-07-11 14:12:28 [INFO] < ESP32: 0
2026-07-11 14:12:28 [INFO] < ESP32: 0
2026-07-11 14:12:28 [INFO] < ESP32: 0
2026-07-11 14:12:28 [INFO] < ESP32: 0
2026-07-11 14:12:28 [INFO] < ESP32: 0
2026-07-11 14:12:28 [INFO] < ESP32: 0
2026-07-11 14:12:28 [INFO] < ESP32: 0
2026-07-11 14:12:28 [INFO] < ESP32: 0
2026-07-11 14:12:28 [INFO] < ESP32: 2047
2026-07-11 14:12:28 [INFO] < ESP32: 65535
2026-07-11 14:12:28 [INFO] < ESP32: 65535
2026-07-11 14:12:28 [INFO] < ESP32: 63488
2026-07-11 14:12:28 [INFO] < ESP32: 0
2026-07-11 14:12:28 [INFO] < ESP32: 0
2026-07-11 14:12:28 [INFO] < ESP32: 0
2026-07-11 14:12:28 [INFO] < ESP32: 0
2026-07-11 14:12:28 [INFO] < ESP32: 0
2026-07-11 14:12:28 [INFO] < ESP32: 2047
2026-07-11 14:12:28 [INFO] < ESP32: 65535
2026-07-11 14:12:28 [INFO] < ESP32: 63488
2026-07-11 14:12:28 [INFO] < ESP32: 0
2026-07-11 14:12:28 [INFO] < ESP32: 2047
2026-07-11 14:12:28 [INFO] < ESP32: 65535
2026-07-11 14:12:28 [INFO] < ESP32: 65535
2026-07-11 14:12:28 [INFO] < ESP32: 65535
2026-07-11 14:12:28 [INFO] < ESP32: 65535
2026-07-11 14:12:28 [INFO] < ESP32: 65535
2026-07-11 14:12:28 [INFO] < ESP32: 65535
2026-07-11 14:12:28 [INFO] < ESP32: 63488
2026-07-11 14:12:28 [INFO] < ESP32: 2047
2026-07-11 14:12:28 [INFO] < ESP32: 65535
2026-07-11 14:12:28 [INFO] < ESP32: 65535
2026-07-11 14:12:28 [INFO] < ESP32: 65535
2026-07-11 14:12:28 [INFO] < ESP32: 65535
2026-07-11 14:12:28 [INFO] < ESP32: 65535
2026-07-11 14:12:28 [INFO] < ESP32: 65535
2026-07-11 14:12:28 [INFO] < ESP32: 63488
2026-07-11 14:12:28 [INFO] < ESP32: 2047
2026-07-11 14:12:28 [INFO] < ESP32: 65535
2026-07-11 14:12:28 [INFO] < ESP32: 65535
2026-07-11 14:12:28 [INFO] < ESP32: 65535
2026-07-11 14:12:28 [INFO] < ESP32: 65535
2026-07-11 14:12:28 [INFO] < ESP32: 65535
2026-07-11 14:12:28 [INFO] < ESP32: 65535
2026-07-11 14:12:28 [INFO] < ESP32: 63488
2026-07-11 14:12:28 [INFO] < ESP32: 2047
2026-07-11 14:12:28 [INFO] < ESP32: 65535
2026-07-11 14:12:28 [INFO] < ESP32: 65535
2026-07-11 14:12:28 [INFO] < ESP32: 65535
2026-07-11 14:12:28 [INFO] < ESP32: 65535
2026-07-11 14:12:28 [INFO] < ESP32: 65535
2026-07-11 14:12:28 [INFO] < ESP32: 65535
2026-07-11 14:12:28 [INFO] < ESP32: 63488
2026-07-11 14:12:28 [INFO] < ESP32: 2047
2026-07-11 14:12:28 [INFO] < ESP32: 65535
2026-07-11 14:12:28 [INFO] < ESP32: 65535
2026-07-11 14:12:28 [INFO] < ESP32: 65535
2026-07-11 14:12:28 [INFO] < ESP32: 65535
2026-07-11 14:12:28 [INFO] < ESP32: 65535
2026-07-11 14:12:28 [INFO] < ESP32: 65535
2026-07-11 14:12:28 [INFO] < ESP32: 63488
2026-07-11 14:12:28 [INFO] < ESP32: 0
2026-07-11 14:12:28 [INFO] < ESP32: 0
2026-07-11 14:12:28 [INFO] < ESP32: 0
2026-07-11 14:12:28 [INFO] < ESP32: 0
2026-07-11 14:12:28 [INFO] < ESP32: 0
2026-07-11 14:12:28 [INFO] < ESP32: 0
2026-07-11 14:12:28 [INFO] < ESP32: 0
2026-07-11 14:12:28 [INFO] < ESP32: 0
2026-07-11 14:12:28 [INFO] < ESP32: 0
2026-07-11 14:12:28 [INFO] < ESP32: 0
2026-07-11 14:12:28 [INFO] < ESP32: 0
2026-07-11 14:12:28 [INFO] < ESP32: 0
2026-07-11 14:12:28 [INFO] < ESP32: 0
2026-07-11 14:12:28 [INFO] < ESP32: 0
2026-07-11 14:12:28 [INFO] < ESP32: 0
2026-07-11 14:12:28 [INFO] < ESP32: 0
2026-07-11 14:12:28 [INFO] < ESP32: 0
2026-07-11 14:12:28 [INFO] < ESP32: 0
2026-07-11 14:12:28 [INFO] < ESP32: 0
2026-07-11 14:12:28 [INFO] < ESP32: 0
2026-07-11 14:12:28 [INFO] < ESP32: 0
2026-07-11 14:12:28 [INFO] < ESP32: 0
2026-07-11 14:12:28 [INFO] < ESP32: 0
2026-07-11 14:12:28 [INFO] < ESP32: 0
2026-07-11 14:12:28 [INFO] < ESP32: 0
2026-07-11 14:12:28 [INFO] < ESP32: 0
2026-07-11 14:12:28 [INFO] < ESP32: 0
2026-07-11 14:12:28 [INFO] < ESP32: 0
2026-07-11 14:12:28 [INFO] < ESP32: 0
2026-07-11 14:12:28 [INFO] < ESP32: 0
2026-07-11 14:12:28 [INFO] < ESP32: 0
2026-07-11 14:12:28 [INFO] < ESP32: 0
2026-07-11 14:12:28 [INFO] < ESP32: 0
2026-07-11 14:12:28 [INFO] < ESP32: 0
2026-07-11 14:12:28 [INFO] < ESP32: 0
2026-07-11 14:12:28 [INFO] < ESP32: 0
2026-07-11 14:12:28 [INFO] < ESP32: 0
2026-07-11 14:12:28 [INFO] < ESP32: 0
2026-07-11 14:12:28 [INFO] < ESP32: 0
2026-07-11 14:12:28 [INFO] < ESP32: 0
2026-07-11 14:12:28 [INFO] < ESP32: 0
2026-07-11 14:12:28 [INFO] < ESP32: 0
2026-07-11 14:12:28 [INFO] < ESP32: 0
2026-07-11 14:12:28 [INFO] < ESP32: 0
2026-07-11 14:12:28 [INFO] < ESP32: 0
2026-07-11 14:12:28 [INFO] < ESP32: 0
2026-07-11 14:12:28 [INFO] < ESP32: 0
2026-07-11 14:12:28 [INFO] < ESP32: 0
2026-07-11 14:12:28 [INFO] < ESP32: 0
2026-07-11 14:12:28 [INFO] < ESP32: 0
2026-07-11 14:12:28 [INFO] < ESP32: 0
2026-07-11 14:12:28 [INFO] < ESP32: 0
2026-07-11 14:12:28 [INFO] < ESP32: 0
2026-07-11 14:12:28 [INFO] < ESP32: 0
2026-07-11 14:12:28 [INFO] < ESP32: 0
2026-07-11 14:12:28 [INFO] < ESP32: 0
2026-07-11 14:12:28 [INFO] < ESP32: 0
2026-07-11 14:12:28 [INFO] < ESP32: 0
2026-07-11 14:12:28 [INFO] < ESP32: 0
2026-07-11 14:12:28 [INFO] < ESP32: 0
2026-07-11 14:12:28 [INFO] < ESP32: 0
2026-07-11 14:12:28 [INFO] < ESP32: 0
2026-07-11 14:12:28 [INFO] < ESP32: 0
2026-07-11 14:12:28 [INFO] < ESP32: 0
2026-07-11 14:12:28 [INFO] < ESP32: 0
2026-07-11 14:12:28 [INFO] < ESP32: 0
2026-07-11 14:12:28 [INFO] < ESP32: 0
2026-07-11 14:12:28 [INFO] < ESP32: 0
2026-07-11 14:12:28 [INFO] < ESP32: 0
2026-07-11 14:12:28 [INFO] < ESP32: 0
2026-07-11 14:12:28 [INFO] < ESP32: 0
2026-07-11 14:12:28 [INFO] < ESP32: 0
2026-07-11 14:12:28 [INFO] < ESP32: 2047
2026-07-11 14:12:28 [INFO] < ESP32: 65535
2026-07-11 14:12:28 [INFO] < ESP32: 65535
2026-07-11 14:12:28 [INFO] < ESP32: 65535
2026-07-11 14:12:28 [INFO] < ESP32: 65535
2026-07-11 14:12:28 [INFO] < ESP32: 63488
2026-07-11 14:12:28 [INFO] < ESP32: 0
2026-07-11 14:12:28 [INFO] < ESP32: 0
2026-07-11 14:12:28 [INFO] < ESP32: 0
2026-07-11 14:12:28 [INFO] < ESP32: 2047
2026-07-11 14:12:28 [INFO] < ESP32: 65535
2026-07-11 14:12:28 [INFO] < ESP32: 63488
2026-07-11 14:12:28 [INFO] < ESP32: 2047
2026-07-11 14:12:28 [INFO] < ESP32: 65535
2026-07-11 14:12:28 [INFO] < ESP32: 63488
2026-07-11 14:12:28 [INFO] < ESP32: 0
2026-07-11 14:12:28 [INFO] < ESP32: 0
2026-07-11 14:12:28 [INFO] < ESP32: 2047
2026-07-11 14:12:28 [INFO] < ESP32: 65535
2026-07-11 14:12:28 [INFO] < ESP32: 63488
2026-07-11 14:12:28 [INFO] < ESP32: 0
2026-07-11 14:12:28 [INFO] < ESP32: 2047
2026-07-11 14:12:28 [INFO] < ESP32: 65535
2026-07-11 14:12:28 [INFO] < ESP32: 63488
2026-07-11 14:12:28 [INFO] < ESP32: 0
2026-07-11 14:12:28 [INFO] < ESP32: 2047
2026-07-11 14:12:28 [INFO] < ESP32: 65535
2026-07-11 14:12:28 [INFO] < ESP32: 63488
2026-07-11 14:12:28 [INFO] < ESP32: 0
2026-07-11 14:12:28 [INFO] < ESP32: 2047
2026-07-11 14:12:28 [INFO] < ESP32: 65535
2026-07-11 14:12:28 [INFO] < ESP32: 63488
2026-07-11 14:12:28 [INFO] < ESP32: 0
2026-07-11 14:12:28 [INFO] < ESP32: 2047
2026-07-11 14:12:28 [INFO] < ESP32: 65535
2026-07-11 14:12:28 [INFO] < ESP32: 63488
2026-07-11 14:12:28 [INFO] < ESP32: 0
2026-07-11 14:12:28 [INFO] < ESP32: 2047
2026-07-11 14:12:28 [INFO] < ESP32: 65535
2026-07-11 14:12:28 [INFO] < ESP32: 63488
2026-07-11 14:12:28 [INFO] < ESP32: 0
2026-07-11 14:12:28 [INFO] < ESP32: 2047
2026-07-11 14:12:28 [INFO] < ESP32: 65535
2026-07-11 14:12:28 [INFO] < ESP32: 63488
2026-07-11 14:12:28 [INFO] < ESP32: 2047
2026-07-11 14:12:28 [INFO] < ESP32: 65535
2026-07-11 14:12:28 [INFO] < ESP32: 63488
2026-07-11 14:12:28 [INFO] < ESP32: 0
2026-07-11 14:12:28 [INFO] < ESP32: 2047
2026-07-11 14:12:28 [INFO] < ESP32: 65535
2026-07-11 14:12:28 [INFO] < ESP32: 65535
2026-07-11 14:12:28 [INFO] < ESP32: 65535
2026-07-11 14:12:28 [INFO] < ESP32: 65535
2026-07-11 14:12:28 [INFO] < ESP32: 63488
2026-07-11 14:12:28 [INFO] < ESP32: 0
2026-07-11 14:12:28 [INFO] < ESP32: 0
2026-07-11 14:12:28 [INFO] < ESP32: 0
2026-07-11 14:12:28 [INFO] < ESP32: 0
2026-07-11 14:12:28 [INFO] < ESP32: 0
2026-07-11 14:12:28 [INFO] < ESP32: 0
2026-07-11 14:12:28 [INFO] < ESP32: 0
2026-07-11 14:12:28 [INFO] < ESP32: 0
2026-07-11 14:12:28 [INFO] < ESP32: 0
2026-07-11 14:12:28 [INFO] < ESP32: 0
2026-07-11 14:12:28 [INFO] < ESP32: 0
2026-07-11 14:12:28 [INFO] < ESP32: 0
2026-07-11 14:12:28 [INFO] < ESP32: 0
2026-07-11 14:12:28 [INFO] < ESP32: 0
2026-07-11 14:12:28 [INFO] < ESP32: 0
2026-07-11 14:12:28 [INFO] < ESP32: 0
2026-07-11 14:12:28 [INFO] < ESP32: 0
2026-07-11 14:12:28 [INFO] < ESP32: 0
2026-07-11 14:12:28 [INFO] < ESP32: 0
2026-07-11 14:12:28 [INFO] < ESP32: 0
2026-07-11 14:12:28 [INFO] < ESP32: 0
2026-07-11 14:12:28 [INFO] < ESP32: 0
2026-07-11 14:12:28 [INFO] < ESP32: 0
2026-07-11 14:12:28 [INFO] < ESP32: 0
2026-07-11 14:12:28 [INFO] < ESP32: 0
2026-07-11 14:12:28 [INFO] < ESP32: 0
2026-07-11 14:12:28 [INFO] < ESP32: 0
2026-07-11 14:12:28 [INFO] < ESP32: 2047
2026-07-11 14:12:28 [INFO] < ESP32: 65535
2026-07-11 14:12:28 [INFO] < ESP32: 65535
2026-07-11 14:12:28 [INFO] < ESP32: 65535
2026-07-11 14:12:28 [INFO] < ESP32: 63488
2026-07-11 14:12:28 [INFO] < ESP32: 0
2026-07-11 14:12:28 [INFO] < ESP32: 0
2026-07-11 14:12:28 [INFO] < ESP32: 2047
2026-07-11 14:12:28 [INFO] < ESP32: 65535
2026-07-11 14:12:28 [INFO] < ESP32: 63488
2026-07-11 14:12:28 [INFO] < ESP32: 0
2026-07-11 14:12:28 [INFO] < ESP32: 2047
2026-07-11 14:12:28 [INFO] < ESP32: 65535
2026-07-11 14:12:28 [INFO] < ESP32: 63488
2026-07-11 14:12:28 [INFO] < ESP32: 0
2026-07-11 14:12:28 [INFO] < ESP32: 2047
2026-07-11 14:12:28 [INFO] < ESP32: 65535
2026-07-11 14:12:28 [INFO] < ESP32: 63488
2026-07-11 14:12:28 [INFO] < ESP32: 0
2026-07-11 14:12:28 [INFO] < ESP32: 2047
2026-07-11 14:12:28 [INFO] < ESP32: 65535
2026-07-11 14:12:28 [INFO] < ESP32: 63488
2026-07-11 14:12:28 [INFO] < ESP32: 0
2026-07-11 14:12:28 [INFO] < ESP32: 2047
2026-07-11 14:12:28 [INFO] < ESP32: 65535
2026-07-11 14:12:28 [INFO] < ESP32: 63488
2026-07-11 14:12:28 [INFO] < ESP32: 0
2026-07-11 14:12:28 [INFO] < ESP32: 2047
2026-07-11 14:12:28 [INFO] < ESP32: 65535
2026-07-11 14:12:28 [INFO] < ESP32: 63488
2026-07-11 14:12:28 [INFO] < ESP32: 0
2026-07-11 14:12:28 [INFO] < ESP32: 0
2026-07-11 14:12:28 [INFO] < ESP32: 2047
2026-07-11 14:12:28 [INFO] < ESP32: 65535
2026-07-11 14:12:28 [INFO] < ESP32: 65535
2026-07-11 14:12:28 [INFO] < ESP32: 65535
2026-07-11 14:12:28 [INFO] < ESP32: 63488
2026-07-11 14:12:28 [INFO] < ESP32: 0
2026-07-11 14:12:28 [INFO] < ESP32: 0
2026-07-11 14:12:28 [INFO] < ESP32: 0
2026-07-11 14:12:28 [INFO] < ESP32: 0
2026-07-11 14:12:28 [INFO] < ESP32: 0
2026-07-11 14:12:28 [INFO] < ESP32: 0
2026-07-11 14:12:28 [INFO] < ESP32: 0
2026-07-11 14:12:28 [INFO] < ESP32: 0
2026-07-11 14:12:28 [INFO] < ESP32: 0
2026-07-11 14:12:28 [INFO] < ESP32: 0
2026-07-11 14:12:28 [INFO] < ESP32: 0
2026-07-11 14:12:28 [INFO] < ESP32: 0
2026-07-11 14:12:28 [INFO] < ESP32: 0
2026-07-11 14:12:28 [INFO] < ESP32: 0
2026-07-11 14:12:28 [INFO] < ESP32: 0
2026-07-11 14:12:28 [INFO] < ESP32: 0
2026-07-11 14:12:28 [INFO] < ESP32: 0
2026-07-11 14:12:28 [INFO] < ESP32: 0
2026-07-11 14:12:28 [INFO] < ESP32: 0
2026-07-11 14:12:28 [INFO] < ESP32: 0
2026-07-11 14:12:28 [INFO] < ESP32: 0
2026-07-11 14:12:28 [INFO] < ESP32: 0
2026-07-11 14:12:28 [INFO] < ESP32: 0
2026-07-11 14:12:28 [INFO] < ESP32: 0
2026-07-11 14:12:28 [INFO] < ESP32: 0
2026-07-11 14:12:28 [INFO] < ESP32: 0
2026-07-11 14:12:28 [INFO] < ESP32: 2047
2026-07-11 14:12:28 [INFO] < ESP32: 65535
2026-07-11 14:12:28 [INFO] < ESP32: 63488
2026-07-11 14:12:28 [INFO] < ESP32: 0
2026-07-11 14:12:28 [INFO] < ESP32: 0
2026-07-11 14:12:28 [INFO] < ESP32: 2047
2026-07-11 14:12:28 [INFO] < ESP32: 65535
2026-07-11 14:12:28 [INFO] < ESP32: 63488
2026-07-11 14:12:28 [INFO] < ESP32: 2047
2026-07-11 14:12:28 [INFO] < ESP32: 65535
2026-07-11 14:12:28 [INFO] < ESP32: 63488
2026-07-11 14:12:28 [INFO] < ESP32: 2047
2026-07-11 14:12:28 [INFO] < ESP32: 63488
2026-07-11 14:12:28 [INFO] < ESP32: 2047
2026-07-11 14:12:28 [INFO] < ESP32: 65535
2026-07-11 14:12:28 [INFO] < ESP32: 63488
2026-07-11 14:12:28 [INFO] < ESP32: 2047
2026-07-11 14:12:28 [INFO] < ESP32: 65535
2026-07-11 14:12:28 [INFO] < ESP32: 65535
2026-07-11 14:12:28 [INFO] < ESP32: 65535
2026-07-11 14:12:28 [INFO] < ESP32: 65535
2026-07-11 14:12:28 [INFO] < ESP32: 65535
2026-07-11 14:12:28 [INFO] < ESP32: 65535
2026-07-11 14:12:28 [INFO] < ESP32: 63488
2026-07-11 14:12:28 [INFO] < ESP32: 2047
2026-07-11 14:12:28 [INFO] < ESP32: 65535
2026-07-11 14:12:28 [INFO] < ESP32: 65535
2026-07-11 14:12:28 [INFO] < ESP32: 65535
2026-07-11 14:12:28 [INFO] < ESP32: 65535
2026-07-11 14:12:28 [INFO] < ESP32: 65535
2026-07-11 14:12:28 [INFO] < ESP32: 65535
2026-07-11 14:12:28 [INFO] < ESP32: 63488
2026-07-11 14:12:28 [INFO] < ESP32: 0
2026-07-11 14:12:28 [INFO] < ESP32: 2047
2026-07-11 14:12:28 [INFO] < ESP32: 65535
2026-07-11 14:12:28 [INFO] < ESP32: 63488
2026-07-11 14:12:28 [INFO] < ESP32: 2047
2026-07-11 14:12:28 [INFO] < ESP32: 65535
2026-07-11 14:12:28 [INFO] < ESP32: 63488
2026-07-11 14:12:28 [INFO] < ESP32: 0
2026-07-11 14:12:28 [INFO] < ESP32: 0
2026-07-11 14:12:28 [INFO] < ESP32: 0
2026-07-11 14:12:28 [INFO] < ESP32: 0
2026-07-11 14:12:28 [INFO] < ESP32: 0
2026-07-11 14:12:28 [INFO] < ESP32: 0
2026-07-11 14:12:28 [INFO] < ESP32: 0
2026-07-11 14:12:28 [INFO] < ESP32: 0
2026-07-11 14:12:28 [INFO] < ESP32: 0
2026-07-11 14:12:28 [INFO] < ESP32: 0
2026-07-11 14:12:28 [INFO] < ESP32: 0
2026-07-11 14:12:28 [INFO] < ESP32: 0
2026-07-11 14:12:28 [INFO] < ESP32: 0
2026-07-11 14:12:28 [INFO] < ESP32: 0
2026-07-11 14:12:28 [INFO] < ESP32: 0
2026-07-11 14:12:28 [INFO] < ESP32: 0
2026-07-11 14:12:28 [INFO] < ESP32: 0
2026-07-11 14:12:28 [INFO] < ESP32: 0
2026-07-11 14:12:28 [INFO] < ESP32: 0
2026-07-11 14:12:28 [INFO] < ESP32: 0
2026-07-11 14:12:28 [INFO] < ESP32: 0
2026-07-11 14:12:28 [INFO] < ESP32: 0
2026-07-11 14:12:28 [INFO] < ESP32: 0
2026-07-11 14:12:28 [INFO] < ESP32: 0
2026-07-11 14:12:28 [INFO] < ESP32: 0
2026-07-11 14:12:28 [INFO] < ESP32: 2047
2026-07-11 14:12:28 [INFO] < ESP32: 65535
2026-07-11 14:12:28 [INFO] < ESP32: 65535
2026-07-11 14:12:28 [INFO] < ESP32: 65535
2026-07-11 14:12:28 [INFO] < ESP32: 65535
2026-07-11 14:12:28 [INFO] < ESP32: 63488
2026-07-11 14:12:28 [INFO] < ESP32: 0
2026-07-11 14:12:28 [INFO] < ESP32: 0
2026-07-11 14:12:28 [INFO] < ESP32: 2047
2026-07-11 14:12:28 [INFO] < ESP32: 65535
2026-07-11 14:12:28 [INFO] < ESP32: 63488
2026-07-11 14:12:28 [INFO] < ESP32: 0
2026-07-11 14:12:28 [INFO] < ESP32: 2047
2026-07-11 14:12:28 [INFO] < ESP32: 65535
2026-07-11 14:12:28 [INFO] < ESP32: 63488
2026-07-11 14:12:28 [INFO] < ESP32: 0
2026-07-11 14:12:28 [INFO] < ESP32: 2047
2026-07-11 14:12:28 [INFO] < ESP32: 65535
2026-07-11 14:12:28 [INFO] < ESP32: 63488
2026-07-11 14:12:28 [INFO] < ESP32: 0
2026-07-11 14:12:28 [INFO] < ESP32: 2047
2026-07-11 14:12:28 [INFO] < ESP32: 65535
2026-07-11 14:12:28 [INFO] < ESP32: 63488
2026-07-11 14:12:28 [INFO] < ESP32: 0
2026-07-11 14:12:28 [INFO] < ESP32: 2047
2026-07-11 14:12:28 [INFO] < ESP32: 65535
2026-07-11 14:12:28 [INFO] < ESP32: 63488
2026-07-11 14:12:28 [INFO] < ESP32: 0
2026-07-11 14:12:28 [INFO] < ESP32: 2047
2026-07-11 14:12:28 [INFO] < ESP32: 65535
2026-07-11 14:12:28 [INFO] < ESP32: 63488
2026-07-11 14:12:28 [INFO] < ESP32: 0
2026-07-11 14:12:28 [INFO] < ESP32: 2047
2026-07-11 14:12:28 [INFO] < ESP32: 65535
2026-07-11 14:12:28 [INFO] < ESP32: 63488
2026-07-11 14:12:28 [INFO] < ESP32: 0
2026-07-11 14:12:28 [INFO] < ESP32: 2047
2026-07-11 14:12:28 [INFO] < ESP32: 65535
2026-07-11 14:12:28 [INFO] < ESP32: 63488
2026-07-11 14:12:28 [INFO] < ESP32: 0
2026-07-11 14:12:28 [INFO] < ESP32: 0
2026-07-11 14:12:28 [INFO] < ESP32: 0
2026-07-11 14:12:28 [INFO] < ESP32: 0
2026-07-11 14:12:28 [INFO] < ESP32: 0
2026-07-11 14:12:28 [INFO] < ESP32: 0
2026-07-11 14:12:28 [INFO] < ESP32: 0
2026-07-11 14:12:28 [INFO] < ESP32: 0
2026-07-11 14:12:28 [INFO] < ESP32: 0
2026-07-11 14:12:29 [INFO] > Sent: DOWN:Key.alt_l
2026-07-11 14:12:29 [INFO] > Sent: DOWN:Key.tab
2026-07-11 14:12:29 [INFO] > Sent: UP:Key.tab
2026-07-11 14:12:29 [INFO] > Sent: UP:Key.alt_l
2026-07-11 14:12:37 [INFO] > Sent: DOWN:Key.ctrl_l
2026-07-11 14:12:37 [INFO] > Sent: DOWN:
2026-07-11 14:12:37 [INFO] > Sent: UP:
2026-07-11 14:12:37 [INFO] > Sent: UP:Key.ctrl_l
2026-07-11 14:12:58 [INFO] > Sent: DOWN:Key.alt_l
2026-07-11 14:12:59 [INFO] > Sent: DOWN:Key.tab
2026-07-11 14:12:59 [INFO] > Sent: UP:Key.tab
2026-07-11 14:12:59 [INFO] > Sent: UP:Key.alt_l
2026-07-11 14:12:59 [INFO] KeyboardInterrupt received — shutting down
2026-07-11 14:12:59 [INFO] Stopping threads...
2026-07-11 14:12:59 [INFO] > Sent: DOWN:Key.ctrl_l
2026-07-11 14:13:00 [INFO] Serial port closed
2026-07-11 14:13:00 [INFO] Shutdown complete
2026-07-11 14:13:25 [INFO] Starting keyboard->ESP32 bridge
2026-07-11 14:13:25 [INFO] Configured serial port: COM5 @ 115200
2026-07-11 14:13:25 [INFO] Available ports: ['COM5']
2026-07-11 14:13:25 [INFO] Attempting to open serial port COM5 @ 115200
2026-07-11 14:13:25 [INFO] Keyboard listener started. Press keys to send events. Ctrl+C to quit.
2026-07-11 14:13:25 [INFO] Serial port opened
2026-07-11 14:13:25 [INFO] < ESP32: PI_FAST_FLASH_BOOT)
2026-07-11 14:13:25 [INFO] < ESP32: configsip: 0, SPIWP:0xee
2026-07-11 14:13:25 [INFO] < ESP32: clk_drv:0x00,q_drv:0x00,d_drv:0x00,cs0_drv:0x00,hd_drv:0x00,wp_drv:0x00
2026-07-11 14:13:25 [INFO] < ESP32: mode:DIO, clock div:1
2026-07-11 14:13:25 [INFO] < ESP32: load:0x3fff0030,len:4876
2026-07-11 14:13:25 [INFO] < ESP32: ho 0 tail 12 room 4
2026-07-11 14:13:25 [INFO] < ESP32: load:0x40078000,len:16560
2026-07-11 14:13:25 [INFO] < ESP32: load:0x40080400,len:3500
2026-07-11 14:13:25 [INFO] < ESP32: entry 0x400805b4
2026-07-11 14:13:25 [INFO] < ESP32: ESP32 ready. Waiting for key events...
2026-07-11 14:13:26 [INFO] > Sent: DOWN:a
2026-07-11 14:13:27 [INFO] > Sent: UP:a
2026-07-11 14:13:28 [INFO] > Sent: DOWN:a
2026-07-11 14:13:28 [INFO] > Sent: UP:a
2026-07-11 14:13:28 [INFO] > Sent: DOWN:a
2026-07-11 14:13:28 [INFO] > Sent: UP:a
2026-07-11 14:13:32 [INFO] > Sent: DOWN:a
2026-07-11 14:13:32 [INFO] > Sent: UP:a
2026-07-11 14:13:33 [INFO] > Sent: DOWN:a
2026-07-11 14:13:33 [INFO] > Sent: UP:a
2026-07-11 14:13:34 [INFO] > Sent: DOWN:a
2026-07-11 14:13:35 [INFO] > Sent: DOWN:a
2026-07-11 14:13:35 [INFO] > Sent: DOWN:a
2026-07-11 14:13:35 [INFO] > Sent: DOWN:a
2026-07-11 14:13:35 [INFO] > Sent: DOWN:a
2026-07-11 14:13:35 [INFO] > Sent: DOWN:a
2026-07-11 14:13:35 [INFO] > Sent: DOWN:a
2026-07-11 14:13:35 [INFO] > Sent: DOWN:a
2026-07-11 14:13:35 [INFO] > Sent: DOWN:a
2026-07-11 14:13:35 [INFO] > Sent: DOWN:a
2026-07-11 14:13:35 [INFO] > Sent: DOWN:a
2026-07-11 14:13:35 [INFO] > Sent: DOWN:a
2026-07-11 14:13:35 [INFO] > Sent: DOWN:a
2026-07-11 14:13:35 [INFO] > Sent: DOWN:a
2026-07-11 14:13:35 [INFO] > Sent: DOWN:a
2026-07-11 14:13:35 [INFO] > Sent: DOWN:a
2026-07-11 14:13:35 [INFO] > Sent: UP:a
2026-07-11 14:13:40 [INFO] > Sent: DOWN:a
2026-07-11 14:13:40 [INFO] > Sent: DOWN:a
2026-07-11 14:13:40 [INFO] > Sent: DOWN:a
2026-07-11 14:13:40 [INFO] > Sent: DOWN:a
2026-07-11 14:13:40 [INFO] > Sent: DOWN:a
2026-07-11 14:13:41 [INFO] > Sent: DOWN:a
2026-07-11 14:13:41 [INFO] > Sent: DOWN:a
2026-07-11 14:13:41 [INFO] > Sent: DOWN:a
2026-07-11 14:13:41 [INFO] > Sent: DOWN:a
2026-07-11 14:13:41 [INFO] > Sent: DOWN:a
2026-07-11 14:13:41 [INFO] > Sent: DOWN:a
2026-07-11 14:13:41 [INFO] > Sent: DOWN:a
2026-07-11 14:13:41 [INFO] > Sent: DOWN:a
2026-07-11 14:13:41 [INFO] > Sent: DOWN:a
2026-07-11 14:13:41 [INFO] > Sent: DOWN:a
2026-07-11 14:13:41 [INFO] > Sent: DOWN:a
2026-07-11 14:13:41 [INFO] > Sent: DOWN:a
2026-07-11 14:13:41 [INFO] > Sent: DOWN:a
2026-07-11 14:13:41 [INFO] > Sent: DOWN:a
2026-07-11 14:13:41 [INFO] > Sent: DOWN:a
2026-07-11 14:13:41 [INFO] > Sent: DOWN:a
2026-07-11 14:13:41 [INFO] > Sent: DOWN:a
2026-07-11 14:13:41 [INFO] > Sent: DOWN:a
2026-07-11 14:13:41 [INFO] > Sent: DOWN:a
2026-07-11 14:13:41 [INFO] > Sent: DOWN:a
2026-07-11 14:13:41 [INFO] > Sent: DOWN:a
2026-07-11 14:13:41 [INFO] > Sent: DOWN:a
2026-07-11 14:13:41 [INFO] > Sent: DOWN:a
2026-07-11 14:13:41 [INFO] > Sent: UP:a
2026-07-11 14:13:42 [INFO] > Sent: DOWN:a
2026-07-11 14:13:42 [INFO] > Sent: UP:a
2026-07-11 14:13:43 [INFO] > Sent: DOWN:a
2026-07-11 14:13:43 [INFO] > Sent: UP:a
2026-07-11 14:13:43 [INFO] > Sent: DOWN:a
2026-07-11 14:13:43 [INFO] > Sent: UP:a
2026-07-11 14:13:43 [INFO] > Sent: DOWN:a
2026-07-11 14:13:44 [INFO] > Sent: UP:a
2026-07-11 14:13:45 [INFO] > Sent: DOWN:a
2026-07-11 14:13:45 [INFO] > Sent: DOWN:a
2026-07-11 14:13:45 [INFO] > Sent: DOWN:a
2026-07-11 14:13:45 [INFO] > Sent: DOWN:a
2026-07-11 14:13:45 [INFO] > Sent: DOWN:a
2026-07-11 14:13:45 [INFO] > Sent: DOWN:a
2026-07-11 14:13:46 [INFO] > Sent: DOWN:a
2026-07-11 14:13:46 [INFO] > Sent: DOWN:a
2026-07-11 14:13:46 [INFO] > Sent: DOWN:a
2026-07-11 14:13:46 [INFO] > Sent: DOWN:a
2026-07-11 14:13:46 [INFO] > Sent: DOWN:a
2026-07-11 14:13:46 [INFO] > Sent: DOWN:a
2026-07-11 14:13:46 [INFO] > Sent: DOWN:a
2026-07-11 14:13:46 [INFO] > Sent: DOWN:a
2026-07-11 14:13:46 [INFO] > Sent: DOWN:a
2026-07-11 14:13:46 [INFO] > Sent: DOWN:a
2026-07-11 14:13:46 [INFO] > Sent: DOWN:a
2026-07-11 14:13:46 [INFO] > Sent: DOWN:a
2026-07-11 14:13:46 [INFO] > Sent: DOWN:a
2026-07-11 14:13:46 [INFO] > Sent: DOWN:a
2026-07-11 14:13:46 [INFO] > Sent: DOWN:a
2026-07-11 14:13:46 [INFO] > Sent: DOWN:a
2026-07-11 14:13:46 [INFO] > Sent: DOWN:a
2026-07-11 14:13:46 [INFO] > Sent: DOWN:a
2026-07-11 14:13:46 [INFO] > Sent: DOWN:a
2026-07-11 14:13:46 [INFO] > Sent: DOWN:a
2026-07-11 14:13:46 [INFO] > Sent: DOWN:a
2026-07-11 14:13:46 [INFO] > Sent: DOWN:a
2026-07-11 14:13:46 [INFO] > Sent: DOWN:a
2026-07-11 14:13:46 [INFO] > Sent: DOWN:a
2026-07-11 14:13:46 [INFO] > Sent: DOWN:a
2026-07-11 14:13:46 [INFO] > Sent: DOWN:a
2026-07-11 14:13:46 [INFO] > Sent: DOWN:a
2026-07-11 14:13:46 [INFO] > Sent: DOWN:a
2026-07-11 14:13:46 [INFO] > Sent: DOWN:a
2026-07-11 14:13:46 [INFO] > Sent: DOWN:a
2026-07-11 14:13:47 [INFO] > Sent: DOWN:a
2026-07-11 14:13:47 [INFO] > Sent: DOWN:a
2026-07-11 14:13:47 [INFO] > Sent: DOWN:a
2026-07-11 14:13:47 [INFO] > Sent: DOWN:a
2026-07-11 14:13:47 [INFO] > Sent: DOWN:a
2026-07-11 14:13:47 [INFO] > Sent: UP:a
2026-07-11 14:13:47 [INFO] > Sent: DOWN:a
2026-07-11 14:13:48 [INFO] > Sent: UP:a
2026-07-11 14:13:49 [INFO] > Sent: DOWN:a
2026-07-11 14:13:49 [INFO] > Sent: UP:a
2026-07-11 14:13:50 [INFO] > Sent: DOWN:a
2026-07-11 14:13:50 [INFO] > Sent: UP:a
2026-07-11 14:13:51 [INFO] > Sent: DOWN:a
2026-07-11 14:13:51 [INFO] > Sent: UP:a
2026-07-11 14:13:51 [INFO] > Sent: DOWN:a
2026-07-11 14:13:52 [INFO] > Sent: UP:a
2026-07-11 14:13:52 [INFO] > Sent: DOWN:a
2026-07-11 14:13:52 [INFO] > Sent: UP:a
2026-07-11 14:13:53 [INFO] > Sent: DOWN:a
2026-07-11 14:13:53 [INFO] > Sent: UP:a
2026-07-11 14:13:53 [INFO] > Sent: DOWN:a
2026-07-11 14:13:53 [INFO] > Sent: UP:a
2026-07-11 14:13:54 [INFO] > Sent: DOWN:a
2026-07-11 14:13:54 [INFO] > Sent: UP:a
2026-07-11 14:13:54 [INFO] > Sent: DOWN:a
2026-07-11 14:13:54 [INFO] > Sent: UP:a
2026-07-11 14:13:54 [INFO] > Sent: DOWN:a
2026-07-11 14:13:54 [INFO] > Sent: UP:a
2026-07-11 14:13:55 [INFO] > Sent: DOWN:a
2026-07-11 14:13:55 [INFO] > Sent: UP:a
2026-07-11 14:13:55 [INFO] > Sent: DOWN:a
2026-07-11 14:13:55 [INFO] > Sent: UP:a
2026-07-11 14:13:55 [INFO] > Sent: DOWN:a
2026-07-11 14:13:55 [INFO] > Sent: UP:a
2026-07-11 14:13:55 [INFO] > Sent: DOWN:a
2026-07-11 14:13:55 [INFO] > Sent: UP:a
2026-07-11 14:13:56 [INFO] > Sent: DOWN:a
2026-07-11 14:13:56 [INFO] > Sent: UP:a
2026-07-11 14:13:56 [INFO] > Sent: DOWN:a
2026-07-11 14:13:56 [INFO] > Sent: UP:a
2026-07-11 14:13:56 [INFO] > Sent: DOWN:a
2026-07-11 14:13:56 [INFO] > Sent: DOWN:a
2026-07-11 14:13:56 [INFO] > Sent: DOWN:a
2026-07-11 14:13:56 [INFO] > Sent: DOWN:a
2026-07-11 14:13:56 [INFO] > Sent: DOWN:a
2026-07-11 14:13:56 [INFO] > Sent: DOWN:a
2026-07-11 14:13:57 [INFO] > Sent: DOWN:a
2026-07-11 14:13:57 [INFO] > Sent: DOWN:a
2026-07-11 14:13:57 [INFO] > Sent: DOWN:a
2026-07-11 14:13:57 [INFO] > Sent: DOWN:a
2026-07-11 14:13:57 [INFO] > Sent: DOWN:a
2026-07-11 14:13:57 [INFO] > Sent: DOWN:a
2026-07-11 14:13:57 [INFO] > Sent: DOWN:a
2026-07-11 14:13:57 [INFO] > Sent: DOWN:a
2026-07-11 14:13:57 [INFO] > Sent: UP:a
2026-07-11 14:13:57 [INFO] > Sent: DOWN:a
2026-07-11 14:13:57 [INFO] > Sent: UP:a
2026-07-11 14:13:57 [INFO] > Sent: DOWN:a
2026-07-11 14:13:57 [INFO] > Sent: UP:a
2026-07-11 14:13:57 [INFO] > Sent: DOWN:a
2026-07-11 14:13:57 [INFO] > Sent: UP:a
2026-07-11 14:13:58 [INFO] KeyboardInterrupt received — shutting down
2026-07-11 14:13:58 [INFO] Stopping threads...
2026-07-11 14:13:58 [INFO] > Sent: DOWN:Key.ctrl_l
2026-07-11 14:13:58 [INFO] Serial port closed
2026-07-11 14:13:58 [INFO] Shutdown complete
2026-07-11 14:15:35 [INFO] Starting keyboard->ESP32 bridge
2026-07-11 14:15:35 [INFO] Configured serial port: COM5 @ 115200
2026-07-11 14:15:35 [INFO] Available ports: ['COM5']
2026-07-11 14:15:35 [INFO] Attempting to open serial port COM5 @ 115200
2026-07-11 14:15:35 [INFO] Keyboard listener started. Press keys to send events. Ctrl+C to quit.
2026-07-11 14:15:35 [INFO] Serial port opened
2026-07-11 14:15:35 [INFO] < ESP32: PI_FAST_FLASH_BOOT)
2026-07-11 14:15:35 [INFO] < ESP32: configsip: 0, SPIWP:0xee
2026-07-11 14:15:35 [INFO] < ESP32: clk_drv:0x00,q_drv:0x00,d_drv:0x00,cs0_drv:0x00,hd_drv:0x00,wp_drv:0x00
2026-07-11 14:15:35 [INFO] < ESP32: mode:DIO, clock div:1
2026-07-11 14:15:35 [INFO] < ESP32: load:0x3fff0030,len:4876
2026-07-11 14:15:35 [INFO] < ESP32: ho 0 tail 12 room 4
2026-07-11 14:15:35 [INFO] < ESP32: load:0x40078000,len:16560
2026-07-11 14:15:35 [INFO] < ESP32: load:0x40080400,len:3500
2026-07-11 14:15:35 [INFO] < ESP32: entry 0x400805b4
2026-07-11 14:15:35 [INFO] < ESP32: ESP32 ready. Waiting for key events...
2026-07-11 14:15:36 [INFO] > Sent: DOWN:a
2026-07-11 14:15:36 [INFO] > Sent: UP:a
2026-07-11 14:15:37 [INFO] > Sent: DOWN:a
2026-07-11 14:15:37 [INFO] > Sent: UP:a
2026-07-11 14:15:37 [INFO] > Sent: DOWN:a
2026-07-11 14:15:37 [INFO] > Sent: UP:a
2026-07-11 14:15:37 [INFO] > Sent: DOWN:a
2026-07-11 14:15:38 [INFO] > Sent: UP:a
2026-07-11 14:15:38 [INFO] > Sent: DOWN:a
2026-07-11 14:15:38 [INFO] > Sent: UP:a
2026-07-11 14:15:39 [INFO] > Sent: DOWN:a
2026-07-11 14:15:39 [INFO] > Sent: UP:a
2026-07-11 14:15:39 [INFO] > Sent: DOWN:a
2026-07-11 14:15:39 [INFO] > Sent: UP:a
2026-07-11 14:15:39 [INFO] > Sent: DOWN:a
2026-07-11 14:15:39 [INFO] > Sent: UP:a
2026-07-11 14:15:40 [INFO] > Sent: DOWN:a
2026-07-11 14:15:40 [INFO] > Sent: UP:a
2026-07-11 14:15:41 [INFO] > Sent: DOWN:a
2026-07-11 14:15:41 [INFO] > Sent: UP:a
2026-07-11 14:15:43 [INFO] > Sent: DOWN:a
2026-07-11 14:15:43 [INFO] > Sent: UP:a
2026-07-11 14:15:45 [INFO] > Sent: DOWN:a
2026-07-11 14:15:46 [INFO] > Sent: UP:a
2026-07-11 14:15:48 [INFO] > Sent: DOWN:a
2026-07-11 14:15:48 [INFO] > Sent: UP:a
2026-07-11 14:15:49 [INFO] > Sent: DOWN:a
2026-07-11 14:15:49 [INFO] > Sent: UP:a
2026-07-11 14:15:50 [INFO] > Sent: DOWN:a
2026-07-11 14:15:50 [INFO] > Sent: UP:a
2026-07-11 14:15:50 [INFO] > Sent: DOWN:a
2026-07-11 14:15:50 [INFO] > Sent: UP:a
2026-07-11 14:15:50 [INFO] > Sent: DOWN:a
2026-07-11 14:15:50 [INFO] > Sent: UP:a
2026-07-11 14:15:50 [INFO] > Sent: DOWN:a
2026-07-11 14:15:50 [INFO] > Sent: UP:a
2026-07-11 14:15:50 [INFO] > Sent: DOWN:a
2026-07-11 14:15:50 [INFO] > Sent: UP:a
2026-07-11 14:15:50 [INFO] > Sent: DOWN:a
2026-07-11 14:15:50 [INFO] > Sent: UP:a
2026-07-11 14:15:51 [INFO] > Sent: DOWN:a
2026-07-11 14:15:51 [INFO] > Sent: UP:a
2026-07-11 14:15:51 [INFO] > Sent: DOWN:a
2026-07-11 14:15:51 [INFO] > Sent: UP:a
2026-07-11 14:15:51 [INFO] > Sent: DOWN:a
2026-07-11 14:15:51 [INFO] > Sent: UP:a
2026-07-11 14:15:51 [INFO] > Sent: DOWN:a
2026-07-11 14:15:51 [INFO] > Sent: UP:a
2026-07-11 14:15:51 [INFO] > Sent: DOWN:a
2026-07-11 14:15:51 [INFO] > Sent: UP:a
2026-07-11 14:15:51 [INFO] > Sent: DOWN:a
2026-07-11 14:15:52 [INFO] > Sent: UP:a
2026-07-11 14:15:52 [INFO] > Sent: DOWN:a
2026-07-11 14:15:52 [INFO] > Sent: UP:a
2026-07-11 14:15:52 [INFO] > Sent: DOWN:a
2026-07-11 14:15:52 [INFO] > Sent: UP:a
2026-07-11 14:15:52 [INFO] > Sent: DOWN:a
2026-07-11 14:15:52 [INFO] > Sent: UP:a
2026-07-11 14:15:52 [INFO] > Sent: DOWN:a
2026-07-11 14:15:52 [INFO] > Sent: UP:a
2026-07-11 14:15:52 [INFO] > Sent: DOWN:a
2026-07-11 14:15:53 [INFO] > Sent: UP:a
2026-07-11 14:15:53 [INFO] > Sent: DOWN:a
2026-07-11 14:15:53 [INFO] > Sent: UP:a
2026-07-11 14:15:53 [INFO] > Sent: DOWN:a
2026-07-11 14:15:53 [INFO] > Sent: UP:a
2026-07-11 14:15:53 [INFO] > Sent: DOWN:a
2026-07-11 14:15:53 [INFO] > Sent: UP:a
2026-07-11 14:15:53 [INFO] > Sent: DOWN:a
2026-07-11 14:15:53 [INFO] > Sent: UP:a
2026-07-11 14:15:53 [INFO] > Sent: DOWN:a
2026-07-11 14:15:53 [INFO] > Sent: UP:a
2026-07-11 14:15:54 [INFO] > Sent: DOWN:a
2026-07-11 14:15:54 [INFO] > Sent: UP:a
2026-07-11 14:15:54 [INFO] > Sent: DOWN:a
2026-07-11 14:15:54 [INFO] > Sent: UP:a
2026-07-11 14:15:54 [INFO] > Sent: DOWN:a
2026-07-11 14:15:54 [INFO] > Sent: UP:a
2026-07-11 14:15:54 [INFO] > Sent: DOWN:a
2026-07-11 14:15:55 [INFO] > Sent: UP:a
2026-07-11 14:15:55 [INFO] > Sent: DOWN:a
2026-07-11 14:15:55 [INFO] > Sent: UP:a
2026-07-11 14:15:55 [INFO] > Sent: DOWN:a
2026-07-11 14:15:56 [INFO] > Sent: UP:a
2026-07-11 14:15:56 [INFO] > Sent: DOWN:a
2026-07-11 14:15:56 [INFO] > Sent: UP:a
2026-07-11 14:15:56 [INFO] > Sent: DOWN:a
2026-07-11 14:15:56 [INFO] > Sent: UP:a
2026-07-11 14:15:56 [INFO] > Sent: DOWN:a
2026-07-11 14:15:56 [INFO] > Sent: UP:a
2026-07-11 14:15:57 [INFO] > Sent: DOWN:a
2026-07-11 14:15:57 [INFO] > Sent: UP:a
2026-07-11 14:15:57 [INFO] > Sent: DOWN:a
2026-07-11 14:15:57 [INFO] > Sent: UP:a
2026-07-11 14:15:57 [INFO] > Sent: DOWN:a
2026-07-11 14:15:57 [INFO] > Sent: UP:a
2026-07-11 14:15:58 [INFO] > Sent: DOWN:a
2026-07-11 14:15:58 [INFO] > Sent: UP:a
2026-07-11 14:15:58 [INFO] > Sent: DOWN:a
2026-07-11 14:15:58 [INFO] > Sent: UP:a
2026-07-11 14:15:58 [INFO] > Sent: DOWN:a
2026-07-11 14:15:58 [INFO] > Sent: UP:a
2026-07-11 14:15:58 [INFO] > Sent: DOWN:a
2026-07-11 14:15:58 [INFO] > Sent: UP:a
2026-07-11 14:15:58 [INFO] > Sent: DOWN:a
2026-07-11 14:15:59 [INFO] > Sent: UP:a
2026-07-11 14:15:59 [INFO] > Sent: DOWN:a
2026-07-11 14:15:59 [INFO] > Sent: UP:a
2026-07-11 14:15:59 [INFO] > Sent: DOWN:a
2026-07-11 14:15:59 [INFO] > Sent: UP:a
2026-07-11 14:15:59 [INFO] > Sent: DOWN:a
2026-07-11 14:15:59 [INFO] > Sent: UP:a
2026-07-11 14:15:59 [INFO] > Sent: DOWN:a
2026-07-11 14:15:59 [INFO] > Sent: UP:a
2026-07-11 14:15:59 [INFO] > Sent: DOWN:a
2026-07-11 14:15:59 [INFO] > Sent: UP:a
2026-07-11 14:16:00 [INFO] > Sent: DOWN:a
2026-07-11 14:16:00 [INFO] > Sent: UP:a
2026-07-11 14:16:00 [INFO] > Sent: DOWN:a
2026-07-11 14:16:00 [INFO] > Sent: UP:a
2026-07-11 14:16:02 [INFO] > Sent: DOWN:a
2026-07-11 14:16:02 [INFO] > Sent: UP:a
2026-07-11 14:16:03 [INFO] > Sent: DOWN:a
2026-07-11 14:16:03 [INFO] > Sent: UP:a
2026-07-11 14:16:04 [INFO] > Sent: DOWN:a
2026-07-11 14:16:04 [INFO] > Sent: UP:a
2026-07-11 14:16:05 [INFO] > Sent: DOWN:a
2026-07-11 14:16:05 [INFO] > Sent: UP:a
2026-07-11 14:16:07 [INFO] > Sent: DOWN:a
2026-07-11 14:16:08 [INFO] > Sent: UP:a
2026-07-11 14:16:10 [INFO] > Sent: DOWN:Key.ctrl_l
2026-07-11 14:16:10 [INFO] KeyboardInterrupt received — shutting down
2026-07-11 14:16:10 [INFO] Stopping threads...
2026-07-11 14:16:10 [INFO] > Sent: DOWN:
2026-07-11 14:16:10 [INFO] Serial port closed
2026-07-11 14:16:10 [INFO] Shutdown complete
2026-07-11 14:19:03 [INFO] Starting keyboard->ESP32 bridge
2026-07-11 14:19:03 [INFO] Configured serial port: COM5 @ 115200
2026-07-11 14:19:03 [INFO] Available ports: ['COM5']
2026-07-11 14:19:03 [INFO] Attempting to open serial port COM5 @ 115200
2026-07-11 14:19:03 [INFO] Keyboard listener started. Press keys to send events. Ctrl+C to quit.
2026-07-11 14:19:04 [INFO] Serial port opened
2026-07-11 14:19:04 [INFO] < ESP32: PI_FAST_FLASH_BOOT)
2026-07-11 14:19:04 [INFO] < ESP32: configsip: 0, SPIWP:0xee
2026-07-11 14:19:04 [INFO] < ESP32: clk_drv:0x00,q_drv:0x00,d_drv:0x00,cs0_drv:0x00,hd_drv:0x00,wp_drv:0x00
2026-07-11 14:19:04 [INFO] < ESP32: mode:DIO, clock div:1
2026-07-11 14:19:04 [INFO] < ESP32: load:0x3fff0030,len:4876
2026-07-11 14:19:04 [INFO] < ESP32: ho 0 tail 12 room 4
2026-07-11 14:19:04 [INFO] < ESP32: load:0x40078000,len:16560
2026-07-11 14:19:04 [INFO] < ESP32: load:0x40080400,len:3500
2026-07-11 14:19:04 [INFO] < ESP32: entry 0x400805b4
2026-07-11 14:19:04 [INFO] < ESP32: ESP32 ready. Waiting for key events...
2026-07-11 14:19:04 [INFO] > Sent: DOWN:a
2026-07-11 14:19:05 [INFO] > Sent: UP:a
2026-07-11 14:19:05 [INFO] > Sent: DOWN:a
2026-07-11 14:19:05 [INFO] > Sent: UP:a
2026-07-11 14:19:05 [INFO] > Sent: DOWN:a
2026-07-11 14:19:05 [INFO] > Sent: UP:a
2026-07-11 14:19:06 [INFO] > Sent: DOWN:a
2026-07-11 14:19:06 [INFO] > Sent: UP:a
2026-07-11 14:19:06 [INFO] > Sent: DOWN:a
2026-07-11 14:19:06 [INFO] > Sent: UP:a
2026-07-11 14:19:06 [INFO] > Sent: DOWN:a
2026-07-11 14:19:06 [INFO] > Sent: UP:a
2026-07-11 14:19:06 [INFO] > Sent: DOWN:a
2026-07-11 14:19:06 [INFO] > Sent: UP:a
2026-07-11 14:19:06 [INFO] > Sent: DOWN:a
2026-07-11 14:19:06 [INFO] > Sent: UP:a
2026-07-11 14:19:07 [INFO] > Sent: DOWN:a
2026-07-11 14:19:07 [INFO] > Sent: UP:a
2026-07-11 14:19:07 [INFO] > Sent: DOWN:a
2026-07-11 14:19:07 [INFO] > Sent: UP:a
2026-07-11 14:19:07 [INFO] > Sent: DOWN:a
2026-07-11 14:19:07 [INFO] > Sent: UP:a
2026-07-11 14:19:07 [INFO] > Sent: DOWN:a
2026-07-11 14:19:07 [INFO] > Sent: UP:a
2026-07-11 14:19:07 [INFO] > Sent: DOWN:a
2026-07-11 14:19:07 [INFO] > Sent: UP:a
2026-07-11 14:19:07 [INFO] > Sent: DOWN:a
2026-07-11 14:19:07 [INFO] > Sent: UP:a
2026-07-11 14:19:08 [INFO] > Sent: DOWN:a
2026-07-11 14:19:08 [INFO] > Sent: UP:a
2026-07-11 14:19:08 [INFO] > Sent: DOWN:a
2026-07-11 14:19:08 [INFO] > Sent: UP:a
2026-07-11 14:19:08 [INFO] > Sent: DOWN:a
2026-07-11 14:19:08 [INFO] > Sent: UP:a
2026-07-11 14:19:08 [INFO] > Sent: DOWN:a
2026-07-11 14:19:08 [INFO] > Sent: UP:a
2026-07-11 14:19:08 [INFO] > Sent: DOWN:a
2026-07-11 14:19:08 [INFO] > Sent: UP:a
2026-07-11 14:19:08 [INFO] > Sent: DOWN:a
2026-07-11 14:19:09 [INFO] > Sent: UP:a
2026-07-11 14:19:09 [INFO] > Sent: DOWN:a
2026-07-11 14:19:09 [INFO] > Sent: UP:a
2026-07-11 14:19:09 [INFO] > Sent: DOWN:a
2026-07-11 14:19:09 [INFO] > Sent: UP:a
2026-07-11 14:19:09 [INFO] > Sent: DOWN:a
2026-07-11 14:19:09 [INFO] > Sent: UP:a
2026-07-11 14:19:09 [INFO] > Sent: DOWN:a
2026-07-11 14:19:09 [INFO] > Sent: UP:a
2026-07-11 14:19:09 [INFO] > Sent: DOWN:a
2026-07-11 14:19:09 [INFO] > Sent: UP:a
2026-07-11 14:19:09 [INFO] > Sent: DOWN:a
2026-07-11 14:19:10 [INFO] > Sent: UP:a
2026-07-11 14:19:10 [INFO] KeyboardInterrupt received — shutting down
2026-07-11 14:19:10 [INFO] Stopping threads...
2026-07-11 14:19:10 [INFO] > Sent: DOWN:Key.ctrl_l
2026-07-11 14:19:10 [INFO] Serial port closed
2026-07-11 14:19:10 [INFO] Shutdown complete
2026-07-11 14:20:05 [INFO] Starting keyboard->ESP32 bridge
2026-07-11 14:20:05 [INFO] Configured serial port: COM5 @ 115200
2026-07-11 14:20:05 [INFO] Available ports: ['COM5']
2026-07-11 14:20:05 [INFO] Attempting to open serial port COM5 @ 115200
2026-07-11 14:20:05 [INFO] Keyboard listener started. Press keys to send events. Ctrl+C to quit.
2026-07-11 14:20:05 [INFO] Serial port opened
2026-07-11 14:20:05 [INFO] < ESP32: PI_FAST_FLASH_BOOT)
2026-07-11 14:20:05 [INFO] < ESP32: configsip: 0, SPIWP:0xee
2026-07-11 14:20:05 [INFO] < ESP32: clk_drv:0x00,q_drv:0x00,d_drv:0x00,cs0_drv:0x00,hd_drv:0x00,wp_drv:0x00
2026-07-11 14:20:05 [INFO] < ESP32: mode:DIO, clock div:1
2026-07-11 14:20:05 [INFO] < ESP32: load:0x3fff0030,len:4876
2026-07-11 14:20:05 [INFO] < ESP32: ho 0 tail 12 room 4
2026-07-11 14:20:05 [INFO] < ESP32: load:0x40078000,len:16560
2026-07-11 14:20:05 [INFO] < ESP32: load:0x40080400,len:3500
2026-07-11 14:20:05 [INFO] < ESP32: entry 0x400805b4
2026-07-11 14:20:05 [INFO] < ESP32: ESP32 ready. Waiting for key events...
2026-07-11 14:20:07 [INFO] > Sent: DOWN:w
2026-07-11 14:20:08 [INFO] > Sent: UP:w
2026-07-11 14:20:08 [INFO] > Sent: DOWN:w
2026-07-11 14:20:08 [INFO] > Sent: UP:w
2026-07-11 14:20:09 [INFO] > Sent: DOWN:w
2026-07-11 14:20:09 [INFO] > Sent: UP:w
2026-07-11 14:20:09 [INFO] > Sent: DOWN:w
2026-07-11 14:20:09 [INFO] > Sent: UP:w
2026-07-11 14:20:09 [INFO] > Sent: DOWN:w
2026-07-11 14:20:10 [INFO] > Sent: UP:w
2026-07-11 14:20:10 [INFO] > Sent: DOWN:w
2026-07-11 14:20:10 [INFO] > Sent: UP:w
2026-07-11 14:20:10 [INFO] > Sent: DOWN:w
2026-07-11 14:20:10 [INFO] > Sent: UP:w
2026-07-11 14:20:10 [INFO] > Sent: DOWN:w
2026-07-11 14:20:10 [INFO] > Sent: UP:w
2026-07-11 14:20:10 [INFO] > Sent: DOWN:w
2026-07-11 14:20:10 [INFO] > Sent: UP:w
2026-07-11 14:20:10 [INFO] > Sent: DOWN:w
2026-07-11 14:20:10 [INFO] > Sent: UP:w
2026-07-11 14:20:11 [INFO] > Sent: DOWN:w
2026-07-11 14:20:11 [INFO] > Sent: UP:w
2026-07-11 14:20:11 [INFO] > Sent: DOWN:w
2026-07-11 14:20:11 [INFO] > Sent: UP:w
2026-07-11 14:20:11 [INFO] > Sent: DOWN:w
2026-07-11 14:20:11 [INFO] > Sent: UP:w
2026-07-11 14:20:11 [INFO] > Sent: DOWN:w
2026-07-11 14:20:11 [INFO] > Sent: UP:w
2026-07-11 14:20:11 [INFO] > Sent: DOWN:w
2026-07-11 14:20:11 [INFO] > Sent: UP:w
2026-07-11 14:20:11 [INFO] > Sent: DOWN:w
2026-07-11 14:20:11 [INFO] > Sent: UP:w
2026-07-11 14:20:12 [INFO] > Sent: DOWN:w
2026-07-11 14:20:12 [INFO] > Sent: UP:w
2026-07-11 14:20:12 [INFO] > Sent: DOWN:w
2026-07-11 14:20:12 [INFO] > Sent: UP:w
2026-07-11 14:20:12 [INFO] > Sent: DOWN:w
2026-07-11 14:20:12 [INFO] > Sent: UP:w
2026-07-11 14:20:12 [INFO] > Sent: DOWN:w
2026-07-11 14:20:12 [INFO] > Sent: UP:w
2026-07-11 14:20:12 [INFO] > Sent: DOWN:Key.ctrl_l
2026-07-11 14:20:12 [INFO] KeyboardInterrupt received — shutting down
2026-07-11 14:20:12 [INFO] Stopping threads...
2026-07-11 14:20:13 [INFO] > Sent: DOWN:
2026-07-11 14:20:13 [INFO] Serial port closed
2026-07-11 14:20:13 [INFO] Shutdown complete
2026-07-11 14:22:10 [INFO] Starting keyboard->ESP32 bridge
2026-07-11 14:22:10 [INFO] Configured serial port: COM5 @ 115200
2026-07-11 14:22:10 [INFO] Available ports: ['COM5']
2026-07-11 14:22:10 [INFO] Attempting to open serial port COM5 @ 115200
2026-07-11 14:22:10 [INFO] Keyboard listener started. Press keys to send events. Ctrl+C to quit.
2026-07-11 14:22:10 [INFO] Serial port opened
2026-07-11 14:22:10 [INFO] > Sent: DOWN:Key.alt_l
2026-07-11 14:22:10 [INFO] < ESP32: PI_FAST_FLASH_BOOT)
2026-07-11 14:22:10 [INFO] > Sent: DOWN:Key.tab
2026-07-11 14:22:10 [INFO] < ESP32: configsip: 0, SPIWP:0xee
2026-07-11 14:22:10 [INFO] > Sent: UP:Key.alt_l
2026-07-11 14:22:10 [INFO] < ESP32: clk_drv:0x00,q_drv:0x00,d_drv:0x00,cs0_drv:0x00,hd_drv:0x00,wp_drv:0x00
2026-07-11 14:22:10 [INFO] > Sent: UP:Key.tab
2026-07-11 14:22:10 [INFO] < ESP32: mode:DIO, clock div:1
2026-07-11 14:22:10 [INFO] < ESP32: load:0x3fff0030,len:4876
2026-07-11 14:22:10 [INFO] < ESP32: ho 0 tail 12 room 4
2026-07-11 14:22:10 [INFO] < ESP32: load:0x40078000,len:16560
2026-07-11 14:22:10 [INFO] < ESP32: load:0x40080400,len:3500
2026-07-11 14:22:10 [INFO] < ESP32: entry 0x400805b4
2026-07-11 14:22:10 [INFO] < ESP32: ESP32 ready. Waiting for key events...
2026-07-11 14:22:10 [INFO] > Sent: DOWN:Key.alt_l
2026-07-11 14:22:10 [INFO] > Sent: DOWN:Key.tab
2026-07-11 14:22:10 [INFO] > Sent: UP:Key.alt_l
2026-07-11 14:22:10 [INFO] > Sent: UP:Key.tab
2026-07-11 14:22:12 [INFO] > Sent: DOWN:a
2026-07-11 14:22:12 [INFO] > Sent: UP:a
2026-07-11 14:22:13 [INFO] > Sent: DOWN:a
2026-07-11 14:22:13 [INFO] > Sent: UP:a
2026-07-11 14:22:13 [INFO] > Sent: DOWN:a
2026-07-11 14:22:13 [INFO] > Sent: UP:a
2026-07-11 14:22:13 [INFO] > Sent: DOWN:a
2026-07-11 14:22:13 [INFO] > Sent: UP:a
2026-07-11 14:22:13 [INFO] > Sent: DOWN:a
2026-07-11 14:22:13 [INFO] > Sent: UP:a
2026-07-11 14:22:14 [INFO] > Sent: DOWN:a
2026-07-11 14:22:14 [INFO] > Sent: UP:a
2026-07-11 14:22:14 [INFO] > Sent: DOWN:a
2026-07-11 14:22:14 [INFO] > Sent: UP:a
2026-07-11 14:22:14 [INFO] > Sent: DOWN:a
2026-07-11 14:22:14 [INFO] > Sent: UP:a
2026-07-11 14:22:14 [INFO] > Sent: DOWN:a
2026-07-11 14:22:14 [INFO] > Sent: UP:a
2026-07-11 14:22:14 [INFO] > Sent: DOWN:a
2026-07-11 14:22:14 [INFO] > Sent: UP:a
2026-07-11 14:22:14 [INFO] > Sent: DOWN:a
2026-07-11 14:22:14 [INFO] > Sent: UP:a
2026-07-11 14:22:14 [INFO] > Sent: DOWN:a
2026-07-11 14:22:15 [INFO] > Sent: UP:a
2026-07-11 14:22:15 [INFO] > Sent: DOWN:a
2026-07-11 14:22:15 [INFO] > Sent: UP:a
2026-07-11 14:22:15 [INFO] > Sent: DOWN:a
2026-07-11 14:22:15 [INFO] > Sent: UP:a
2026-07-11 14:22:15 [INFO] > Sent: DOWN:a
2026-07-11 14:22:16 [INFO] > Sent: DOWN:a
2026-07-11 14:22:16 [INFO] > Sent: DOWN:a
2026-07-11 14:22:16 [INFO] > Sent: DOWN:a
2026-07-11 14:22:16 [INFO] > Sent: DOWN:a
2026-07-11 14:22:16 [INFO] > Sent: DOWN:a
2026-07-11 14:22:16 [INFO] > Sent: DOWN:a
2026-07-11 14:22:16 [INFO] > Sent: DOWN:a
2026-07-11 14:22:16 [INFO] > Sent: DOWN:a
2026-07-11 14:22:16 [INFO] > Sent: DOWN:a
2026-07-11 14:22:16 [INFO] > Sent: DOWN:a
2026-07-11 14:22:16 [INFO] > Sent: DOWN:a
2026-07-11 14:22:16 [INFO] > Sent: DOWN:a
2026-07-11 14:22:16 [INFO] > Sent: DOWN:a
2026-07-11 14:22:16 [INFO] > Sent: DOWN:a
2026-07-11 14:22:16 [INFO] > Sent: DOWN:a
2026-07-11 14:22:16 [INFO] > Sent: DOWN:a
2026-07-11 14:22:16 [INFO] > Sent: DOWN:a
2026-07-11 14:22:16 [INFO] > Sent: DOWN:a
2026-07-11 14:22:16 [INFO] > Sent: DOWN:a
2026-07-11 14:22:16 [INFO] > Sent: DOWN:a
2026-07-11 14:22:16 [INFO] > Sent: UP:a
2026-07-11 14:22:17 [INFO] > Sent: DOWN:a
2026-07-11 14:22:17 [INFO] > Sent: UP:a
2026-07-11 14:22:17 [INFO] > Sent: DOWN:a
2026-07-11 14:22:17 [INFO] > Sent: UP:a
2026-07-11 14:22:17 [INFO] > Sent: DOWN:a
2026-07-11 14:22:17 [INFO] > Sent: UP:a
2026-07-11 14:22:17 [INFO] > Sent: DOWN:a
2026-07-11 14:22:18 [INFO] > Sent: UP:a
2026-07-11 14:22:18 [INFO] > Sent: DOWN:a
2026-07-11 14:22:18 [INFO] > Sent: UP:a
2026-07-11 14:22:18 [INFO] > Sent: DOWN:a
2026-07-11 14:22:19 [INFO] > Sent: DOWN:a
2026-07-11 14:22:19 [INFO] > Sent: DOWN:a
2026-07-11 14:22:19 [INFO] > Sent: DOWN:a
2026-07-11 14:22:19 [INFO] > Sent: DOWN:a
2026-07-11 14:22:19 [INFO] > Sent: DOWN:a
2026-07-11 14:22:19 [INFO] > Sent: DOWN:a
2026-07-11 14:22:19 [INFO] > Sent: DOWN:a
2026-07-11 14:22:19 [INFO] > Sent: DOWN:a
2026-07-11 14:22:19 [INFO] > Sent: DOWN:a
2026-07-11 14:22:19 [INFO] > Sent: DOWN:a
2026-07-11 14:22:19 [INFO] > Sent: DOWN:a
2026-07-11 14:22:19 [INFO] > Sent: DOWN:a
2026-07-11 14:22:19 [INFO] > Sent: DOWN:a
2026-07-11 14:22:19 [INFO] > Sent: DOWN:a
2026-07-11 14:22:19 [INFO] > Sent: DOWN:a
2026-07-11 14:22:19 [INFO] > Sent: DOWN:a
2026-07-11 14:22:19 [INFO] > Sent: DOWN:a
2026-07-11 14:22:19 [INFO] > Sent: DOWN:a
2026-07-11 14:22:19 [INFO] > Sent: UP:a
2026-07-11 14:22:20 [INFO] > Sent: DOWN:a
2026-07-11 14:22:20 [INFO] > Sent: UP:a
2026-07-11 14:22:20 [INFO] > Sent: DOWN:a
2026-07-11 14:22:20 [INFO] > Sent: UP:a
2026-07-11 14:22:20 [INFO] > Sent: DOWN:a
2026-07-11 14:22:20 [INFO] > Sent: UP:a
2026-07-11 14:22:20 [INFO] > Sent: DOWN:a
2026-07-11 14:22:20 [INFO] > Sent: UP:a
2026-07-11 14:22:20 [INFO] > Sent: DOWN:a
2026-07-11 14:22:20 [INFO] > Sent: UP:a
2026-07-11 14:22:21 [INFO] > Sent: DOWN:a
2026-07-11 14:22:21 [INFO] > Sent: UP:a
2026-07-11 14:22:21 [INFO] > Sent: DOWN:a
2026-07-11 14:22:21 [INFO] > Sent: UP:a
2026-07-11 14:22:21 [INFO] > Sent: DOWN:a
2026-07-11 14:22:21 [INFO] > Sent: UP:a
2026-07-11 14:22:21 [INFO] > Sent: DOWN:a
2026-07-11 14:22:21 [INFO] > Sent: UP:a
2026-07-11 14:22:21 [INFO] > Sent: DOWN:a
2026-07-11 14:22:21 [INFO] > Sent: UP:a
2026-07-11 14:22:21 [INFO] > Sent: DOWN:a
2026-07-11 14:22:22 [INFO] > Sent: UP:a
2026-07-11 14:22:22 [INFO] > Sent: DOWN:a
2026-07-11 14:22:22 [INFO] > Sent: UP:a
2026-07-11 14:22:22 [INFO] > Sent: DOWN:w
2026-07-11 14:22:22 [INFO] > Sent: UP:w
2026-07-11 14:22:22 [INFO] > Sent: DOWN:s
2026-07-11 14:22:23 [INFO] > Sent: UP:s
2026-07-11 14:22:23 [INFO] > Sent: DOWN:d
2026-07-11 14:22:23 [INFO] > Sent: DOWN:w
2026-07-11 14:22:23 [INFO] > Sent: UP:d
2026-07-11 14:22:23 [INFO] > Sent: DOWN:a
2026-07-11 14:22:23 [INFO] > Sent: UP:w
2026-07-11 14:22:23 [INFO] > Sent: DOWN:s
2026-07-11 14:22:23 [INFO] > Sent: UP:a
2026-07-11 14:22:23 [INFO] > Sent: UP:s
2026-07-11 14:22:23 [INFO] > Sent: DOWN:w
2026-07-11 14:22:23 [INFO] > Sent: DOWN:a
2026-07-11 14:22:23 [INFO] > Sent: UP:w
2026-07-11 14:22:24 [INFO] > Sent: DOWN:s
2026-07-11 14:22:24 [INFO] > Sent: UP:a
2026-07-11 14:22:24 [INFO] > Sent: UP:s
2026-07-11 14:22:24 [INFO] > Sent: DOWN:d
2026-07-11 14:22:24 [INFO] > Sent: DOWN:w
2026-07-11 14:22:24 [INFO] > Sent: UP:d
2026-07-11 14:22:24 [INFO] > Sent: UP:w
2026-07-11 14:22:24 [INFO] > Sent: DOWN:a
2026-07-11 14:22:24 [INFO] > Sent: DOWN:s
2026-07-11 14:22:24 [INFO] > Sent: UP:a
2026-07-11 14:22:24 [INFO] > Sent: DOWN:d
2026-07-11 14:22:24 [INFO] > Sent: UP:s
2026-07-11 14:22:24 [INFO] > Sent: DOWN:w
2026-07-11 14:22:24 [INFO] > Sent: UP:d
2026-07-11 14:22:24 [INFO] > Sent: DOWN:a
2026-07-11 14:22:24 [INFO] > Sent: UP:w
2026-07-11 14:22:25 [INFO] > Sent: DOWN:s
2026-07-11 14:22:25 [INFO] > Sent: UP:a
2026-07-11 14:22:25 [INFO] > Sent: UP:s
2026-07-11 14:22:25 [INFO] > Sent: DOWN:d
2026-07-11 14:22:25 [INFO] > Sent: UP:d
2026-07-11 14:22:26 [INFO] > Sent: DOWN:w
2026-07-11 14:22:26 [INFO] > Sent: UP:w
2026-07-11 14:22:26 [INFO] > Sent: DOWN:d
2026-07-11 14:22:27 [INFO] > Sent: UP:d
2026-07-11 14:22:27 [INFO] > Sent: DOWN:a
2026-07-11 14:22:27 [INFO] > Sent: UP:a
2026-07-11 14:22:28 [INFO] > Sent: DOWN:a
2026-07-11 14:22:28 [INFO] > Sent: UP:a
2026-07-11 14:22:28 [INFO] > Sent: DOWN:w
2026-07-11 14:22:28 [INFO] > Sent: UP:w
2026-07-11 14:22:28 [INFO] > Sent: DOWN:w
2026-07-11 14:22:28 [INFO] > Sent: UP:w
2026-07-11 14:22:29 [INFO] > Sent: DOWN:w
2026-07-11 14:22:29 [INFO] > Sent: UP:w
2026-07-11 14:22:29 [INFO] > Sent: DOWN:a
2026-07-11 14:22:29 [INFO] > Sent: UP:a
2026-07-11 14:22:30 [INFO] > Sent: DOWN:w
2026-07-11 14:22:30 [INFO] > Sent: UP:w
2026-07-11 14:22:30 [INFO] > Sent: DOWN:w
2026-07-11 14:22:30 [INFO] > Sent: UP:w
2026-07-11 14:22:30 [INFO] > Sent: DOWN:w
2026-07-11 14:22:30 [INFO] > Sent: UP:w
2026-07-11 14:22:30 [INFO] > Sent: DOWN:w
2026-07-11 14:22:30 [INFO] > Sent: UP:w
2026-07-11 14:22:31 [INFO] > Sent: DOWN:w
2026-07-11 14:22:31 [INFO] > Sent: UP:w
2026-07-11 14:22:31 [INFO] > Sent: DOWN:w
2026-07-11 14:22:31 [INFO] > Sent: UP:w
2026-07-11 14:22:31 [INFO] > Sent: DOWN:d
2026-07-11 14:22:31 [INFO] > Sent: UP:d
2026-07-11 14:22:31 [INFO] > Sent: DOWN:d
2026-07-11 14:22:31 [INFO] > Sent: UP:d
2026-07-11 14:22:31 [INFO] > Sent: DOWN:d
2026-07-11 14:22:32 [INFO] > Sent: UP:d
2026-07-11 14:22:32 [INFO] > Sent: DOWN:d
2026-07-11 14:22:32 [INFO] > Sent: UP:d
2026-07-11 14:22:32 [INFO] > Sent: DOWN:d
2026-07-11 14:22:32 [INFO] > Sent: UP:d
2026-07-11 14:22:33 [INFO] > Sent: DOWN:Key.ctrl_l
2026-07-11 14:22:33 [INFO] KeyboardInterrupt received — shutting down
2026-07-11 14:22:33 [INFO] Stopping threads...
2026-07-11 14:22:33 [INFO] > Sent: DOWN:
2026-07-11 14:22:33 [INFO] Serial port closed
2026-07-11 14:22:33 [INFO] Shutdown complete
2026-07-11 14:23:16 [INFO] Starting keyboard->ESP32 bridge
2026-07-11 14:23:16 [INFO] Configured serial port: COM5 @ 115200
2026-07-11 14:23:16 [INFO] Available ports: ['COM5']
2026-07-11 14:23:16 [INFO] Attempting to open serial port COM5 @ 115200
2026-07-11 14:23:16 [INFO] Keyboard listener started. Press keys to send events. Ctrl+C to quit.
2026-07-11 14:23:17 [INFO] Serial port opened
2026-07-11 14:23:17 [INFO] < ESP32: PI_FAST_FLASH_BOOT)
2026-07-11 14:23:17 [INFO] < ESP32: configsip: 0, SPIWP:0xee
2026-07-11 14:23:17 [INFO] < ESP32: clk_drv:0x00,q_drv:0x00,d_drv:0x00,cs0_drv:0x00,hd_drv:0x00,wp_drv:0x00
2026-07-11 14:23:17 [INFO] < ESP32: mode:DIO, clock div:1
2026-07-11 14:23:17 [INFO] < ESP32: load:0x3fff0030,len:4876
2026-07-11 14:23:17 [INFO] < ESP32: ho 0 tail 12 room 4
2026-07-11 14:23:17 [INFO] < ESP32: load:0x40078000,len:16560
2026-07-11 14:23:17 [INFO] < ESP32: load:0x40080400,len:3500
2026-07-11 14:23:17 [INFO] < ESP32: entry 0x400805b4
2026-07-11 14:23:17 [INFO] < ESP32: ESP32 ready. Waiting for key events...
2026-07-11 14:23:18 [INFO] > Sent: DOWN:a
2026-07-11 14:23:18 [INFO] > Sent: UP:a
2026-07-11 14:23:19 [INFO] > Sent: DOWN:a
2026-07-11 14:23:19 [INFO] > Sent: UP:a
2026-07-11 14:23:19 [INFO] > Sent: DOWN:a
2026-07-11 14:23:19 [INFO] > Sent: UP:a
2026-07-11 14:23:20 [INFO] > Sent: DOWN:a
2026-07-11 14:23:20 [INFO] > Sent: UP:a
2026-07-11 14:23:20 [INFO] > Sent: DOWN:a
2026-07-11 14:23:20 [INFO] > Sent: UP:a
2026-07-11 14:23:20 [INFO] > Sent: DOWN:a
2026-07-11 14:23:20 [INFO] > Sent: UP:a
2026-07-11 14:23:20 [INFO] > Sent: DOWN:a
2026-07-11 14:23:20 [INFO] > Sent: UP:a
2026-07-11 14:23:20 [INFO] > Sent: DOWN:a
2026-07-11 14:23:20 [INFO] > Sent: UP:a
2026-07-11 14:23:20 [INFO] > Sent: DOWN:a
2026-07-11 14:23:21 [INFO] > Sent: UP:a
2026-07-11 14:23:21 [INFO] > Sent: DOWN:a
2026-07-11 14:23:21 [INFO] > Sent: UP:a
2026-07-11 14:23:21 [INFO] > Sent: DOWN:w
2026-07-11 14:23:21 [INFO] > Sent: UP:w
2026-07-11 14:23:21 [INFO] > Sent: DOWN:d
2026-07-11 14:23:21 [INFO] > Sent: UP:d
2026-07-11 14:23:21 [INFO] > Sent: DOWN:d
2026-07-11 14:23:21 [INFO] > Sent: UP:d
2026-07-11 14:23:22 [INFO] > Sent: DOWN:s
2026-07-11 14:23:22 [INFO] > Sent: UP:s
2026-07-11 14:23:22 [INFO] > Sent: DOWN:w
2026-07-11 14:23:22 [INFO] > Sent: UP:w
2026-07-11 14:23:22 [INFO] > Sent: DOWN:a
2026-07-11 14:23:23 [INFO] > Sent: UP:a
2026-07-11 14:23:23 [INFO] > Sent: DOWN:d
2026-07-11 14:23:23 [INFO] > Sent: UP:d
2026-07-11 14:23:23 [INFO] > Sent: DOWN:w
2026-07-11 14:23:24 [INFO] > Sent: UP:w
2026-07-11 14:23:24 [INFO] > Sent: DOWN:a
2026-07-11 14:23:24 [INFO] > Sent: UP:a
2026-07-11 14:23:24 [INFO] > Sent: DOWN:s
2026-07-11 14:23:24 [INFO] > Sent: UP:s
2026-07-11 14:23:24 [INFO] > Sent: DOWN:d
2026-07-11 14:23:24 [INFO] > Sent: DOWN:w
2026-07-11 14:23:24 [INFO] > Sent: UP:d
2026-07-11 14:23:24 [INFO] > Sent: DOWN:a
2026-07-11 14:23:24 [INFO] > Sent: UP:w
2026-07-11 14:23:24 [INFO] > Sent: DOWN:s
2026-07-11 14:23:25 [INFO] > Sent: UP:a
2026-07-11 14:23:25 [INFO] > Sent: UP:s
2026-07-11 14:23:25 [INFO] > Sent: DOWN:a
2026-07-11 14:23:25 [INFO] > Sent: UP:a
2026-07-11 14:23:25 [INFO] > Sent: DOWN:a
2026-07-11 14:23:25 [INFO] > Sent: UP:a
2026-07-11 14:23:25 [INFO] > Sent: DOWN:a
2026-07-11 14:23:25 [INFO] > Sent: UP:a
2026-07-11 14:23:25 [INFO] > Sent: DOWN:a
2026-07-11 14:23:25 [INFO] > Sent: UP:a
2026-07-11 14:23:25 [INFO] > Sent: DOWN:a
2026-07-11 14:23:25 [INFO] > Sent: UP:a
2026-07-11 14:23:26 [INFO] > Sent: DOWN:a
2026-07-11 14:23:26 [INFO] > Sent: UP:a
2026-07-11 14:23:26 [INFO] > Sent: DOWN:a
2026-07-11 14:23:26 [INFO] > Sent: UP:a
2026-07-11 14:23:26 [INFO] > Sent: DOWN:a
2026-07-11 14:23:26 [INFO] > Sent: UP:a
2026-07-11 14:23:26 [INFO] > Sent: DOWN:a
2026-07-11 14:23:26 [INFO] > Sent: UP:a
2026-07-11 14:23:26 [INFO] > Sent: DOWN:a
2026-07-11 14:23:26 [INFO] > Sent: DOWN:w
2026-07-11 14:23:26 [INFO] > Sent: UP:a
2026-07-11 14:23:26 [INFO] > Sent: DOWN:d
2026-07-11 14:23:26 [INFO] > Sent: UP:w
2026-07-11 14:23:27 [INFO] > Sent: DOWN:s
2026-07-11 14:23:27 [INFO] > Sent: UP:d
2026-07-11 14:23:27 [INFO] > Sent: DOWN:a
2026-07-11 14:23:27 [INFO] > Sent: UP:s
2026-07-11 14:23:27 [INFO] > Sent: DOWN:w
2026-07-11 14:23:27 [INFO] > Sent: UP:a
2026-07-11 14:23:27 [INFO] > Sent: DOWN:d
2026-07-11 14:23:27 [INFO] > Sent: UP:w
2026-07-11 14:23:27 [INFO] > Sent: DOWN:s
2026-07-11 14:23:27 [INFO] > Sent: UP:d
2026-07-11 14:23:27 [INFO] > Sent: DOWN:a
2026-07-11 14:23:27 [INFO] > Sent: UP:s
2026-07-11 14:23:27 [INFO] > Sent: DOWN:w
2026-07-11 14:23:27 [INFO] > Sent: UP:a
2026-07-11 14:23:27 [INFO] > Sent: DOWN:d
2026-07-11 14:23:27 [INFO] > Sent: UP:w
2026-07-11 14:23:27 [INFO] > Sent: DOWN:s
2026-07-11 14:23:28 [INFO] > Sent: UP:s
2026-07-11 14:23:28 [INFO] > Sent: DOWN:w
2026-07-11 14:23:28 [INFO] > Sent: UP:d
2026-07-11 14:23:28 [INFO] > Sent: DOWN:a
2026-07-11 14:23:28 [INFO] > Sent: UP:w
2026-07-11 14:23:28 [INFO] > Sent: DOWN:s
2026-07-11 14:23:28 [INFO] > Sent: UP:a
2026-07-11 14:23:28 [INFO] > Sent: DOWN:d
2026-07-11 14:23:28 [INFO] > Sent: UP:s
2026-07-11 14:23:28 [INFO] > Sent: DOWN:w
2026-07-11 14:23:28 [INFO] > Sent: UP:d
2026-07-11 14:23:28 [INFO] > Sent: DOWN:a
2026-07-11 14:23:28 [INFO] > Sent: UP:w
2026-07-11 14:23:28 [INFO] > Sent: DOWN:s
2026-07-11 14:23:28 [INFO] > Sent: UP:a
2026-07-11 14:23:29 [INFO] > Sent: DOWN:d
2026-07-11 14:23:29 [INFO] > Sent: UP:s
2026-07-11 14:23:29 [INFO] > Sent: DOWN:w
2026-07-11 14:23:29 [INFO] > Sent: UP:d
2026-07-11 14:23:29 [INFO] > Sent: DOWN:a
2026-07-11 14:23:29 [INFO] > Sent: UP:w
2026-07-11 14:23:29 [INFO] > Sent: DOWN:s
2026-07-11 14:23:29 [INFO] > Sent: UP:a
2026-07-11 14:23:29 [INFO] > Sent: DOWN:d
2026-07-11 14:23:29 [INFO] > Sent: UP:s
2026-07-11 14:23:29 [INFO] > Sent: DOWN:w
2026-07-11 14:23:29 [INFO] > Sent: UP:d
2026-07-11 14:23:29 [INFO] > Sent: DOWN:a
2026-07-11 14:23:29 [INFO] > Sent: UP:w
2026-07-11 14:23:29 [INFO] > Sent: DOWN:s
2026-07-11 14:23:29 [INFO] > Sent: UP:a
2026-07-11 14:23:29 [INFO] > Sent: DOWN:d
2026-07-11 14:23:29 [INFO] > Sent: UP:s
2026-07-11 14:23:29 [INFO] > Sent: DOWN:w
2026-07-11 14:23:29 [INFO] > Sent: UP:d
2026-07-11 14:23:29 [INFO] > Sent: DOWN:a
2026-07-11 14:23:30 [INFO] > Sent: UP:w
2026-07-11 14:23:30 [INFO] > Sent: DOWN:s
2026-07-11 14:23:30 [INFO] > Sent: UP:a
2026-07-11 14:23:30 [INFO] > Sent: DOWN:d
2026-07-11 14:23:30 [INFO] > Sent: UP:s
2026-07-11 14:23:30 [INFO] > Sent: DOWN:w
2026-07-11 14:23:30 [INFO] > Sent: UP:d
2026-07-11 14:23:30 [INFO] > Sent: DOWN:a
2026-07-11 14:23:30 [INFO] > Sent: UP:w
2026-07-11 14:23:30 [INFO] > Sent: DOWN:s
2026-07-11 14:23:30 [INFO] > Sent: UP:a
2026-07-11 14:23:30 [INFO] > Sent: DOWN:d
2026-07-11 14:23:30 [INFO] > Sent: UP:s
2026-07-11 14:23:30 [INFO] > Sent: DOWN:w
2026-07-11 14:23:30 [INFO] > Sent: DOWN:a
2026-07-11 14:23:30 [INFO] > Sent: UP:d
2026-07-11 14:23:30 [INFO] > Sent: UP:w
2026-07-11 14:23:30 [INFO] > Sent: DOWN:s
2026-07-11 14:23:30 [INFO] > Sent: UP:a
2026-07-11 14:23:30 [INFO] > Sent: DOWN:d
2026-07-11 14:23:31 [INFO] > Sent: UP:s
2026-07-11 14:23:31 [INFO] > Sent: DOWN:w
2026-07-11 14:23:31 [INFO] > Sent: DOWN:a
2026-07-11 14:23:31 [INFO] > Sent: UP:d
2026-07-11 14:23:31 [INFO] > Sent: UP:w
2026-07-11 14:23:31 [INFO] > Sent: DOWN:s
2026-07-11 14:23:31 [INFO] > Sent: UP:a
2026-07-11 14:23:31 [INFO] > Sent: DOWN:d
2026-07-11 14:23:31 [INFO] > Sent: UP:s
2026-07-11 14:23:31 [INFO] > Sent: DOWN:w
2026-07-11 14:23:31 [INFO] > Sent: UP:d
2026-07-11 14:23:31 [INFO] > Sent: DOWN:a
2026-07-11 14:23:31 [INFO] > Sent: UP:w
2026-07-11 14:23:31 [INFO] > Sent: DOWN:s
2026-07-11 14:23:31 [INFO] > Sent: UP:a
2026-07-11 14:23:31 [INFO] > Sent: DOWN:d
2026-07-11 14:23:31 [INFO] > Sent: UP:s
2026-07-11 14:23:31 [INFO] > Sent: DOWN:w
2026-07-11 14:23:31 [INFO] > Sent: DOWN:a
2026-07-11 14:23:31 [INFO] > Sent: UP:d
2026-07-11 14:23:31 [INFO] > Sent: UP:w
2026-07-11 14:23:32 [INFO] > Sent: DOWN:s
2026-07-11 14:23:32 [INFO] > Sent: UP:a
2026-07-11 14:23:32 [INFO] > Sent: DOWN:d
2026-07-11 14:23:32 [INFO] > Sent: UP:s
2026-07-11 14:23:32 [INFO] > Sent: DOWN:w
2026-07-11 14:23:32 [INFO] > Sent: UP:d
2026-07-11 14:23:32 [INFO] > Sent: DOWN:a
2026-07-11 14:23:32 [INFO] > Sent: UP:w
2026-07-11 14:23:32 [INFO] > Sent: DOWN:s
2026-07-11 14:23:32 [INFO] > Sent: UP:a
2026-07-11 14:23:32 [INFO] > Sent: DOWN:d
2026-07-11 14:23:32 [INFO] > Sent: UP:s
2026-07-11 14:23:32 [INFO] > Sent: DOWN:w
2026-07-11 14:23:32 [INFO] > Sent: DOWN:a
2026-07-11 14:23:32 [INFO] > Sent: UP:d
2026-07-11 14:23:32 [INFO] > Sent: UP:w
2026-07-11 14:23:32 [INFO] > Sent: DOWN:s
2026-07-11 14:23:32 [INFO] > Sent: UP:a
2026-07-11 14:23:32 [INFO] > Sent: DOWN:d
2026-07-11 14:23:32 [INFO] > Sent: UP:s
2026-07-11 14:23:32 [INFO] > Sent: DOWN:w
2026-07-11 14:23:33 [INFO] > Sent: DOWN:a
2026-07-11 14:23:33 [INFO] > Sent: UP:d
2026-07-11 14:23:33 [INFO] > Sent: UP:w
2026-07-11 14:23:33 [INFO] > Sent: DOWN:s
2026-07-11 14:23:33 [INFO] > Sent: UP:a
2026-07-11 14:23:33 [INFO] > Sent: DOWN:d
2026-07-11 14:23:33 [INFO] > Sent: UP:s
2026-07-11 14:23:33 [INFO] > Sent: DOWN:w
2026-07-11 14:23:33 [INFO] > Sent: UP:d
2026-07-11 14:23:33 [INFO] > Sent: DOWN:a
2026-07-11 14:23:33 [INFO] > Sent: UP:w
2026-07-11 14:23:33 [INFO] > Sent: DOWN:s
2026-07-11 14:23:33 [INFO] > Sent: UP:a
2026-07-11 14:23:33 [INFO] > Sent: DOWN:d
2026-07-11 14:23:33 [INFO] > Sent: UP:s
2026-07-11 14:23:33 [INFO] > Sent: DOWN:w
2026-07-11 14:23:33 [INFO] > Sent: DOWN:s
2026-07-11 14:23:33 [INFO] > Sent: DOWN:a
2026-07-11 14:23:33 [INFO] > Sent: UP:d
2026-07-11 14:23:33 [INFO] > Sent: UP:w
2026-07-11 14:23:33 [INFO] > Sent: UP:a
2026-07-11 14:23:33 [INFO] > Sent: DOWN:d
2026-07-11 14:23:34 [INFO] > Sent: UP:s
2026-07-11 14:23:34 [INFO] > Sent: DOWN:w
2026-07-11 14:23:34 [INFO] > Sent: DOWN:a
2026-07-11 14:23:34 [INFO] > Sent: UP:d
2026-07-11 14:23:34 [INFO] > Sent: UP:w
2026-07-11 14:23:34 [INFO] > Sent: DOWN:s
2026-07-11 14:23:34 [INFO] > Sent: UP:a
2026-07-11 14:23:34 [INFO] > Sent: DOWN:d
2026-07-11 14:23:34 [INFO] > Sent: UP:s
2026-07-11 14:23:34 [INFO] > Sent: DOWN:w
2026-07-11 14:23:34 [INFO] > Sent: UP:d
2026-07-11 14:23:34 [INFO] > Sent: DOWN:a
2026-07-11 14:23:34 [INFO] > Sent: UP:w
2026-07-11 14:23:34 [INFO] > Sent: DOWN:s
2026-07-11 14:23:34 [INFO] > Sent: UP:a
2026-07-11 14:23:34 [INFO] > Sent: DOWN:d
2026-07-11 14:23:34 [INFO] > Sent: UP:s
2026-07-11 14:23:34 [INFO] > Sent: DOWN:w
2026-07-11 14:23:34 [INFO] > Sent: UP:d
2026-07-11 14:23:34 [INFO] > Sent: DOWN:a
2026-07-11 14:23:34 [INFO] > Sent: UP:w
2026-07-11 14:23:35 [INFO] > Sent: DOWN:s
2026-07-11 14:23:35 [INFO] > Sent: UP:a
2026-07-11 14:23:35 [INFO] > Sent: DOWN:d
2026-07-11 14:23:35 [INFO] > Sent: UP:s
2026-07-11 14:23:35 [INFO] > Sent: DOWN:w
2026-07-11 14:23:35 [INFO] > Sent: DOWN:a
2026-07-11 14:23:35 [INFO] > Sent: UP:d
2026-07-11 14:23:35 [INFO] > Sent: UP:w
2026-07-11 14:23:35 [INFO] > Sent: DOWN:s
2026-07-11 14:23:35 [INFO] > Sent: UP:a
2026-07-11 14:23:35 [INFO] > Sent: DOWN:d
2026-07-11 14:23:35 [INFO] > Sent: UP:s
2026-07-11 14:23:35 [INFO] > Sent: DOWN:w
2026-07-11 14:23:35 [INFO] > Sent: DOWN:a
2026-07-11 14:23:35 [INFO] > Sent: UP:d
2026-07-11 14:23:35 [INFO] > Sent: UP:w
2026-07-11 14:23:35 [INFO] > Sent: DOWN:s
2026-07-11 14:23:35 [INFO] > Sent: UP:a
2026-07-11 14:23:35 [INFO] > Sent: DOWN:d
2026-07-11 14:23:35 [INFO] > Sent: UP:s
2026-07-11 14:23:36 [INFO] > Sent: DOWN:w
2026-07-11 14:23:36 [INFO] > Sent: UP:d
2026-07-11 14:23:36 [INFO] > Sent: DOWN:a
2026-07-11 14:23:36 [INFO] > Sent: UP:w
2026-07-11 14:23:36 [INFO] > Sent: DOWN:s
2026-07-11 14:23:36 [INFO] > Sent: UP:a
2026-07-11 14:23:36 [INFO] > Sent: DOWN:d
2026-07-11 14:23:36 [INFO] > Sent: UP:s
2026-07-11 14:23:36 [INFO] > Sent: DOWN:w
2026-07-11 14:23:36 [INFO] > Sent: DOWN:a
2026-07-11 14:23:36 [INFO] > Sent: UP:d
2026-07-11 14:23:36 [INFO] > Sent: UP:w
2026-07-11 14:23:36 [INFO] > Sent: DOWN:s
2026-07-11 14:23:36 [INFO] > Sent: UP:a
2026-07-11 14:23:36 [INFO] > Sent: DOWN:d
2026-07-11 14:23:36 [INFO] > Sent: UP:s
2026-07-11 14:23:36 [INFO] > Sent: DOWN:w
2026-07-11 14:23:36 [INFO] > Sent: UP:d
2026-07-11 14:23:36 [INFO] > Sent: DOWN:a
2026-07-11 14:23:36 [INFO] > Sent: UP:w
2026-07-11 14:23:36 [INFO] > Sent: DOWN:s
2026-07-11 14:23:37 [INFO] > Sent: UP:a
2026-07-11 14:23:37 [INFO] > Sent: DOWN:d
2026-07-11 14:23:37 [INFO] > Sent: UP:s
2026-07-11 14:23:37 [INFO] > Sent: UP:d
2026-07-11 14:23:37 [INFO] > Sent: DOWN:w
2026-07-11 14:23:37 [INFO] > Sent: DOWN:a
2026-07-11 14:23:37 [INFO] > Sent: UP:w
2026-07-11 14:23:37 [INFO] > Sent: DOWN:s
2026-07-11 14:23:37 [INFO] > Sent: UP:a
2026-07-11 14:23:37 [INFO] > Sent: DOWN:d
2026-07-11 14:23:37 [INFO] > Sent: UP:s
2026-07-11 14:23:37 [INFO] > Sent: UP:d
2026-07-11 14:23:37 [INFO] > Sent: DOWN:a
2026-07-11 14:23:37 [INFO] > Sent: UP:a
2026-07-11 14:23:37 [INFO] > Sent: DOWN:d
2026-07-11 14:23:38 [INFO] > Sent: DOWN:a
2026-07-11 14:23:38 [INFO] > Sent: UP:d
2026-07-11 14:23:38 [INFO] > Sent: DOWN:d
2026-07-11 14:23:38 [INFO] > Sent: UP:a
2026-07-11 14:23:38 [INFO] > Sent: UP:d
2026-07-11 14:23:38 [INFO] > Sent: DOWN:w
2026-07-11 14:23:38 [INFO] > Sent: DOWN:a
2026-07-11 14:23:38 [INFO] > Sent: UP:w
2026-07-11 14:23:38 [INFO] > Sent: UP:a
2026-07-11 14:23:38 [INFO] > Sent: DOWN:c
2026-07-11 14:23:38 [INFO] > Sent: UP:c
2026-07-11 14:23:38 [INFO] > Sent: DOWN:c
2026-07-11 14:23:38 [INFO] > Sent: UP:c
2026-07-11 14:23:38 [INFO] > Sent: DOWN:h
2026-07-11 14:23:38 [INFO] > Sent: UP:h
2026-07-11 14:23:38 [INFO] > Sent: DOWN:h
2026-07-11 14:23:39 [INFO] > Sent: UP:h
2026-07-11 14:23:39 [INFO] > Sent: DOWN:h
2026-07-11 14:23:39 [INFO] > Sent: UP:h
2026-07-11 14:23:39 [INFO] > Sent: DOWN:h
2026-07-11 14:23:39 [INFO] > Sent: UP:h
2026-07-11 14:23:39 [INFO] > Sent: DOWN:h
2026-07-11 14:23:39 [INFO] > Sent: UP:h
2026-07-11 14:23:39 [INFO] > Sent: DOWN:h
2026-07-11 14:23:39 [INFO] > Sent: UP:h
2026-07-11 14:23:39 [INFO] > Sent: DOWN:h
2026-07-11 14:23:39 [INFO] > Sent: UP:h
2026-07-11 14:23:39 [INFO] > Sent: DOWN:h
2026-07-11 14:23:39 [INFO] > Sent: UP:h
2026-07-11 14:23:40 [INFO] > Sent: DOWN:h
2026-07-11 14:23:40 [INFO] > Sent: UP:h
2026-07-11 14:23:41 [INFO] > Sent: DOWN:1
2026-07-11 14:23:41 [INFO] > Sent: DOWN:3
2026-07-11 14:23:41 [INFO] > Sent: UP:1
2026-07-11 14:23:41 [INFO] > Sent: UP:3
2026-07-11 14:23:41 [INFO] > Sent: DOWN:e
2026-07-11 14:23:41 [INFO] > Sent: DOWN:t
2026-07-11 14:23:41 [INFO] > Sent: UP:e
2026-07-11 14:23:41 [INFO] > Sent: DOWN:g
2026-07-11 14:23:41 [INFO] > Sent: UP:t
2026-07-11 14:23:41 [INFO] > Sent: DOWN:d
2026-07-11 14:23:41 [INFO] > Sent: DOWN:r
2026-07-11 14:23:42 [INFO] > Sent: UP:g
2026-07-11 14:23:42 [INFO] > Sent: DOWN:h
2026-07-11 14:23:42 [INFO] > Sent: UP:d
2026-07-11 14:23:42 [INFO] > Sent: UP:r
2026-07-11 14:23:42 [INFO] > Sent: DOWN:r
2026-07-11 14:23:42 [INFO] > Sent: DOWN:d
2026-07-11 14:23:42 [INFO] > Sent: UP:h
2026-07-11 14:23:42 [INFO] > Sent: UP:r
2026-07-11 14:23:42 [INFO] > Sent: UP:d
2026-07-11 14:23:42 [INFO] > Sent: DOWN:Key.space
2026-07-11 14:23:42 [INFO] > Sent: UP:Key.space
2026-07-11 14:23:43 [INFO] > Sent: DOWN:w
2026-07-11 14:23:43 [INFO] > Sent: DOWN:a
2026-07-11 14:23:43 [INFO] > Sent: DOWN:d
2026-07-11 14:23:43 [INFO] > Sent: UP:w
2026-07-11 14:23:43 [INFO] > Sent: UP:a
2026-07-11 14:23:43 [INFO] > Sent: DOWN:s
2026-07-11 14:23:43 [INFO] > Sent: UP:d
2026-07-11 14:23:43 [INFO] > Sent: UP:s
2026-07-11 14:23:43 [INFO] > Sent: DOWN:Key.space
2026-07-11 14:23:44 [INFO] > Sent: UP:Key.space
2026-07-11 14:23:44 [INFO] > Sent: DOWN:w
2026-07-11 14:23:44 [INFO] > Sent: DOWN:Key.space
2026-07-11 14:23:44 [INFO] > Sent: UP:w
2026-07-11 14:23:44 [INFO] > Sent: DOWN:d
2026-07-11 14:23:44 [INFO] > Sent: UP:Key.space
2026-07-11 14:23:44 [INFO] > Sent: DOWN:w
2026-07-11 14:23:44 [INFO] > Sent: DOWN:a
2026-07-11 14:23:44 [INFO] > Sent: UP:d
2026-07-11 14:23:44 [INFO] > Sent: UP:w
2026-07-11 14:23:44 [INFO] > Sent: DOWN:Key.space
2026-07-11 14:23:44 [INFO] > Sent: UP:a
2026-07-11 14:23:44 [INFO] > Sent: DOWN:s
2026-07-11 14:23:44 [INFO] > Sent: UP:Key.space
2026-07-11 14:23:44 [INFO] > Sent: DOWN:d
2026-07-11 14:23:44 [INFO] > Sent: UP:s
2026-07-11 14:23:44 [INFO] > Sent: DOWN:Key.space
2026-07-11 14:23:44 [INFO] > Sent: DOWN:w
2026-07-11 14:23:44 [INFO] > Sent: DOWN:a
2026-07-11 14:23:44 [INFO] > Sent: UP:Key.space
2026-07-11 14:23:45 [INFO] > Sent: UP:d
2026-07-11 14:23:45 [INFO] > Sent: UP:w
2026-07-11 14:23:45 [INFO] > Sent: UP:a
2026-07-11 14:23:45 [INFO] > Sent: DOWN:Key.space
2026-07-11 14:23:45 [INFO] > Sent: DOWN:d
2026-07-11 14:23:45 [INFO] > Sent: DOWN:s
2026-07-11 14:23:45 [INFO] > Sent: UP:Key.space
2026-07-11 14:23:45 [INFO] > Sent: UP:d
2026-07-11 14:23:45 [INFO] > Sent: DOWN:d
2026-07-11 14:23:45 [INFO] > Sent: UP:s
2026-07-11 14:23:45 [INFO] > Sent: DOWN:Key.space
2026-07-11 14:23:45 [INFO] > Sent: DOWN:w
2026-07-11 14:23:45 [INFO] > Sent: UP:Key.space
2026-07-11 14:23:45 [INFO] > Sent: DOWN:a
2026-07-11 14:23:45 [INFO] > Sent: UP:d
2026-07-11 14:23:45 [INFO] > Sent: UP:a
2026-07-11 14:23:45 [INFO] > Sent: DOWN:d
2026-07-11 14:23:45 [INFO] > Sent: UP:w
2026-07-11 14:23:45 [INFO] > Sent: DOWN:Key.space
2026-07-11 14:23:45 [INFO] > Sent: UP:Key.space
2026-07-11 14:23:45 [INFO] > Sent: UP:d
2026-07-11 14:23:45 [INFO] > Sent: DOWN:a
2026-07-11 14:23:46 [INFO] > Sent: DOWN:s
2026-07-11 14:23:46 [INFO] > Sent: UP:a
2026-07-11 14:23:46 [INFO] > Sent: DOWN:Key.space
2026-07-11 14:23:46 [INFO] > Sent: DOWN:d
2026-07-11 14:23:46 [INFO] > Sent: UP:s
2026-07-11 14:23:46 [INFO] > Sent: UP:Key.space
2026-07-11 14:23:46 [INFO] > Sent: DOWN:w
2026-07-11 14:23:46 [INFO] > Sent: DOWN:a
2026-07-11 14:23:46 [INFO] > Sent: DOWN:Key.space
2026-07-11 14:23:46 [INFO] > Sent: UP:a
2026-07-11 14:23:46 [INFO] > Sent: UP:w
2026-07-11 14:23:46 [INFO] > Sent: UP:Key.space
2026-07-11 14:23:46 [INFO] > Sent: UP:d
2026-07-11 14:23:50 [INFO] > Sent: DOWN:Key.ctrl_l
2026-07-11 14:23:50 [INFO] > Sent: DOWN:
2026-07-11 14:23:50 [INFO] > Sent: UP:
2026-07-11 14:23:50 [INFO] > Sent: UP:Key.ctrl_l
2026-07-11 14:23:50 [INFO] > Sent: DOWN:Key.ctrl_l
2026-07-11 14:23:51 [INFO] > Sent: DOWN:
2026-07-11 14:23:51 [INFO] > Sent: UP:
2026-07-11 14:23:51 [INFO] > Sent: UP:Key.ctrl_l
2026-07-11 14:23:52 [INFO] > Sent: DOWN:Key.ctrl_l
2026-07-11 14:23:52 [INFO] KeyboardInterrupt received — shutting down
2026-07-11 14:23:52 [INFO] Stopping threads...
2026-07-11 14:23:52 [INFO] > Sent: DOWN:
2026-07-11 15:43:01 [INFO] Starting keyboard->ESP32 bridge
2026-07-11 15:43:01 [INFO] Configured serial port: COM5 @ 115200
2026-07-11 15:43:01 [INFO] Available ports: ['COM5']
2026-07-11 15:43:01 [INFO] Attempting to open serial port COM5 @ 115200
2026-07-11 15:43:01 [INFO] Keyboard listener started. Press keys to send events. Ctrl+C to quit.
2026-07-11 15:43:01 [INFO] Serial port opened
2026-07-11 15:43:01 [INFO] < ESP32: PI_FAST_FLASH_BOOT)
2026-07-11 15:43:01 [INFO] < ESP32: configsip: 0, SPIWP:0xee
2026-07-11 15:43:01 [INFO] < ESP32: clk_drv:0x00,q_drv:0x00,d_drv:0x00,cs0_drv:0x00,hd_drv:0x00,wp_drv:0x00
2026-07-11 15:43:01 [INFO] < ESP32: mode:DIO, clock div:1
2026-07-11 15:43:01 [INFO] < ESP32: load:0x3fff0030,len:4876
2026-07-11 15:43:01 [INFO] < ESP32: ho 0 tail 12 room 4
2026-07-11 15:43:01 [INFO] < ESP32: load:0x40078000,len:16560
2026-07-11 15:43:01 [INFO] < ESP32: load:0x40080400,len:3500
2026-07-11 15:43:01 [INFO] < ESP32: entry 0x400805b4
2026-07-11 15:43:01 [INFO] < ESP32: ESP32 ready. Waiting for key events...
2026-07-11 15:43:02 [INFO] > Sent: DOWN:a
2026-07-11 15:43:02 [INFO] > Sent: UP:a
2026-07-11 15:43:03 [INFO] > Sent: DOWN:w
2026-07-11 15:43:03 [INFO] > Sent: UP:w
2026-07-11 15:43:04 [INFO] > Sent: DOWN:a
2026-07-11 15:43:04 [INFO] > Sent: UP:a
2026-07-11 15:43:05 [INFO] > Sent: DOWN:a
2026-07-11 15:43:05 [INFO] > Sent: UP:a
2026-07-11 15:43:05 [INFO] > Sent: DOWN:a
2026-07-11 15:43:05 [INFO] > Sent: UP:a
2026-07-11 15:43:05 [INFO] > Sent: DOWN:w
2026-07-11 15:43:05 [INFO] > Sent: DOWN:d
2026-07-11 15:43:05 [INFO] > Sent: UP:w
2026-07-11 15:43:05 [INFO] > Sent: DOWN:s
2026-07-11 15:43:05 [INFO] > Sent: DOWN:a
2026-07-11 15:43:05 [INFO] > Sent: UP:d
2026-07-11 15:43:05 [INFO] > Sent: UP:a
2026-07-11 15:43:05 [INFO] > Sent: UP:s
2026-07-11 15:43:05 [INFO] > Sent: DOWN:d
2026-07-11 15:43:05 [INFO] > Sent: DOWN:w
2026-07-11 15:43:06 [INFO] > Sent: DOWN:a
2026-07-11 15:43:06 [INFO] > Sent: UP:d
2026-07-11 15:43:06 [INFO] > Sent: UP:w
2026-07-11 15:43:06 [INFO] > Sent: DOWN:s
2026-07-11 15:43:06 [INFO] > Sent: UP:a
2026-07-11 15:43:06 [INFO] > Sent: DOWN:d
2026-07-11 15:43:06 [INFO] > Sent: UP:s
2026-07-11 15:43:06 [INFO] > Sent: DOWN:w
2026-07-11 15:43:06 [INFO] > Sent: DOWN:a
2026-07-11 15:43:06 [INFO] > Sent: UP:d
2026-07-11 15:43:06 [INFO] > Sent: UP:w
2026-07-11 15:43:06 [INFO] > Sent: DOWN:w
2026-07-11 15:43:06 [INFO] > Sent: DOWN:s
2026-07-11 15:43:06 [INFO] > Sent: DOWN:d
2026-07-11 15:43:06 [INFO] > Sent: UP:w
2026-07-11 15:43:06 [INFO] > Sent: UP:a
2026-07-11 15:43:06 [INFO] > Sent: UP:s
2026-07-11 15:43:06 [INFO] > Sent: DOWN:a
2026-07-11 15:43:06 [INFO] > Sent: UP:d
2026-07-11 15:43:06 [INFO] > Sent: DOWN:s
2026-07-11 15:43:06 [INFO] > Sent: UP:a
2026-07-11 15:43:06 [INFO] > Sent: DOWN:d
2026-07-11 15:43:06 [INFO] > Sent: UP:s
2026-07-11 15:43:07 [INFO] > Sent: UP:d
2026-07-11 15:43:08 [INFO] > Sent: DOWN:a
2026-07-11 15:43:08 [INFO] > Sent: DOWN:w
2026-07-11 15:43:08 [INFO] > Sent: DOWN:d
2026-07-11 15:43:08 [INFO] > Sent: UP:a
2026-07-11 15:43:08 [INFO] > Sent: UP:w
2026-07-11 15:43:08 [INFO] > Sent: UP:d
2026-07-11 15:43:08 [INFO] > Sent: DOWN:z
2026-07-11 15:43:08 [INFO] > Sent: UP:z
2026-07-11 15:43:08 [INFO] > Sent: DOWN:z
2026-07-11 15:43:09 [INFO] > Sent: UP:z
2026-07-11 15:43:09 [INFO] > Sent: DOWN:z
2026-07-11 15:43:09 [INFO] > Sent: UP:z
2026-07-11 15:43:09 [INFO] > Sent: DOWN:Key.space
2026-07-11 15:43:09 [INFO] > Sent: UP:Key.space
2026-07-11 15:43:10 [INFO] > Sent: DOWN:Key.space
2026-07-11 15:43:10 [INFO] > Sent: UP:Key.space
2026-07-11 15:43:10 [INFO] > Sent: DOWN:w
2026-07-11 15:43:10 [INFO] > Sent: DOWN:a
2026-07-11 15:43:10 [INFO] > Sent: UP:a
2026-07-11 15:43:10 [INFO] > Sent: UP:w
2026-07-11 15:43:10 [INFO] > Sent: DOWN:d
2026-07-11 15:43:11 [INFO] > Sent: DOWN:Key.space
2026-07-11 15:43:11 [INFO] > Sent: UP:d
2026-07-11 15:43:11 [INFO] > Sent: UP:Key.space
2026-07-11 15:43:11 [INFO] > Sent: DOWN:z
2026-07-11 15:43:11 [INFO] > Sent: UP:z
2026-07-11 15:43:11 [INFO] > Sent: DOWN:Key.space
2026-07-11 15:43:11 [INFO] > Sent: UP:Key.space
2026-07-11 15:43:11 [INFO] > Sent: DOWN:z
2026-07-11 15:43:12 [INFO] > Sent: UP:z
2026-07-11 15:43:12 [INFO] > Sent: DOWN:w
2026-07-11 15:43:12 [INFO] > Sent: DOWN:d
2026-07-11 15:43:12 [INFO] > Sent: UP:w
2026-07-11 15:43:12 [INFO] > Sent: DOWN:s
2026-07-11 15:43:12 [INFO] > Sent: DOWN:a
2026-07-11 15:43:12 [INFO] > Sent: UP:d
2026-07-11 15:43:12 [INFO] > Sent: UP:s
2026-07-11 15:43:12 [INFO] > Sent: UP:a
2026-07-11 15:43:12 [INFO] > Sent: DOWN:d
2026-07-11 15:43:12 [INFO] > Sent: DOWN:Key.space
2026-07-11 15:43:12 [INFO] > Sent: UP:d
2026-07-11 15:43:12 [INFO] > Sent: UP:Key.space
2026-07-11 15:43:12 [INFO] > Sent: DOWN:a
2026-07-11 15:43:13 [INFO] > Sent: DOWN:s
2026-07-11 15:43:13 [INFO] > Sent: UP:a
2026-07-11 15:43:13 [INFO] > Sent: UP:s
2026-07-11 15:43:13 [INFO] > Sent: DOWN:d
2026-07-11 15:43:13 [INFO] > Sent: DOWN:w
2026-07-11 15:43:13 [INFO] > Sent: UP:d
2026-07-11 15:43:13 [INFO] > Sent: DOWN:a
2026-07-11 15:43:13 [INFO] > Sent: UP:w
2026-07-11 15:43:13 [INFO] > Sent: DOWN:s
2026-07-11 15:43:13 [INFO] > Sent: UP:a
2026-07-11 15:43:13 [INFO] > Sent: UP:s
2026-07-11 15:43:13 [INFO] > Sent: DOWN:d
2026-07-11 15:43:13 [INFO] > Sent: UP:d
2026-07-11 15:43:13 [INFO] > Sent: DOWN:w
2026-07-11 15:43:13 [INFO] > Sent: DOWN:a
2026-07-11 15:43:13 [INFO] > Sent: UP:w
2026-07-11 15:43:14 [INFO] > Sent: DOWN:s
2026-07-11 15:43:14 [INFO] > Sent: UP:a
2026-07-11 15:43:14 [INFO] > Sent: DOWN:d
2026-07-11 15:43:14 [INFO] > Sent: UP:s
2026-07-11 15:43:14 [INFO] > Sent: UP:d
2026-07-11 15:43:14 [INFO] > Sent: DOWN:a
2026-07-11 15:43:14 [INFO] > Sent: DOWN:w
2026-07-11 15:43:14 [INFO] > Sent: UP:w
2026-07-11 15:43:14 [INFO] > Sent: UP:a
2026-07-11 15:43:14 [INFO] > Sent: DOWN:s
2026-07-11 15:43:14 [INFO] > Sent: DOWN:d
2026-07-11 15:43:14 [INFO] > Sent: UP:d
2026-07-11 15:43:14 [INFO] > Sent: DOWN:d
2026-07-11 15:43:14 [INFO] > Sent: UP:s
2026-07-11 15:43:14 [INFO] > Sent: DOWN:w
2026-07-11 15:43:14 [INFO] > Sent: UP:d
2026-07-11 15:43:14 [INFO] > Sent: DOWN:a
2026-07-11 15:43:15 [INFO] > Sent: UP:w
2026-07-11 15:43:15 [INFO] > Sent: UP:a
2026-07-11 15:43:15 [INFO] > Sent: DOWN:d
2026-07-11 15:43:15 [INFO] > Sent: UP:d
2026-07-11 15:43:15 [INFO] > Sent: DOWN:w
2026-07-11 15:43:15 [INFO] > Sent: UP:w
2026-07-11 15:43:15 [INFO] > Sent: DOWN:d
2026-07-11 15:43:16 [INFO] > Sent: DOWN:s
2026-07-11 15:43:16 [INFO] > Sent: DOWN:a
2026-07-11 15:43:16 [INFO] > Sent: UP:d
2026-07-11 15:43:16 [INFO] > Sent: UP:s
2026-07-11 15:43:16 [INFO] > Sent: UP:a
2026-07-11 15:43:16 [INFO] > Sent: DOWN:d
2026-07-11 15:43:16 [INFO] > Sent: UP:d
2026-07-11 15:43:16 [INFO] > Sent: DOWN:a
2026-07-11 15:43:16 [INFO] > Sent: UP:a
2026-07-11 15:43:16 [INFO] > Sent: DOWN:w
2026-07-11 15:43:17 [INFO] > Sent: DOWN:a
2026-07-11 15:43:17 [INFO] > Sent: UP:w
2026-07-11 15:43:17 [INFO] > Sent: DOWN:s
2026-07-11 15:43:17 [INFO] > Sent: UP:a
2026-07-11 15:43:17 [INFO] > Sent: DOWN:d
2026-07-11 15:43:17 [INFO] > Sent: UP:s
2026-07-11 15:43:17 [INFO] > Sent: DOWN:w
2026-07-11 15:43:17 [INFO] > Sent: DOWN:a
2026-07-11 15:43:17 [INFO] > Sent: UP:d
2026-07-11 15:43:17 [INFO] > Sent: UP:w
2026-07-11 15:43:17 [INFO] > Sent: DOWN:s
2026-07-11 15:43:18 [INFO] > Sent: UP:a
2026-07-11 15:43:18 [INFO] > Sent: DOWN:d
2026-07-11 15:43:18 [INFO] > Sent: UP:s
2026-07-11 15:43:18 [INFO] > Sent: UP:d
2026-07-11 15:43:20 [INFO] > Sent: DOWN:Key.ctrl_l
2026-07-11 15:43:20 [INFO] KeyboardInterrupt received — shutting down
2026-07-11 15:43:20 [INFO] Stopping threads...
2026-07-11 15:43:20 [INFO] > Sent: DOWN:
2026-07-11 15:43:20 [INFO] Serial port closed
2026-07-11 15:43:20 [INFO] Shutdown complete
2026-07-12 14:47:23 [INFO] Starting keyboard->ESP32 bridge
2026-07-12 14:47:23 [INFO] Configured serial port: COM5 @ 115200
2026-07-12 14:47:23 [INFO] Available ports: ['COM5']
2026-07-12 14:47:23 [INFO] Attempting to open serial port COM5 @ 115200
2026-07-12 14:47:23 [WARNING] Could not open serial port (COM5). Available ports: ['COM5']. Retrying in 2.0 s. Error: could not open port 'COM5': PermissionError(13, 'Access is denied.', None, 5)
2026-07-12 14:47:23 [INFO] Keyboard listener started. Press keys to send events. Ctrl+C to quit.
2026-07-12 14:47:25 [INFO] Attempting to open serial port COM5 @ 115200
2026-07-12 14:47:25 [WARNING] Could not open serial port (COM5). Available ports: ['COM5']. Retrying in 2.0 s. Error: could not open port 'COM5': PermissionError(13, 'Access is denied.', None, 5)
2026-07-12 14:47:25 [INFO] Attempting to open serial port COM5 @ 115200
2026-07-12 14:47:25 [WARNING] Write failed (attempt 1): could not open port 'COM5': PermissionError(13, 'Access is denied.', None, 5). Reconnecting...
2026-07-12 14:47:25 [INFO] KeyboardInterrupt received — shutting down
2026-07-12 14:47:25 [INFO] Stopping threads...
2026-07-12 14:47:26 [INFO] Shutdown complete
2026-07-12 15:00:55 [INFO] Starting keyboard->ESP32 bridge
2026-07-12 15:00:55 [INFO] Configured serial port: COM5 @ 115200
2026-07-12 15:00:55 [INFO] Available ports: ['COM5']
2026-07-12 15:00:55 [INFO] Attempting to open serial port COM5 @ 115200
2026-07-12 15:00:55 [INFO] Keyboard listener started. Press keys to send events. Ctrl+C to quit.
2026-07-12 15:00:55 [INFO] Serial port opened
2026-07-12 15:00:55 [INFO] < ESP32: PI_FAST_FLASH_BOOT)
2026-07-12 15:00:55 [INFO] < ESP32: configsip: 0, SPIWP:0xee
2026-07-12 15:00:55 [INFO] < ESP32: clk_drv:0x00,q_drv:0x00,d_drv:0x00,cs0_drv:0x00,hd_drv:0x00,wp_drv:0x00
2026-07-12 15:00:55 [INFO] < ESP32: mode:DIO, clock div:1
2026-07-12 15:00:55 [INFO] < ESP32: load:0x3fff0030,len:4876
2026-07-12 15:00:55 [INFO] < ESP32: ho 0 tail 12 room 4
2026-07-12 15:00:55 [INFO] < ESP32: load:0x40078000,len:16560
2026-07-12 15:00:55 [INFO] < ESP32: load:0x40080400,len:3500
2026-07-12 15:00:55 [INFO] < ESP32: entry 0x400805b4
2026-07-12 15:00:55 [INFO] < ESP32: ESP32 ready. Waiting for key events...
2026-07-12 15:00:56 [INFO] < ESP32: Starting BLE scan...
2026-07-12 15:00:59 [INFO] > Sent: DOWN:q
2026-07-12 15:00:59 [INFO] > Sent: UP:q
2026-07-12 15:01:02 [INFO] > Sent: DOWN:e
2026-07-12 15:01:02 [INFO] > Sent: UP:e
2026-07-12 15:01:02 [INFO] > Sent: DOWN:e
2026-07-12 15:01:03 [INFO] > Sent: UP:e
2026-07-12 15:01:03 [INFO] > Sent: DOWN:q
2026-07-12 15:01:03 [INFO] > Sent: UP:q
2026-07-12 15:01:04 [INFO] > Sent: DOWN:q
2026-07-12 15:01:04 [INFO] > Sent: UP:q
2026-07-12 15:01:09 [INFO] > Sent: DOWN:e
2026-07-12 15:01:09 [INFO] > Sent: UP:e
2026-07-12 15:01:10 [INFO] > Sent: DOWN:e
2026-07-12 15:01:10 [INFO] > Sent: UP:e
2026-07-12 15:01:10 [INFO] > Sent: DOWN:q
2026-07-12 15:01:11 [INFO] > Sent: UP:q
2026-07-12 15:01:11 [INFO] > Sent: DOWN:q
2026-07-12 15:01:11 [INFO] > Sent: UP:q
2026-07-12 15:01:11 [INFO] > Sent: DOWN:q
2026-07-12 15:01:11 [INFO] > Sent: UP:q
2026-07-12 15:01:11 [INFO] > Sent: DOWN:q
2026-07-12 15:01:11 [INFO] > Sent: UP:q
2026-07-12 15:01:11 [INFO] > Sent: DOWN:q
2026-07-12 15:01:11 [INFO] > Sent: UP:q
2026-07-12 15:01:11 [INFO] > Sent: DOWN:q
2026-07-12 15:01:11 [INFO] > Sent: UP:q
2026-07-12 15:01:12 [INFO] > Sent: DOWN:q
2026-07-12 15:01:12 [INFO] > Sent: UP:q
2026-07-12 15:01:12 [INFO] > Sent: DOWN:q
2026-07-12 15:01:12 [INFO] > Sent: UP:q
2026-07-12 15:01:35 [INFO] > Sent: DOWN:Key.ctrl_l
2026-07-12 15:01:35 [INFO] > Sent: DOWN:
2026-07-12 15:01:35 [INFO] > Sent: UP:
2026-07-12 15:01:35 [INFO] > Sent: UP:Key.ctrl_l
2026-07-12 15:01:36 [INFO] > Sent: DOWN:d
2026-07-12 15:01:36 [INFO] > Sent: UP:d
2026-07-12 15:01:36 [INFO] > Sent: DOWN:r
2026-07-12 15:01:36 [INFO] > Sent: UP:r
2026-07-12 15:01:36 [INFO] > Sent: DOWN:a
2026-07-12 15:01:36 [INFO] > Sent: DOWN:w
2026-07-12 15:01:36 [INFO] > Sent: UP:w
2026-07-12 15:01:36 [INFO] > Sent: UP:a
2026-07-12 15:01:38 [INFO] > Sent: DOWN:v
2026-07-12 15:01:38 [INFO] > Sent: UP:v
2026-07-12 15:01:38 [INFO] > Sent: DOWN:Key.backspace
2026-07-12 15:01:38 [INFO] > Sent: UP:Key.backspace
2026-07-12 15:01:38 [INFO] > Sent: DOWN:Key.backspace
2026-07-12 15:01:39 [INFO] > Sent: UP:Key.backspace
2026-07-12 15:01:39 [INFO] > Sent: DOWN:b
2026-07-12 15:01:39 [INFO] > Sent: UP:b
2026-07-12 15:01:39 [INFO] > Sent: DOWN:Key.backspace
2026-07-12 15:01:39 [INFO] > Sent: UP:Key.backspace
2026-07-12 15:01:39 [INFO] > Sent: DOWN:w
2026-07-12 15:01:39 [INFO] > Sent: UP:w
2026-07-12 15:01:39 [INFO] > Sent: DOWN:b
2026-07-12 15:01:39 [INFO] > Sent: UP:b
2026-07-12 15:01:40 [INFO] > Sent: DOWN:t
2026-07-12 15:01:40 [INFO] > Sent: UP:t
2026-07-12 15:01:49 [INFO] > Sent: DOWN:Key.ctrl_l
2026-07-12 15:01:49 [INFO] > Sent: DOWN:
2026-07-12 15:01:49 [INFO] > Sent: UP:
2026-07-12 15:01:49 [INFO] > Sent: UP:Key.ctrl_l
2026-07-12 15:01:50 [INFO] > Sent: DOWN:Key.ctrl_l
2026-07-12 15:01:50 [INFO] > Sent: DOWN:
2026-07-12 15:01:50 [INFO] > Sent: UP:
2026-07-12 15:01:50 [INFO] > Sent: UP:Key.ctrl_l
2026-07-12 15:01:52 [INFO] > Sent: DOWN:Key.backspace
2026-07-12 15:01:52 [INFO] > Sent: UP:Key.backspace
2026-07-12 15:01:53 [INFO] > Sent: DOWN:Key.ctrl_l
2026-07-12 15:01:53 [INFO] > Sent: UP:Key.ctrl_l
2026-07-12 15:01:59 [INFO] > Sent: DOWN:Key.alt_l
2026-07-12 15:01:59 [INFO] > Sent: DOWN:Key.tab
2026-07-12 15:01:59 [INFO] > Sent: UP:Key.tab
2026-07-12 15:01:59 [INFO] > Sent: UP:Key.alt_l
2026-07-12 15:02:00 [INFO] > Sent: DOWN:Key.ctrl_l
2026-07-12 15:02:00 [INFO] KeyboardInterrupt received — shutting down
2026-07-12 15:02:00 [INFO] Stopping threads...
2026-07-12 15:02:00 [INFO] > Sent: DOWN:
2026-07-12 15:02:37 [INFO] Starting keyboard->ESP32 bridge
2026-07-12 15:02:37 [INFO] Configured serial port: COM5 @ 115200
2026-07-12 15:02:37 [INFO] Available ports: ['COM5']
2026-07-12 15:02:37 [INFO] Attempting to open serial port COM5 @ 115200
2026-07-12 15:02:37 [INFO] Keyboard listener started. Press keys to send events. Ctrl+C to quit.
2026-07-12 15:02:37 [INFO] Serial port opened
2026-07-12 15:02:37 [INFO] < ESP32: PI_FAST_FLASH_BOOT)
2026-07-12 15:02:37 [INFO] < ESP32: configsip: 0, SPIWP:0xee
2026-07-12 15:02:37 [INFO] < ESP32: clk_drv:0x00,q_drv:0x00,d_drv:0x00,cs0_drv:0x00,hd_drv:0x00,wp_drv:0x00
2026-07-12 15:02:37 [INFO] < ESP32: mode:DIO, clock div:1
2026-07-12 15:02:37 [INFO] < ESP32: load:0x3fff0030,len:4876
2026-07-12 15:02:37 [INFO] < ESP32: ho 0 tail 12 room 4
2026-07-12 15:02:37 [INFO] < ESP32: load:0x40078000,len:16560
2026-07-12 15:02:37 [INFO] < ESP32: load:0x40080400,len:3500
2026-07-12 15:02:37 [INFO] < ESP32: entry 0x400805b4
2026-07-12 15:02:38 [INFO] < ESP32: ESP32 ready. Waiting for key events...
2026-07-12 15:02:38 [INFO] < ESP32: Starting BLE scan...
2026-07-12 15:02:39 [INFO] > Sent: DOWN:q
2026-07-12 15:02:39 [INFO] > Sent: UP:q
2026-07-12 15:02:41 [INFO] > Sent: DOWN:q
2026-07-12 15:02:41 [INFO] > Sent: UP:q
2026-07-12 15:02:41 [INFO] > Sent: DOWN:q
2026-07-12 15:02:41 [INFO] > Sent: UP:q
2026-07-12 15:02:41 [INFO] > Sent: DOWN:q
2026-07-12 15:02:42 [INFO] > Sent: UP:q
2026-07-12 15:02:42 [INFO] > Sent: DOWN:e
2026-07-12 15:02:42 [INFO] > Sent: UP:e
2026-07-12 15:02:44 [INFO] > Sent: DOWN:q
2026-07-12 15:02:44 [INFO] > Sent: UP:q
2026-07-12 15:02:59 [INFO] > Sent: DOWN:q
2026-07-12 15:02:59 [INFO] > Sent: UP:q
2026-07-12 15:03:00 [INFO] > Sent: DOWN:q
2026-07-12 15:03:00 [INFO] > Sent: UP:q
2026-07-12 15:03:05 [INFO] > Sent: DOWN:Key.space
2026-07-12 15:03:05 [INFO] > Sent: UP:Key.space
2026-07-12 15:03:06 [INFO] < ESP32: Connected!
2026-07-12 15:03:12 [INFO] > Sent: DOWN:Key.space
2026-07-12 15:03:12 [INFO] < ESP32: Connection failed
2026-07-12 15:03:12 [INFO] > Sent: UP:Key.space
2026-07-12 15:03:13 [INFO] > Sent: DOWN:Key.space
2026-07-12 15:03:13 [INFO] > Sent: UP:Key.space
2026-07-12 15:03:13 [INFO] < ESP32: Connection failed
2026-07-12 15:03:16 [INFO] > Sent: DOWN:Key.space
2026-07-12 15:03:16 [INFO] < ESP32: Guru Meditation Error: Core  1 panic'ed (LoadProhibited). Exception was unhandled.
2026-07-12 15:03:16 [INFO] < ESP32: 
2026-07-12 15:03:16 [INFO] < ESP32: Core  1 register dump:
2026-07-12 15:03:16 [INFO] < ESP32: PC      : 0x400d8fe0  PS      : 0x00060530  A0      : 0x800d90fd  A1      : 0x3ffcb970  
2026-07-12 15:03:16 [INFO] < ESP32: A2      : 0x00000001  A3      : 0x3ffcb9b9  A4      : 0x00000010  A5      : 0x3ffcb980  
2026-07-12 15:03:16 [INFO] < ESP32: A6      : 0x00000001  A7      : 0x00000000  A8      : 0x3ffc324c  A9      : 0x3ffcb950  
2026-07-12 15:03:16 [INFO] < ESP32: A10     : 0x3ffcb9b9  A11     : 0x00000000  A12     : 0x00000000  A13     : 0x00000000  
2026-07-12 15:03:16 [INFO] < ESP32: A14     : 0x3ffcff24  A15     : 0x3ffcff24  SAR     : 0x00000018  EXCCAUSE: 0x0000001c  
2026-07-12 15:03:16 [INFO] < ESP32: EXCVADDR: 0x00000029  LBEG    : 0x40090639  LEND    : 0x4009065b  LCOUNT  : 0xffffffff  
2026-07-12 15:03:16 [INFO] > Sent: UP:Key.space
2026-07-12 15:03:16 [INFO] < ESP32: 
2026-07-12 15:03:16 [INFO] < ESP32: 
2026-07-12 15:03:16 [INFO] < ESP32: Backtrace: 0x400d8fdd:0x3ffcb970 0x400d90fa:0x3ffcb9b0 0x400d32e6:0x3ffcb9e0 0x400ef618:0x3ffcba20 0x40093ad1:0x3ffcba40
2026-07-12 15:03:16 [INFO] < ESP32: 
2026-07-12 15:03:16 [INFO] < ESP32: 
2026-07-12 15:03:16 [INFO] < ESP32: 
2026-07-12 15:03:16 [INFO] < ESP32: 
2026-07-12 15:03:16 [INFO] < ESP32: ELF file SHA256: ea2e90bb5
2026-07-12 15:03:16 [INFO] < ESP32: 
2026-07-12 15:03:16 [INFO] < ESP32: Rebooting...
2026-07-12 15:03:16 [INFO] < ESP32: ets Jul 29 2019 12:21:46
2026-07-12 15:03:16 [INFO] < ESP32: 
2026-07-12 15:03:16 [INFO] < ESP32: rst:0xc (SW_CPU_RESET),boot:0x13 (SPI_FAST_FLASH_BOOT)
2026-07-12 15:03:16 [INFO] < ESP32: configsip: 0, SPIWP:0xee
2026-07-12 15:03:16 [INFO] < ESP32: clk_drv:0x00,q_drv:0x00,d_drv:0x00,cs0_drv:0x00,hd_drv:0x00,wp_drv:0x00
2026-07-12 15:03:16 [INFO] < ESP32: mode:DIO, clock div:1
2026-07-12 15:03:16 [INFO] < ESP32: load:0x3fff0030,len:4876
2026-07-12 15:03:16 [INFO] < ESP32: ho 0 tail 12 room 4
2026-07-12 15:03:16 [INFO] < ESP32: load:0x40078000,len:16560
2026-07-12 15:03:16 [INFO] < ESP32: load:0x40080400,len:3500
2026-07-12 15:03:16 [INFO] < ESP32: entry 0x400805b4
2026-07-12 15:03:17 [INFO] < ESP32: ESP32 ready. Waiting for key events...
2026-07-12 15:03:17 [INFO] < ESP32: Starting BLE scan...
2026-07-12 15:03:39 [INFO] > Sent: DOWN:Key.space
2026-07-12 15:03:39 [INFO] > Sent: UP:Key.space
2026-07-12 15:03:40 [INFO] < ESP32: Connected!
2026-07-12 15:03:42 [INFO] > Sent: DOWN:Key.space
2026-07-12 15:03:42 [INFO] > Sent: UP:Key.space
2026-07-12 15:03:42 [INFO] < ESP32: Connection failed
2026-07-12 15:03:42 [INFO] > Sent: DOWN:Key.space
2026-07-12 15:03:42 [INFO] < ESP32: Connection failed
2026-07-12 15:03:43 [INFO] > Sent: UP:Key.space
2026-07-12 15:03:43 [INFO] > Sent: DOWN:Key.space
2026-07-12 15:03:43 [INFO] < ESP32: Guru Meditation Error: Core  1 panic'ed (LoadProhibited). Exception was unhandled.
2026-07-12 15:03:43 [INFO] < ESP32: 
2026-07-12 15:03:43 [INFO] < ESP32: Core  1 register dump:
2026-07-12 15:03:43 [INFO] < ESP32: PC      : 0x400d8fe0  PS      : 0x00060530  A0      : 0x800d90fd  A1      : 0x3ffcb970  
2026-07-12 15:03:43 [INFO] < ESP32: A2      : 0x00000001  A3      : 0x3ffcb9b9  A4      : 0x00000010  A5      : 0x3ffcb980  
2026-07-12 15:03:43 [INFO] > Sent: UP:Key.space
2026-07-12 15:03:43 [INFO] < ESP32: A6      : 0x00000001  A7      : 0x00000000  A8      : 0x3ffc324c  A9      : 0x3ffcb950  
2026-07-12 15:03:43 [INFO] < ESP32: A10     : 0x3ffcb9b9  A11     : 0x00000000  A12     : 0x00000000  A13     : 0x00000000  
2026-07-12 15:03:43 [INFO] < ESP32: A14     : 0x3ffd040c  A15     : 0x3ffd040c  SAR     : 0x00000018  EXCCAUSE: 0x0000001c  
2026-07-12 15:03:43 [INFO] < ESP32: EXCVADDR: 0x00000029  LBEG    : 0x40090639  LEND    : 0x4009065b  LCOUNT  : 0xffffffff  
2026-07-12 15:03:43 [INFO] < ESP32: 
2026-07-12 15:03:43 [INFO] < ESP32: 
2026-07-12 15:03:43 [INFO] < ESP32: Backtrace: 0x400d8fdd:0x3ffcb970 0x400d90fa:0x3ffcb9b0 0x400d32e6:0x3ffcb9e0 0x400ef618:0x3ffcba20 0x40093ad1:0x3ffcba40
2026-07-12 15:03:43 [INFO] < ESP32: 
2026-07-12 15:03:43 [INFO] < ESP32: 
2026-07-12 15:03:43 [INFO] < ESP32: 
2026-07-12 15:03:43 [INFO] < ESP32: 
2026-07-12 15:03:43 [INFO] < ESP32: ELF file SHA256: ea2e90bb5
2026-07-12 15:03:43 [INFO] < ESP32: 
2026-07-12 15:03:43 [INFO] < ESP32: Rebooting...
2026-07-12 15:03:43 [INFO] < ESP32: ets Jul 29 2019 12:21:46
2026-07-12 15:03:43 [INFO] < ESP32: 
2026-07-12 15:03:43 [INFO] < ESP32: rst:0xc (SW_CPU_RESET),boot:0x13 (SPI_FAST_FLASH_BOOT)
2026-07-12 15:03:43 [INFO] < ESP32: configsip: 0, SPIWP:0xee
2026-07-12 15:03:43 [INFO] < ESP32: clk_drv:0x00,q_drv:0x00,d_drv:0x00,cs0_drv:0x00,hd_drv:0x00,wp_drv:0x00
2026-07-12 15:03:43 [INFO] < ESP32: mode:DIO, clock div:1
2026-07-12 15:03:43 [INFO] < ESP32: load:0x3fff0030,len:4876
2026-07-12 15:03:43 [INFO] < ESP32: ho 0 tail 12 room 4
2026-07-12 15:03:43 [INFO] < ESP32: load:0x40078000,len:16560
2026-07-12 15:03:43 [INFO] < ESP32: load:0x40080400,len:3500
2026-07-12 15:03:43 [INFO] < ESP32: entry 0x400805b4
2026-07-12 15:03:43 [INFO] < ESP32: ESP32 ready. Waiting for key events...
2026-07-12 15:03:44 [INFO] < ESP32: Starting BLE scan...
2026-07-12 15:03:47 [INFO] > Sent: DOWN:Key.space
2026-07-12 15:03:47 [INFO] > Sent: UP:Key.space
2026-07-12 15:03:48 [INFO] < ESP32: Connected!
2026-07-12 15:03:55 [INFO] > Sent: DOWN:Key.space
2026-07-12 15:03:55 [INFO] < ESP32: Connection failed
2026-07-12 15:03:55 [INFO] > Sent: UP:Key.space
2026-07-12 15:03:56 [INFO] > Sent: DOWN:Key.space
2026-07-12 15:03:56 [INFO] > Sent: UP:Key.space
2026-07-12 15:03:56 [INFO] < ESP32: Connection failed
2026-07-12 15:03:57 [INFO] > Sent: DOWN:Key.space
2026-07-12 15:03:57 [INFO] < ESP32: Guru Meditation Error: Core  1 panic'ed (LoadProhibited). Exception was unhandled.
2026-07-12 15:03:57 [INFO] < ESP32: 
2026-07-12 15:03:57 [INFO] < ESP32: Core  1 register dump:
2026-07-12 15:03:57 [INFO] < ESP32: PC      : 0x400d8fe0  PS      : 0x00060530  A0      : 0x800d90fd  A1      : 0x3ffcb970  
2026-07-12 15:03:57 [INFO] < ESP32: A2      : 0x00000001  A3      : 0x3ffcb9b9  A4      : 0x00000010  A5      : 0x3ffcb980  
2026-07-12 15:03:57 [INFO] < ESP32: A6      : 0x00000001  A7      : 0x00000000  A8      : 0x3ffc324c  A9      : 0x3ffcb950  
2026-07-12 15:03:57 [INFO] < ESP32: A10     : 0x3ffcb9b9  A11     : 0x00000000  A12     : 0x00000000  A13     : 0x00000000  
2026-07-12 15:03:57 [INFO] < ESP32: A14     : 0x3ffd0114  A15     : 0x3ffd0114  SAR     : 0x00000018  EXCCAUSE: 0x0000001c  
2026-07-12 15:03:57 [INFO] < ESP32: EXCVADDR: 0x00000029  LBEG    : 0x40090639  LEND    : 0x4009065b  LCOUNT  : 0xffffffff  
2026-07-12 15:03:57 [INFO] > Sent: UP:Key.space
2026-07-12 15:03:57 [INFO] < ESP32: 
2026-07-12 15:03:57 [INFO] < ESP32: 
2026-07-12 15:03:57 [INFO] < ESP32: Backtrace: 0x400d8fdd:0x3ffcb970 0x400d90fa:0x3ffcb9b0 0x400d32e6:0x3ffcb9e0 0x400ef618:0x3ffcba20 0x40093ad1:0x3ffcba40
2026-07-12 15:03:57 [INFO] < ESP32: 
2026-07-12 15:03:57 [INFO] < ESP32: 
2026-07-12 15:03:57 [INFO] < ESP32: 
2026-07-12 15:03:57 [INFO] < ESP32: 
2026-07-12 15:03:57 [INFO] < ESP32: ELF file SHA256: ea2e90bb5
2026-07-12 15:03:57 [INFO] < ESP32: 
2026-07-12 15:03:57 [INFO] < ESP32: Rebooting...
2026-07-12 15:03:57 [INFO] < ESP32: ets Jul 29 2019 12:21:46
2026-07-12 15:03:57 [INFO] < ESP32: 
2026-07-12 15:03:57 [INFO] < ESP32: rst:0xc (SW_CPU_RESET),boot:0x13 (SPI_FAST_FLASH_BOOT)
2026-07-12 15:03:57 [INFO] < ESP32: configsip: 0, SPIWP:0xee
2026-07-12 15:03:57 [INFO] < ESP32: clk_drv:0x00,q_drv:0x00,d_drv:0x00,cs0_drv:0x00,hd_drv:0x00,wp_drv:0x00
2026-07-12 15:03:57 [INFO] < ESP32: mode:DIO, clock div:1
2026-07-12 15:03:57 [INFO] < ESP32: load:0x3fff0030,len:4876
2026-07-12 15:03:57 [INFO] < ESP32: ho 0 tail 12 room 4
2026-07-12 15:03:57 [INFO] < ESP32: load:0x40078000,len:16560
2026-07-12 15:03:57 [INFO] < ESP32: load:0x40080400,len:3500
2026-07-12 15:03:57 [INFO] < ESP32: entry 0x400805b4
2026-07-12 15:03:57 [INFO] < ESP32: ESP32 ready. Waiting for key events...
2026-07-12 15:03:58 [INFO] < ESP32: Starting BLE scan...
2026-07-12 15:04:00 [INFO] > Sent: DOWN:Key.space
2026-07-12 15:04:00 [INFO] > Sent: UP:Key.space
2026-07-12 15:04:00 [INFO] < ESP32: Connected!
2026-07-12 15:04:05 [INFO] < ESP32: ets Jul 29 2019 12:21:46
2026-07-12 15:04:05 [INFO] < ESP32: 
2026-07-12 15:04:05 [INFO] < ESP32: rst:0x1 (POWERON_RESET),boot:0x13 (SPI_FAST_FLASH_BOOT)
2026-07-12 15:04:05 [INFO] < ESP32: configsip: 0, SPIWP:0xee
2026-07-12 15:04:05 [INFO] < ESP32: clk_drv:0x00,q_drv:0x00,d_drv:0x00,cs0_drv:0x00,hd_drv:0x00,wp_drv:0x00
2026-07-12 15:04:05 [INFO] < ESP32: mode:DIO, clock div:1
2026-07-12 15:04:05 [INFO] < ESP32: load:0x3fff0030,len:4876
2026-07-12 15:04:05 [INFO] < ESP32: ho 0 tail 12 room 4
2026-07-12 15:04:05 [INFO] < ESP32: load:0x40078000,len:16560
2026-07-12 15:04:05 [INFO] < ESP32: load:0x40080400,len:3500
2026-07-12 15:04:05 [INFO] < ESP32: entry 0x400805b4
2026-07-12 15:04:06 [INFO] < ESP32: ESP32 ready. Waiting for key events...
2026-07-12 15:04:06 [INFO] < ESP32: Starting BLE scan...
2026-07-12 15:04:12 [INFO] > Sent: DOWN:Key.space
2026-07-12 15:04:12 [INFO] > Sent: UP:Key.space
2026-07-12 15:04:12 [INFO] < ESP32: Connected!
2026-07-12 15:04:28 [INFO] < ESP32: ets Jul 29 2019 12:21:46
2026-07-12 15:04:28 [INFO] < ESP32: 
2026-07-12 15:04:28 [INFO] < ESP32: rst:0x1 (POWERON_RESET),boot:0x13 (SPI_FAST_FLASH_BOOT)
2026-07-12 15:04:28 [INFO] < ESP32: configsip: 0, SPIWP:0xee
2026-07-12 15:04:28 [INFO] < ESP32: clk_drv:0x00,q_drv:0x00,d_drv:0x00,cs0_drv:0x00,hd_drv:0x00,wp_drv:0x00
2026-07-12 15:04:28 [INFO] < ESP32: mode:DIO, clock div:1
2026-07-12 15:04:28 [INFO] < ESP32: load:0x3fff0030,len:4876
2026-07-12 15:04:28 [INFO] < ESP32: ho 0 tail 12 room 4
2026-07-12 15:04:28 [INFO] < ESP32: load:0x40078000,len:16560
2026-07-12 15:04:28 [INFO] < ESP32: load:0x40080400,len:3500
2026-07-12 15:04:28 [INFO] < ESP32: entry 0x400805b4
2026-07-12 15:04:29 [INFO] < ESP32: ESP32 ready. Waiting for key events...
2026-07-12 15:04:29 [INFO] < ESP32: Starting BLE scan...
2026-07-12 15:04:38 [INFO] > Sent: DOWN:Key.space
2026-07-12 15:04:38 [INFO] > Sent: UP:Key.space
2026-07-12 15:04:38 [INFO] < ESP32: Connected!
2026-07-12 15:04:44 [INFO] > Sent: DOWN:Key.space
2026-07-12 15:04:44 [INFO] > Sent: UP:Key.space
2026-07-12 15:04:44 [INFO] < ESP32: Connection failed
2026-07-12 15:04:45 [INFO] > Sent: DOWN:Key.space
2026-07-12 15:04:45 [INFO] < ESP32: Connection failed
2026-07-12 15:04:45 [INFO] > Sent: UP:Key.space
2026-07-12 15:04:47 [INFO] > Sent: DOWN:Key.space
2026-07-12 15:04:47 [INFO] > Sent: UP:Key.space
2026-07-12 15:04:47 [INFO] < ESP32: Guru Meditation Error: Core  1 panic'ed (LoadProhibited). Exception was unhandled.
2026-07-12 15:04:47 [INFO] < ESP32: 
2026-07-12 15:04:47 [INFO] < ESP32: Core  1 register dump:
2026-07-12 15:04:47 [INFO] < ESP32: PC      : 0x400d8fe0  PS      : 0x00060530  A0      : 0x800d90fd  A1      : 0x3ffcb970  
2026-07-12 15:04:47 [INFO] < ESP32: A2      : 0x00000001  A3      : 0x3ffcb9b9  A4      : 0x00000010  A5      : 0x3ffcb980  
2026-07-12 15:04:47 [INFO] < ESP32: A6      : 0x00000001  A7      : 0x00000000  A8      : 0x3ffc324c  A9      : 0x3ffcb950  
2026-07-12 15:04:47 [INFO] < ESP32: A10     : 0x3ffcb9b9  A11     : 0x00000000  A12     : 0x00000000  A13     : 0x00000000  
2026-07-12 15:04:47 [INFO] < ESP32: A14     : 0x3ffd04e8  A15     : 0x3ffd04e8  SAR     : 0x00000018  EXCCAUSE: 0x0000001c  
2026-07-12 15:04:47 [INFO] < ESP32: EXCVADDR: 0x00000029  LBEG    : 0x40090639  LEND    : 0x4009065b  LCOUNT  : 0xffffffff  
2026-07-12 15:04:47 [INFO] < ESP32: 
2026-07-12 15:04:47 [INFO] < ESP32: 
2026-07-12 15:04:47 [INFO] < ESP32: Backtrace: 0x400d8fdd:0x3ffcb970 0x400d90fa:0x3ffcb9b0 0x400d32e6:0x3ffcb9e0 0x400ef618:0x3ffcba20 0x40093ad1:0x3ffcba40
2026-07-12 15:04:47 [INFO] < ESP32: 
2026-07-12 15:04:47 [INFO] < ESP32: 
2026-07-12 15:04:47 [INFO] < ESP32: 
2026-07-12 15:04:47 [INFO] < ESP32: 
2026-07-12 15:04:47 [INFO] < ESP32: ELF file SHA256: ea2e90bb5
2026-07-12 15:04:47 [INFO] < ESP32: 
2026-07-12 15:04:47 [INFO] < ESP32: Rebooting...
2026-07-12 15:04:47 [INFO] < ESP32: ets Jul 29 2019 12:21:46
2026-07-12 15:04:47 [INFO] < ESP32: 
2026-07-12 15:04:47 [INFO] < ESP32: rst:0xc (SW_CPU_RESET),boot:0x13 (SPI_FAST_FLASH_BOOT)
2026-07-12 15:04:47 [INFO] < ESP32: configsip: 0, SPIWP:0xee
2026-07-12 15:04:47 [INFO] < ESP32: clk_drv:0x00,q_drv:0x00,d_drv:0x00,cs0_drv:0x00,hd_drv:0x00,wp_drv:0x00
2026-07-12 15:04:47 [INFO] < ESP32: mode:DIO, clock div:1
2026-07-12 15:04:47 [INFO] < ESP32: load:0x3fff0030,len:4876
2026-07-12 15:04:47 [INFO] < ESP32: ho 0 tail 12 room 4
2026-07-12 15:04:47 [INFO] < ESP32: load:0x40078000,len:16560
2026-07-12 15:04:47 [INFO] < ESP32: load:0x40080400,len:3500
2026-07-12 15:04:47 [INFO] < ESP32: entry 0x400805b4
2026-07-12 15:04:47 [INFO] < ESP32: ESP32 ready. Waiting for key events...
2026-07-12 15:04:48 [INFO] < ESP32: Starting BLE scan...
2026-07-12 15:04:55 [ERROR] Serial exception: GetOverlappedResult failed (PermissionError(13, 'Access is denied.', None, 5))
2026-07-12 15:04:55 [INFO] Serial port closed
2026-07-12 15:04:57 [INFO] Attempting to open serial port COM5 @ 115200
2026-07-12 15:04:57 [WARNING] Could not open serial port (COM5). Available ports: []. Retrying in 2.0 s. Error: could not open port 'COM5': FileNotFoundError(2, 'The system cannot find the file specified.', None, 2)
2026-07-12 15:04:58 [INFO] Attempting to open serial port COM5 @ 115200
2026-07-12 15:04:58 [WARNING] Write failed (attempt 1): could not open port 'COM5': FileNotFoundError(2, 'The system cannot find the file specified.', None, 2). Reconnecting...
2026-07-12 15:04:59 [INFO] Attempting to open serial port COM5 @ 115200
2026-07-12 15:04:59 [WARNING] Could not open serial port (COM5). Available ports: []. Retrying in 2.0 s. Error: could not open port 'COM5': FileNotFoundError(2, 'The system cannot find the file specified.', None, 2)
2026-07-12 15:04:59 [INFO] KeyboardInterrupt received — shutting down
2026-07-12 15:04:59 [INFO] Stopping threads...
2026-08-14 02:35:14 [INFO] Starting keyboard->ESP32 bridge
2026-08-14 02:35:14 [INFO] Configured serial port: COM5 @ 115200
2026-08-14 02:35:14 [INFO] Available ports: ['COM5']
2026-08-14 02:35:14 [INFO] Attempting to open serial port COM5 @ 115200
2026-08-14 02:35:14 [INFO] Keyboard listener started. Press keys to send events. Ctrl+C to quit.
2026-08-14 02:35:14 [INFO] Serial port opened
2026-08-14 02:35:14 [INFO] < ESP32: PI_FAST_FLASH_BOOT)
2026-08-14 02:35:14 [INFO] < ESP32: configsip: 0, SPIWP:0xee
2026-08-14 02:35:14 [INFO] < ESP32: clk_drv:0x00,q_drv:0x00,d_drv:0x00,cs0_drv:0x00,hd_drv:0x00,wp_drv:0x00
2026-08-14 02:35:14 [INFO] < ESP32: mode:DIO, clock div:1
2026-08-14 02:35:14 [INFO] < ESP32: load:0x3fff0030,len:4876
2026-08-14 02:35:14 [INFO] < ESP32: ho 0 tail 12 room 4
2026-08-14 02:35:14 [INFO] < ESP32: load:0x40078000,len:16560
2026-08-14 02:35:14 [INFO] < ESP32: load:0x40080400,len:3500
2026-08-14 02:35:14 [INFO] < ESP32: entry 0x400805b4
2026-08-14 02:35:14 [INFO] < ESP32: ESP32 ready. Waiting for key events...
2026-08-14 02:35:16 [INFO] > Sent: DOWN:Key.down
2026-08-14 02:35:16 [INFO] > Sent: UP:Key.down
2026-08-14 02:35:16 [INFO] > Sent: DOWN:Key.down
2026-08-14 02:35:16 [INFO] > Sent: UP:Key.down
2026-08-14 02:35:16 [INFO] > Sent: DOWN:Key.down
2026-08-14 02:35:16 [INFO] > Sent: UP:Key.down
2026-08-14 02:35:16 [INFO] > Sent: DOWN:Key.left
2026-08-14 02:35:16 [INFO] > Sent: UP:Key.left
2026-08-14 02:35:16 [INFO] > Sent: DOWN:Key.left
2026-08-14 02:35:16 [INFO] > Sent: UP:Key.left
2026-08-14 02:35:16 [INFO] > Sent: DOWN:Key.left
2026-08-14 02:35:17 [INFO] > Sent: DOWN:Key.up
2026-08-14 02:35:17 [INFO] > Sent: UP:Key.up
2026-08-14 02:35:17 [INFO] > Sent: UP:Key.left
2026-08-14 02:35:17 [INFO] > Sent: DOWN:Key.left
2026-08-14 02:35:17 [INFO] > Sent: UP:Key.left
2026-08-14 02:35:17 [INFO] > Sent: DOWN:Key.left
2026-08-14 02:35:17 [INFO] > Sent: UP:Key.left
2026-08-14 02:35:17 [INFO] > Sent: DOWN:Key.up
2026-08-14 02:35:17 [INFO] > Sent: UP:Key.up
2026-08-14 02:35:18 [INFO] > Sent: DOWN:Key.left
2026-08-14 02:35:18 [INFO] > Sent: DOWN:Key.up
2026-08-14 02:35:18 [INFO] > Sent: UP:Key.up
2026-08-14 02:35:19 [INFO] > Sent: DOWN:Key.up
2026-08-14 02:35:19 [INFO] > Sent: UP:Key.up
2026-08-14 02:35:19 [INFO] > Sent: UP:Key.left
2026-08-14 02:35:19 [INFO] > Sent: DOWN:Key.left
2026-08-14 02:35:19 [INFO] > Sent: DOWN:Key.up
2026-08-14 02:35:19 [INFO] > Sent: UP:Key.up
2026-08-14 02:35:20 [INFO] > Sent: UP:Key.left
2026-08-14 02:35:20 [INFO] > Sent: DOWN:Key.down
2026-08-14 02:35:20 [INFO] > Sent: DOWN:Key.left
2026-08-14 02:35:20 [INFO] > Sent: UP:Key.down
2026-08-14 02:35:20 [INFO] > Sent: UP:Key.left
2026-08-14 02:35:20 [INFO] > Sent: DOWN:Key.down
2026-08-14 02:35:20 [INFO] > Sent: UP:Key.down
2026-08-14 02:35:21 [INFO] > Sent: DOWN:Key.down
2026-08-14 02:35:21 [INFO] > Sent: UP:Key.down
2026-08-14 02:35:22 [INFO] > Sent: DOWN:z
2026-08-14 02:35:22 [INFO] > Sent: UP:z
2026-08-14 02:35:23 [INFO] > Sent: DOWN:Key.left
2026-08-14 02:35:23 [INFO] > Sent: DOWN:Key.up
2026-08-14 02:35:23 [INFO] > Sent: UP:Key.up
2026-08-14 02:35:24 [INFO] > Sent: DOWN:Key.up
2026-08-14 02:35:24 [INFO] > Sent: UP:Key.up
2026-08-14 02:35:24 [INFO] > Sent: DOWN:Key.up
2026-08-14 02:35:24 [INFO] > Sent: UP:Key.up
2026-08-14 02:35:24 [INFO] > Sent: UP:Key.left
2026-08-14 02:35:24 [INFO] > Sent: DOWN:Key.left
2026-08-14 02:35:24 [INFO] > Sent: DOWN:Key.up
2026-08-14 02:35:24 [INFO] > Sent: UP:Key.up
2026-08-14 02:35:24 [INFO] > Sent: UP:Key.left
2026-08-14 02:35:25 [INFO] > Sent: DOWN:Key.down
2026-08-14 02:35:25 [INFO] > Sent: UP:Key.down
2026-08-14 02:35:25 [INFO] > Sent: DOWN:Key.down
2026-08-14 02:35:26 [INFO] > Sent: UP:Key.down
2026-08-14 02:35:26 [INFO] > Sent: DOWN:Key.down
2026-08-14 02:35:26 [INFO] > Sent: UP:Key.down
2026-08-14 02:35:26 [INFO] > Sent: DOWN:Key.down
2026-08-14 02:35:26 [INFO] > Sent: UP:Key.down
2026-08-14 02:35:26 [INFO] > Sent: DOWN:Key.down
2026-08-14 02:35:26 [INFO] > Sent: UP:Key.down
2026-08-14 02:35:26 [INFO] > Sent: DOWN:Key.down
2026-08-14 02:35:26 [INFO] > Sent: UP:Key.down
2026-08-14 02:35:26 [INFO] > Sent: DOWN:Key.down
2026-08-14 02:35:26 [INFO] > Sent: UP:Key.down
2026-08-14 02:35:27 [INFO] > Sent: DOWN:Key.down
2026-08-14 02:35:27 [INFO] > Sent: UP:Key.down
2026-08-14 02:35:27 [INFO] > Sent: DOWN:Key.down
2026-08-14 02:35:27 [INFO] > Sent: DOWN:Key.down
2026-08-14 02:35:27 [INFO] > Sent: DOWN:Key.down
2026-08-14 02:35:27 [INFO] > Sent: DOWN:Key.left
2026-08-14 02:35:27 [INFO] > Sent: UP:Key.down
2026-08-14 02:35:27 [INFO] > Sent: UP:Key.left
2026-08-14 02:35:28 [INFO] > Sent: DOWN:Key.left
2026-08-14 02:35:28 [INFO] > Sent: UP:Key.left
2026-08-14 02:35:28 [INFO] > Sent: DOWN:Key.space
2026-08-14 02:35:28 [INFO] > Sent: UP:Key.space
2026-08-14 02:35:28 [INFO] > Sent: DOWN:Key.down
2026-08-14 02:35:28 [INFO] > Sent: UP:Key.down
2026-08-14 02:35:29 [INFO] > Sent: DOWN:Key.down
2026-08-14 02:35:29 [INFO] > Sent: UP:Key.down
2026-08-14 02:35:29 [INFO] > Sent: DOWN:Key.down
2026-08-14 02:35:30 [INFO] > Sent: UP:Key.down
2026-08-14 02:35:31 [INFO] > Sent: DOWN:Key.space
2026-08-14 02:35:31 [INFO] > Sent: UP:Key.space
2026-08-14 02:35:31 [INFO] > Sent: DOWN:Key.down
2026-08-14 02:35:31 [INFO] > Sent: UP:Key.down
2026-08-14 02:35:31 [INFO] > Sent: DOWN:Key.down
2026-08-14 02:35:32 [INFO] > Sent: DOWN:Key.down
2026-08-14 02:35:32 [INFO] > Sent: DOWN:Key.down
2026-08-14 02:35:32 [INFO] > Sent: DOWN:Key.down
2026-08-14 02:35:32 [INFO] > Sent: DOWN:Key.down
2026-08-14 02:35:32 [INFO] > Sent: DOWN:Key.down
2026-08-14 02:35:32 [INFO] > Sent: DOWN:Key.down
2026-08-14 02:35:32 [INFO] > Sent: DOWN:Key.down
2026-08-14 02:35:32 [INFO] > Sent: DOWN:Key.down
2026-08-14 02:35:32 [INFO] > Sent: DOWN:Key.down
2026-08-14 02:35:32 [INFO] > Sent: DOWN:Key.left
2026-08-14 02:35:32 [INFO] > Sent: UP:Key.left
2026-08-14 02:35:32 [INFO] > Sent: UP:Key.down
2026-08-14 02:35:33 [INFO] > Sent: DOWN:Key.right
2026-08-14 02:35:33 [INFO] > Sent: UP:Key.right
2026-08-14 02:35:33 [INFO] > Sent: DOWN:Key.space
2026-08-14 02:35:33 [INFO] > Sent: UP:Key.space
2026-08-14 02:35:34 [INFO] > Sent: DOWN:Key.down
2026-08-14 02:35:34 [INFO] > Sent: UP:Key.down
2026-08-14 02:35:34 [INFO] > Sent: DOWN:Key.down
2026-08-14 02:35:34 [INFO] > Sent: UP:Key.down
2026-08-14 02:35:34 [INFO] > Sent: DOWN:Key.down
2026-08-14 02:35:34 [INFO] > Sent: UP:Key.down
2026-08-14 02:35:34 [INFO] > Sent: DOWN:Key.down
2026-08-14 02:35:34 [INFO] > Sent: UP:Key.down
2026-08-14 02:35:34 [INFO] > Sent: DOWN:Key.up
2026-08-14 02:35:35 [INFO] > Sent: UP:Key.up
2026-08-14 02:35:35 [INFO] > Sent: DOWN:Key.up
2026-08-14 02:35:35 [INFO] > Sent: UP:Key.up
2026-08-14 02:35:35 [INFO] > Sent: DOWN:Key.space
2026-08-14 02:35:35 [INFO] > Sent: UP:Key.space
2026-08-14 02:35:35 [INFO] > Sent: DOWN:Key.down
2026-08-14 02:35:35 [INFO] > Sent: UP:Key.down
2026-08-14 02:35:35 [INFO] > Sent: DOWN:Key.down
2026-08-14 02:35:36 [INFO] > Sent: UP:Key.down
2026-08-14 02:35:36 [INFO] > Sent: DOWN:Key.down
2026-08-14 02:35:36 [INFO] > Sent: UP:Key.down
2026-08-14 02:35:36 [INFO] > Sent: DOWN:Key.down
2026-08-14 02:35:36 [INFO] > Sent: UP:Key.down
2026-08-14 02:35:36 [INFO] > Sent: DOWN:Key.right
2026-08-14 02:35:36 [INFO] > Sent: UP:Key.right
2026-08-14 02:35:36 [INFO] > Sent: DOWN:Key.right
2026-08-14 02:35:36 [INFO] > Sent: UP:Key.right
2026-08-14 02:35:37 [INFO] > Sent: DOWN:Key.up
2026-08-14 02:35:37 [INFO] > Sent: UP:Key.up
2026-08-14 02:35:37 [INFO] > Sent: DOWN:Key.up
2026-08-14 02:35:37 [INFO] > Sent: UP:Key.up
2026-08-14 02:35:37 [INFO] > Sent: DOWN:Key.up
2026-08-14 02:35:37 [INFO] > Sent: UP:Key.up
2026-08-14 02:35:38 [INFO] > Sent: DOWN:Key.right
2026-08-14 02:35:38 [INFO] > Sent: UP:Key.right
2026-08-14 02:35:38 [INFO] > Sent: DOWN:Key.space
2026-08-14 02:35:38 [INFO] > Sent: UP:Key.space
2026-08-14 02:35:38 [INFO] > Sent: DOWN:Key.down
2026-08-14 02:35:38 [INFO] > Sent: UP:Key.down
2026-08-14 02:35:38 [INFO] > Sent: DOWN:Key.down
2026-08-14 02:35:39 [INFO] > Sent: UP:Key.down
2026-08-14 02:35:39 [INFO] > Sent: DOWN:Key.down
2026-08-14 02:35:39 [INFO] > Sent: UP:Key.down
2026-08-14 02:35:39 [INFO] > Sent: DOWN:Key.down
2026-08-14 02:35:39 [INFO] > Sent: UP:Key.down
2026-08-14 02:35:39 [INFO] > Sent: DOWN:Key.right
2026-08-14 02:35:39 [INFO] > Sent: UP:Key.right
2026-08-14 02:35:39 [INFO] > Sent: DOWN:Key.left
2026-08-14 02:35:40 [INFO] > Sent: UP:Key.left
2026-08-14 02:35:40 [INFO] > Sent: DOWN:c
2026-08-14 02:35:40 [INFO] > Sent: UP:c
2026-08-14 02:35:41 [INFO] > Sent: DOWN:Key.down
2026-08-14 02:35:41 [INFO] > Sent: UP:Key.down
2026-08-14 02:35:41 [INFO] > Sent: DOWN:Key.left
2026-08-14 02:35:41 [INFO] > Sent: UP:Key.left
2026-08-14 02:35:41 [INFO] > Sent: DOWN:Key.right
2026-08-14 02:35:41 [INFO] > Sent: DOWN:Key.up
2026-08-14 02:35:41 [INFO] > Sent: UP:Key.up
2026-08-14 02:35:41 [INFO] > Sent: UP:Key.right
2026-08-14 02:35:42 [INFO] > Sent: DOWN:Key.right
2026-08-14 02:35:42 [INFO] > Sent: UP:Key.right
2026-08-14 02:35:42 [INFO] > Sent: DOWN:Key.right
2026-08-14 02:35:42 [INFO] > Sent: UP:Key.right
2026-08-14 02:35:43 [INFO] > Sent: DOWN:Key.space
2026-08-14 02:35:43 [INFO] > Sent: UP:Key.space
2026-08-14 02:35:43 [INFO] > Sent: DOWN:Key.down
2026-08-14 02:35:43 [INFO] > Sent: UP:Key.down
2026-08-14 02:35:43 [INFO] > Sent: DOWN:Key.down
2026-08-14 02:35:43 [INFO] > Sent: UP:Key.down
2026-08-14 02:35:43 [INFO] > Sent: DOWN:Key.down
2026-08-14 02:35:43 [INFO] > Sent: UP:Key.down
2026-08-14 02:35:44 [INFO] > Sent: DOWN:Key.down
2026-08-14 02:35:44 [INFO] > Sent: UP:Key.down
2026-08-14 02:35:44 [INFO] > Sent: DOWN:Key.down
2026-08-14 02:35:44 [INFO] > Sent: UP:Key.down
2026-08-14 02:35:44 [INFO] > Sent: DOWN:Key.down
2026-08-14 02:35:44 [INFO] > Sent: UP:Key.down
2026-08-14 02:35:44 [INFO] > Sent: DOWN:Key.up
2026-08-14 02:35:44 [INFO] > Sent: UP:Key.up
2026-08-14 02:35:44 [INFO] > Sent: DOWN:Key.left
2026-08-14 02:35:45 [INFO] > Sent: UP:Key.left
2026-08-14 02:35:45 [INFO] > Sent: DOWN:Key.left
2026-08-14 02:35:45 [INFO] > Sent: DOWN:Key.up
2026-08-14 02:35:45 [INFO] > Sent: UP:Key.left
2026-08-14 02:35:45 [INFO] > Sent: UP:Key.up
2026-08-14 02:35:45 [INFO] > Sent: DOWN:Key.up
2026-08-14 02:35:45 [INFO] > Sent: UP:Key.up
2026-08-14 02:35:45 [INFO] > Sent: DOWN:Key.up
2026-08-14 02:35:45 [INFO] > Sent: UP:Key.up
2026-08-14 02:35:45 [INFO] > Sent: DOWN:Key.space
2026-08-14 02:35:46 [INFO] > Sent: UP:Key.space
2026-08-14 02:35:46 [INFO] > Sent: DOWN:Key.down
2026-08-14 02:35:46 [INFO] > Sent: UP:Key.down
2026-08-14 02:35:46 [INFO] > Sent: DOWN:Key.down
2026-08-14 02:35:46 [INFO] > Sent: UP:Key.down
2026-08-14 02:35:46 [INFO] > Sent: DOWN:Key.down
2026-08-14 02:35:46 [INFO] > Sent: UP:Key.down
2026-08-14 02:35:46 [INFO] > Sent: DOWN:Key.down
2026-08-14 02:35:46 [INFO] > Sent: UP:Key.down
2026-08-14 02:35:46 [INFO] > Sent: DOWN:Key.right
2026-08-14 02:35:47 [INFO] > Sent: UP:Key.right
2026-08-14 02:35:47 [INFO] > Sent: DOWN:Key.up
2026-08-14 02:35:47 [INFO] > Sent: UP:Key.up
2026-08-14 02:35:47 [INFO] > Sent: DOWN:Key.right
2026-08-14 02:35:47 [INFO] > Sent: UP:Key.right
2026-08-14 02:35:47 [INFO] > Sent: DOWN:Key.space
2026-08-14 02:35:47 [INFO] > Sent: UP:Key.space
2026-08-14 02:35:48 [INFO] > Sent: DOWN:Key.down
2026-08-14 02:35:48 [INFO] > Sent: UP:Key.down
2026-08-14 02:35:48 [INFO] > Sent: DOWN:Key.down
2026-08-14 02:35:48 [INFO] > Sent: UP:Key.down
2026-08-14 02:35:48 [INFO] > Sent: DOWN:Key.down
2026-08-14 02:35:48 [INFO] > Sent: UP:Key.down
2026-08-14 02:35:48 [INFO] > Sent: DOWN:Key.down
2026-08-14 02:35:48 [INFO] > Sent: UP:Key.down
2026-08-14 02:35:48 [INFO] > Sent: DOWN:Key.up
2026-08-14 02:35:48 [INFO] > Sent: UP:Key.up
2026-08-14 02:35:49 [INFO] > Sent: DOWN:Key.space
2026-08-14 02:35:49 [INFO] > Sent: UP:Key.space
2026-08-14 02:35:49 [INFO] > Sent: DOWN:Key.down
2026-08-14 02:35:49 [INFO] > Sent: UP:Key.down
2026-08-14 02:35:49 [INFO] > Sent: DOWN:Key.down
2026-08-14 02:35:49 [INFO] > Sent: UP:Key.down
2026-08-14 02:35:49 [INFO] > Sent: DOWN:Key.down
2026-08-14 02:35:50 [INFO] > Sent: UP:Key.down
2026-08-14 02:35:50 [INFO] > Sent: DOWN:Key.down
2026-08-14 02:35:50 [INFO] > Sent: UP:Key.down
2026-08-14 02:35:50 [INFO] > Sent: DOWN:Key.up
2026-08-14 02:35:50 [INFO] > Sent: DOWN:Key.right
2026-08-14 02:35:50 [INFO] > Sent: UP:Key.up
2026-08-14 02:35:50 [INFO] > Sent: UP:Key.right
2026-08-14 02:35:50 [INFO] > Sent: DOWN:Key.left
2026-08-14 02:35:51 [INFO] > Sent: DOWN:Key.left
2026-08-14 02:35:51 [INFO] > Sent: DOWN:Key.left
2026-08-14 02:35:51 [INFO] > Sent: DOWN:Key.up
2026-08-14 02:35:51 [INFO] > Sent: UP:Key.up
2026-08-14 02:35:51 [INFO] > Sent: UP:Key.left
2026-08-14 02:35:51 [INFO] > Sent: DOWN:Key.left
2026-08-14 02:35:51 [INFO] > Sent: DOWN:Key.up
2026-08-14 02:35:51 [INFO] > Sent: UP:Key.up
2026-08-14 02:35:51 [INFO] > Sent: UP:Key.left
2026-08-14 02:35:52 [INFO] > Sent: DOWN:Key.space
2026-08-14 02:35:52 [INFO] > Sent: UP:Key.space
2026-08-14 02:35:52 [INFO] > Sent: DOWN:Key.down
2026-08-14 02:35:52 [INFO] > Sent: UP:Key.down
2026-08-14 02:35:52 [INFO] > Sent: DOWN:Key.down
2026-08-14 02:35:52 [INFO] > Sent: UP:Key.down
2026-08-14 02:35:52 [INFO] > Sent: DOWN:Key.down
2026-08-14 02:35:52 [INFO] > Sent: UP:Key.down
2026-08-14 02:35:52 [INFO] > Sent: DOWN:Key.down
2026-08-14 02:35:52 [INFO] > Sent: DOWN:Key.left
2026-08-14 02:35:52 [INFO] > Sent: UP:Key.down
2026-08-14 02:35:53 [INFO] > Sent: UP:Key.left
2026-08-14 02:35:53 [INFO] > Sent: DOWN:Key.left
2026-08-14 02:35:53 [INFO] > Sent: UP:Key.left
2026-08-14 02:35:53 [INFO] > Sent: DOWN:Key.left
2026-08-14 02:35:53 [INFO] > Sent: UP:Key.left
2026-08-14 02:35:53 [INFO] > Sent: DOWN:Key.right
2026-08-14 02:35:53 [INFO] > Sent: UP:Key.right
2026-08-14 02:35:53 [INFO] > Sent: DOWN:Key.space
2026-08-14 02:35:54 [INFO] > Sent: UP:Key.space
2026-08-14 02:35:54 [INFO] > Sent: DOWN:Key.down
2026-08-14 02:35:54 [INFO] > Sent: UP:Key.down
2026-08-14 02:35:54 [INFO] > Sent: DOWN:Key.down
2026-08-14 02:35:54 [INFO] > Sent: UP:Key.down
2026-08-14 02:35:54 [INFO] > Sent: DOWN:Key.down
2026-08-14 02:35:54 [INFO] > Sent: UP:Key.down
2026-08-14 02:35:54 [INFO] > Sent: DOWN:Key.down
2026-08-14 02:35:54 [INFO] > Sent: UP:Key.down
2026-08-14 02:35:54 [INFO] > Sent: DOWN:Key.down
2026-08-14 02:35:54 [INFO] > Sent: DOWN:Key.left
2026-08-14 02:35:54 [INFO] > Sent: UP:Key.down
2026-08-14 02:35:55 [INFO] > Sent: DOWN:Key.up
2026-08-14 02:35:55 [INFO] > Sent: UP:Key.up
2026-08-14 02:35:55 [INFO] > Sent: UP:Key.left
2026-08-14 02:35:55 [INFO] > Sent: DOWN:Key.right
2026-08-14 02:35:55 [INFO] > Sent: UP:Key.right
2026-08-14 02:35:55 [INFO] > Sent: DOWN:Key.right
2026-08-14 02:35:55 [INFO] > Sent: UP:Key.right
2026-08-14 02:35:56 [INFO] > Sent: DOWN:Key.right
2026-08-14 02:35:56 [INFO] > Sent: UP:Key.right
2026-08-14 02:35:56 [INFO] > Sent: DOWN:Key.right
2026-08-14 02:35:56 [INFO] > Sent: UP:Key.right
2026-08-14 02:35:56 [INFO] > Sent: DOWN:Key.right
2026-08-14 02:35:56 [INFO] > Sent: UP:Key.right
2026-08-14 02:35:56 [INFO] > Sent: DOWN:Key.right
2026-08-14 02:35:56 [INFO] > Sent: UP:Key.right
2026-08-14 02:35:56 [INFO] > Sent: DOWN:Key.space
2026-08-14 02:35:56 [INFO] > Sent: UP:Key.space
2026-08-14 02:35:57 [INFO] > Sent: DOWN:Key.down
2026-08-14 02:35:57 [INFO] > Sent: UP:Key.down
2026-08-14 02:35:57 [INFO] > Sent: DOWN:Key.down
2026-08-14 02:35:57 [INFO] > Sent: UP:Key.down
2026-08-14 02:35:57 [INFO] > Sent: DOWN:Key.down
2026-08-14 02:35:57 [INFO] > Sent: UP:Key.down
2026-08-14 02:35:57 [INFO] > Sent: DOWN:Key.down
2026-08-14 02:35:57 [INFO] > Sent: UP:Key.down
2026-08-14 02:35:57 [INFO] > Sent: DOWN:Key.down
2026-08-14 02:35:57 [INFO] > Sent: UP:Key.down
2026-08-14 02:35:58 [INFO] > Sent: DOWN:Key.up
2026-08-14 02:35:58 [INFO] > Sent: UP:Key.up
2026-08-14 02:35:58 [INFO] > Sent: DOWN:Key.left
2026-08-14 02:35:58 [INFO] > Sent: UP:Key.left
2026-08-14 02:35:58 [INFO] > Sent: DOWN:Key.space
2026-08-14 02:35:58 [INFO] > Sent: UP:Key.space
2026-08-14 02:35:58 [INFO] > Sent: DOWN:Key.down
2026-08-14 02:35:58 [INFO] > Sent: UP:Key.down
2026-08-14 02:35:58 [INFO] > Sent: DOWN:Key.down
2026-08-14 02:35:58 [INFO] > Sent: UP:Key.down
2026-08-14 02:35:59 [INFO] > Sent: DOWN:Key.down
2026-08-14 02:35:59 [INFO] > Sent: UP:Key.down
2026-08-14 02:35:59 [INFO] > Sent: DOWN:Key.down
2026-08-14 02:35:59 [INFO] > Sent: UP:Key.down
2026-08-14 02:35:59 [INFO] > Sent: DOWN:Key.right
2026-08-14 02:35:59 [INFO] > Sent: UP:Key.right
2026-08-14 02:35:59 [INFO] > Sent: DOWN:Key.right
2026-08-14 02:35:59 [INFO] > Sent: DOWN:Key.up
2026-08-14 02:35:59 [INFO] > Sent: UP:Key.right
2026-08-14 02:35:59 [INFO] > Sent: UP:Key.up
2026-08-14 02:35:59 [INFO] > Sent: DOWN:Key.left
2026-08-14 02:35:59 [INFO] > Sent: UP:Key.left
2026-08-14 02:36:00 [INFO] > Sent: DOWN:Key.space
2026-08-14 02:36:00 [INFO] > Sent: UP:Key.space
2026-08-14 02:36:00 [INFO] > Sent: DOWN:Key.down
2026-08-14 02:36:00 [INFO] > Sent: UP:Key.down
2026-08-14 02:36:00 [INFO] > Sent: DOWN:Key.down
2026-08-14 02:36:00 [INFO] > Sent: UP:Key.down
2026-08-14 02:36:00 [INFO] > Sent: DOWN:Key.down
2026-08-14 02:36:00 [INFO] > Sent: UP:Key.down
2026-08-14 02:36:00 [INFO] > Sent: DOWN:Key.down
2026-08-14 02:36:00 [INFO] > Sent: UP:Key.down
2026-08-14 02:36:00 [INFO] > Sent: DOWN:Key.right
2026-08-14 02:36:00 [INFO] > Sent: UP:Key.right
2026-08-14 02:36:01 [INFO] > Sent: DOWN:Key.left
2026-08-14 02:36:01 [INFO] > Sent: UP:Key.left
2026-08-14 02:36:01 [INFO] > Sent: DOWN:Key.left
2026-08-14 02:36:01 [INFO] > Sent: UP:Key.left
2026-08-14 02:36:01 [INFO] > Sent: DOWN:Key.left
2026-08-14 02:36:01 [INFO] > Sent: UP:Key.left
2026-08-14 02:36:01 [INFO] > Sent: DOWN:Key.left
2026-08-14 02:36:01 [INFO] > Sent: UP:Key.left
2026-08-14 02:36:01 [INFO] > Sent: DOWN:Key.space
2026-08-14 02:36:01 [INFO] > Sent: UP:Key.space
2026-08-14 02:36:01 [INFO] > Sent: DOWN:Key.down
2026-08-14 02:36:01 [INFO] > Sent: UP:Key.down
2026-08-14 02:36:02 [INFO] > Sent: DOWN:Key.down
2026-08-14 02:36:02 [INFO] > Sent: UP:Key.down
2026-08-14 02:36:02 [INFO] > Sent: DOWN:Key.down
2026-08-14 02:36:02 [INFO] > Sent: UP:Key.down
2026-08-14 02:36:02 [INFO] > Sent: DOWN:Key.down
2026-08-14 02:36:02 [INFO] > Sent: UP:Key.down
2026-08-14 02:36:02 [INFO] > Sent: DOWN:Key.down
2026-08-14 02:36:02 [INFO] > Sent: UP:Key.down
2026-08-14 02:36:02 [INFO] > Sent: DOWN:Key.left
2026-08-14 02:36:02 [INFO] > Sent: DOWN:Key.up
2026-08-14 02:36:02 [INFO] > Sent: UP:Key.left
2026-08-14 02:36:02 [INFO] > Sent: UP:Key.up
2026-08-14 02:36:03 [INFO] > Sent: DOWN:Key.space
2026-08-14 02:36:03 [INFO] > Sent: UP:Key.space
2026-08-14 02:36:03 [INFO] > Sent: DOWN:Key.down
2026-08-14 02:36:03 [INFO] > Sent: UP:Key.down
2026-08-14 02:36:03 [INFO] > Sent: DOWN:Key.down
2026-08-14 02:36:03 [INFO] > Sent: UP:Key.down
2026-08-14 02:36:03 [INFO] > Sent: DOWN:Key.down
2026-08-14 02:36:03 [INFO] > Sent: UP:Key.down
2026-08-14 02:36:03 [INFO] > Sent: DOWN:Key.down
2026-08-14 02:36:03 [INFO] > Sent: UP:Key.down
2026-08-14 02:36:03 [INFO] > Sent: DOWN:Key.left
2026-08-14 02:36:04 [INFO] > Sent: UP:Key.left
2026-08-14 02:36:04 [INFO] > Sent: DOWN:Key.left
2026-08-14 02:36:04 [INFO] > Sent: UP:Key.left
2026-08-14 02:36:04 [INFO] > Sent: DOWN:Key.left
2026-08-14 02:36:04 [INFO] > Sent: UP:Key.left
2026-08-14 02:36:04 [INFO] > Sent: DOWN:Key.up
2026-08-14 02:36:04 [INFO] > Sent: UP:Key.up
2026-08-14 02:36:05 [INFO] > Sent: DOWN:Key.space
2026-08-14 02:36:05 [INFO] > Sent: UP:Key.space
2026-08-14 02:36:05 [INFO] > Sent: DOWN:Key.down
2026-08-14 02:36:05 [INFO] > Sent: UP:Key.down
2026-08-14 02:36:05 [INFO] > Sent: DOWN:Key.down
2026-08-14 02:36:05 [INFO] > Sent: UP:Key.down
2026-08-14 02:36:06 [INFO] > Sent: DOWN:Key.down
2026-08-14 02:36:06 [INFO] > Sent: UP:Key.down
2026-08-14 02:36:06 [INFO] > Sent: DOWN:Key.down
2026-08-14 02:36:06 [INFO] > Sent: UP:Key.down
2026-08-14 02:36:06 [INFO] > Sent: DOWN:Key.up
2026-08-14 02:36:06 [INFO] > Sent: UP:Key.up
2026-08-14 02:36:07 [INFO] > Sent: DOWN:Key.right
2026-08-14 02:36:07 [INFO] > Sent: UP:Key.right
2026-08-14 02:36:07 [INFO] > Sent: DOWN:Key.space
2026-08-14 02:36:07 [INFO] > Sent: UP:Key.space
2026-08-14 02:36:07 [INFO] > Sent: DOWN:Key.down
2026-08-14 02:36:07 [INFO] > Sent: UP:Key.down
2026-08-14 02:36:07 [INFO] > Sent: DOWN:Key.down
2026-08-14 02:36:07 [INFO] > Sent: UP:Key.down
2026-08-14 02:36:07 [INFO] > Sent: DOWN:Key.down
2026-08-14 02:36:07 [INFO] > Sent: UP:Key.down
2026-08-14 02:36:07 [INFO] > Sent: DOWN:Key.down
2026-08-14 02:36:08 [INFO] > Sent: UP:Key.down
2026-08-14 02:36:08 [INFO] > Sent: DOWN:Key.left
2026-08-14 02:36:08 [INFO] > Sent: DOWN:Key.down
2026-08-14 02:36:08 [INFO] > Sent: UP:Key.down
2026-08-14 02:36:08 [INFO] > Sent: UP:Key.left
2026-08-14 02:36:08 [INFO] > Sent: DOWN:Key.up
2026-08-14 02:36:08 [INFO] > Sent: UP:Key.up
2026-08-14 02:36:08 [INFO] > Sent: DOWN:Key.space
2026-08-14 02:36:09 [INFO] > Sent: UP:Key.space
2026-08-14 02:36:09 [INFO] > Sent: DOWN:Key.down
2026-08-14 02:36:09 [INFO] > Sent: UP:Key.down
2026-08-14 02:36:09 [INFO] > Sent: DOWN:Key.down
2026-08-14 02:36:09 [INFO] > Sent: UP:Key.down
2026-08-14 02:36:09 [INFO] > Sent: DOWN:Key.down
2026-08-14 02:36:09 [INFO] > Sent: UP:Key.down
2026-08-14 02:36:09 [INFO] > Sent: DOWN:Key.down
2026-08-14 02:36:09 [INFO] > Sent: DOWN:Key.left
2026-08-14 02:36:09 [INFO] > Sent: UP:Key.down
2026-08-14 02:36:09 [INFO] > Sent: UP:Key.left
2026-08-14 02:36:09 [INFO] > Sent: DOWN:Key.up
2026-08-14 02:36:09 [INFO] > Sent: UP:Key.up
2026-08-14 02:36:10 [INFO] > Sent: DOWN:Key.left
2026-08-14 02:36:10 [INFO] > Sent: UP:Key.left
2026-08-14 02:36:10 [INFO] > Sent: DOWN:Key.right
2026-08-14 02:36:10 [INFO] > Sent: UP:Key.right
2026-08-14 02:36:10 [INFO] > Sent: DOWN:Key.up
2026-08-14 02:36:10 [INFO] > Sent: UP:Key.up
2026-08-14 02:36:11 [INFO] > Sent: DOWN:Key.up
2026-08-14 02:36:11 [INFO] > Sent: DOWN:Key.right
2026-08-14 02:36:11 [INFO] > Sent: UP:Key.up
2026-08-14 02:36:11 [INFO] > Sent: UP:Key.right
2026-08-14 02:36:11 [INFO] > Sent: DOWN:Key.right
2026-08-14 02:36:11 [INFO] > Sent: UP:Key.right
2026-08-14 02:36:11 [INFO] > Sent: DOWN:Key.right
2026-08-14 02:36:11 [INFO] > Sent: UP:Key.right
2026-08-14 02:36:11 [INFO] > Sent: DOWN:Key.right
2026-08-14 02:36:11 [INFO] > Sent: UP:Key.right
2026-08-14 02:36:12 [INFO] > Sent: DOWN:Key.space
2026-08-14 02:36:12 [INFO] > Sent: UP:Key.space
2026-08-14 02:36:12 [INFO] > Sent: DOWN:Key.down
2026-08-14 02:36:12 [INFO] > Sent: UP:Key.down
2026-08-14 02:36:12 [INFO] > Sent: DOWN:Key.down
2026-08-14 02:36:12 [INFO] > Sent: UP:Key.down
2026-08-14 02:36:12 [INFO] > Sent: DOWN:Key.down
2026-08-14 02:36:12 [INFO] > Sent: UP:Key.down
2026-08-14 02:36:12 [INFO] > Sent: DOWN:Key.down
2026-08-14 02:36:12 [INFO] > Sent: UP:Key.down
2026-08-14 02:36:12 [INFO] > Sent: DOWN:Key.left
2026-08-14 02:36:12 [INFO] > Sent: UP:Key.left
2026-08-14 02:36:13 [INFO] > Sent: DOWN:Key.up
2026-08-14 02:36:13 [INFO] > Sent: UP:Key.up
2026-08-14 02:36:13 [INFO] > Sent: DOWN:Key.left
2026-08-14 02:36:13 [INFO] > Sent: UP:Key.left
2026-08-14 02:36:13 [INFO] > Sent: DOWN:Key.left
2026-08-14 02:36:13 [INFO] > Sent: UP:Key.left
2026-08-14 02:36:14 [INFO] > Sent: DOWN:Key.left
2026-08-14 02:36:14 [INFO] > Sent: UP:Key.left
2026-08-14 02:36:14 [INFO] > Sent: DOWN:Key.left
2026-08-14 02:36:14 [INFO] > Sent: UP:Key.left
2026-08-14 02:36:14 [INFO] > Sent: DOWN:Key.left
2026-08-14 02:36:14 [INFO] > Sent: UP:Key.left
2026-08-14 02:36:14 [INFO] > Sent: DOWN:Key.space
2026-08-14 02:36:14 [INFO] > Sent: UP:Key.space
2026-08-14 02:36:14 [INFO] > Sent: DOWN:Key.down
2026-08-14 02:36:14 [INFO] > Sent: UP:Key.down
2026-08-14 02:36:15 [INFO] > Sent: DOWN:Key.down
2026-08-14 02:36:15 [INFO] > Sent: UP:Key.down
2026-08-14 02:36:15 [INFO] > Sent: DOWN:Key.down
2026-08-14 02:36:15 [INFO] > Sent: UP:Key.down
2026-08-14 02:36:15 [INFO] > Sent: DOWN:Key.left
2026-08-14 02:36:15 [INFO] > Sent: UP:Key.left
2026-08-14 02:36:15 [INFO] > Sent: DOWN:Key.up
2026-08-14 02:36:15 [INFO] > Sent: UP:Key.up
2026-08-14 02:36:16 [INFO] > Sent: DOWN:Key.up
2026-08-14 02:36:16 [INFO] > Sent: UP:Key.up
2026-08-14 02:36:16 [INFO] > Sent: DOWN:Key.right
2026-08-14 02:36:16 [INFO] > Sent: UP:Key.right
2026-08-14 02:36:16 [INFO] > Sent: DOWN:Key.right
2026-08-14 02:36:16 [INFO] > Sent: UP:Key.right
2026-08-14 02:36:16 [INFO] > Sent: DOWN:Key.space
2026-08-14 02:36:17 [INFO] > Sent: UP:Key.space
2026-08-14 02:36:17 [INFO] > Sent: DOWN:Key.down
2026-08-14 02:36:17 [INFO] > Sent: UP:Key.down
2026-08-14 02:36:17 [INFO] > Sent: DOWN:Key.down
2026-08-14 02:36:17 [INFO] > Sent: UP:Key.down
2026-08-14 02:36:17 [INFO] > Sent: DOWN:Key.down
2026-08-14 02:36:17 [INFO] > Sent: UP:Key.down
2026-08-14 02:36:17 [INFO] > Sent: DOWN:Key.down
2026-08-14 02:36:17 [INFO] > Sent: DOWN:Key.left
2026-08-14 02:36:17 [INFO] > Sent: UP:Key.down
2026-08-14 02:36:17 [INFO] > Sent: UP:Key.left
2026-08-14 02:36:18 [INFO] > Sent: DOWN:Key.up
2026-08-14 02:36:18 [INFO] > Sent: UP:Key.up
2026-08-14 02:36:18 [INFO] > Sent: DOWN:Key.right
2026-08-14 02:36:18 [INFO] > Sent: UP:Key.right
2026-08-14 02:36:18 [INFO] > Sent: DOWN:Key.space
2026-08-14 02:36:18 [INFO] > Sent: UP:Key.space
2026-08-14 02:36:18 [INFO] > Sent: DOWN:Key.down
2026-08-14 02:36:18 [INFO] > Sent: UP:Key.down
2026-08-14 02:36:19 [INFO] > Sent: DOWN:Key.down
2026-08-14 02:36:19 [INFO] > Sent: UP:Key.down
2026-08-14 02:36:19 [INFO] > Sent: DOWN:Key.down
2026-08-14 02:36:19 [INFO] > Sent: UP:Key.down
2026-08-14 02:36:19 [INFO] > Sent: DOWN:Key.left
2026-08-14 02:36:19 [INFO] > Sent: DOWN:Key.down
2026-08-14 02:36:19 [INFO] > Sent: UP:Key.down
2026-08-14 02:36:19 [INFO] > Sent: UP:Key.left
2026-08-14 02:36:19 [INFO] > Sent: DOWN:Key.left
2026-08-14 02:36:19 [INFO] > Sent: DOWN:Key.up
2026-08-14 02:36:20 [INFO] > Sent: UP:Key.left
2026-08-14 02:36:20 [INFO] > Sent: UP:Key.up
2026-08-14 02:36:20 [INFO] > Sent: DOWN:Key.up
2026-08-14 02:36:20 [INFO] > Sent: UP:Key.up
2026-08-14 02:36:20 [INFO] > Sent: DOWN:Key.up
2026-08-14 02:36:20 [INFO] > Sent: UP:Key.up
2026-08-14 02:36:20 [INFO] > Sent: DOWN:Key.right
2026-08-14 02:36:20 [INFO] > Sent: UP:Key.right
2026-08-14 02:36:21 [INFO] > Sent: DOWN:Key.space
2026-08-14 02:36:21 [INFO] > Sent: UP:Key.space
2026-08-14 02:36:21 [INFO] > Sent: DOWN:Key.down
2026-08-14 02:36:21 [INFO] > Sent: UP:Key.down
2026-08-14 02:36:21 [INFO] > Sent: DOWN:Key.down
2026-08-14 02:36:21 [INFO] > Sent: UP:Key.down
2026-08-14 02:36:21 [INFO] > Sent: DOWN:Key.left
2026-08-14 02:36:21 [INFO] > Sent: DOWN:Key.down
2026-08-14 02:36:21 [INFO] > Sent: UP:Key.down
2026-08-14 02:36:21 [INFO] > Sent: UP:Key.left
2026-08-14 02:36:22 [INFO] > Sent: DOWN:Key.left
2026-08-14 02:36:22 [INFO] > Sent: UP:Key.left
2026-08-14 02:36:22 [INFO] > Sent: DOWN:Key.left
2026-08-14 02:36:22 [INFO] > Sent: UP:Key.left
2026-08-14 02:36:22 [INFO] > Sent: DOWN:Key.left
2026-08-14 02:36:22 [INFO] > Sent: UP:Key.left
2026-08-14 02:36:22 [INFO] > Sent: DOWN:Key.left
2026-08-14 02:36:22 [INFO] > Sent: UP:Key.left
2026-08-14 02:36:22 [INFO] > Sent: DOWN:Key.space
2026-08-14 02:36:23 [INFO] > Sent: UP:Key.space
2026-08-14 02:36:23 [INFO] > Sent: DOWN:Key.down
2026-08-14 02:36:23 [INFO] > Sent: UP:Key.down
2026-08-14 02:36:23 [INFO] > Sent: DOWN:Key.down
2026-08-14 02:36:23 [INFO] > Sent: UP:Key.down
2026-08-14 02:36:23 [INFO] > Sent: DOWN:Key.down
2026-08-14 02:36:23 [INFO] > Sent: UP:Key.down
2026-08-14 02:36:23 [INFO] > Sent: DOWN:Key.left
2026-08-14 02:36:23 [INFO] > Sent: UP:Key.left
2026-08-14 02:36:24 [INFO] > Sent: DOWN:Key.up
2026-08-14 02:36:24 [INFO] > Sent: UP:Key.up
2026-08-14 02:36:24 [INFO] > Sent: DOWN:Key.up
2026-08-14 02:36:24 [INFO] > Sent: UP:Key.up
2026-08-14 02:36:24 [INFO] > Sent: DOWN:Key.up
2026-08-14 02:36:24 [INFO] > Sent: UP:Key.up
2026-08-14 02:36:24 [INFO] > Sent: DOWN:Key.space
2026-08-14 02:36:24 [INFO] > Sent: UP:Key.space
2026-08-14 02:36:25 [INFO] > Sent: DOWN:Key.down
2026-08-14 02:36:25 [INFO] > Sent: UP:Key.down
2026-08-14 02:36:25 [INFO] > Sent: DOWN:Key.down
2026-08-14 02:36:25 [INFO] > Sent: DOWN:Key.left
2026-08-14 02:36:25 [INFO] > Sent: UP:Key.down
2026-08-14 02:36:25 [INFO] > Sent: UP:Key.left
2026-08-14 02:36:25 [INFO] > Sent: DOWN:Key.down
2026-08-14 02:36:25 [INFO] > Sent: UP:Key.down
2026-08-14 02:36:25 [INFO] > Sent: DOWN:Key.up
2026-08-14 02:36:25 [INFO] > Sent: UP:Key.up
2026-08-14 02:36:25 [INFO] > Sent: DOWN:Key.left
2026-08-14 02:36:26 [INFO] > Sent: UP:Key.left
2026-08-14 02:36:26 [INFO] > Sent: DOWN:Key.left
2026-08-14 02:36:26 [INFO] > Sent: UP:Key.left
2026-08-14 02:36:26 [INFO] > Sent: DOWN:Key.space
2026-08-14 02:36:26 [INFO] > Sent: UP:Key.space
2026-08-14 02:36:26 [INFO] > Sent: DOWN:Key.down
2026-08-14 02:36:26 [INFO] > Sent: UP:Key.down
2026-08-14 02:36:26 [INFO] > Sent: DOWN:Key.down
2026-08-14 02:36:27 [INFO] > Sent: UP:Key.down
2026-08-14 02:36:27 [INFO] > Sent: DOWN:Key.down
2026-08-14 02:36:27 [INFO] > Sent: UP:Key.down
2026-08-14 02:36:27 [INFO] > Sent: DOWN:Key.left
2026-08-14 02:36:27 [INFO] > Sent: UP:Key.left
2026-08-14 02:36:29 [INFO] > Sent: DOWN:Key.up
2026-08-14 02:36:29 [INFO] > Sent: UP:Key.up
2026-08-14 02:36:29 [INFO] > Sent: DOWN:Key.left
2026-08-14 02:36:29 [INFO] > Sent: UP:Key.left
2026-08-14 02:36:29 [INFO] > Sent: DOWN:Key.up
2026-08-14 02:36:29 [INFO] > Sent: UP:Key.up
2026-08-14 02:36:30 [INFO] > Sent: DOWN:Key.up
2026-08-14 02:36:30 [INFO] > Sent: UP:Key.up
2026-08-14 02:36:30 [INFO] > Sent: DOWN:Key.space
2026-08-14 02:36:30 [INFO] > Sent: UP:Key.space
2026-08-14 02:36:31 [INFO] > Sent: DOWN:Key.down
2026-08-14 02:36:31 [INFO] > Sent: UP:Key.down
2026-08-14 02:36:32 [INFO] > Sent: DOWN:Key.right
2026-08-14 02:36:32 [INFO] > Sent: UP:Key.right
2026-08-14 02:36:32 [INFO] > Sent: DOWN:Key.right
2026-08-14 02:36:32 [INFO] > Sent: UP:Key.right
2026-08-14 02:36:32 [INFO] > Sent: DOWN:Key.right
2026-08-14 02:36:33 [INFO] > Sent: DOWN:Key.up
2026-08-14 02:36:33 [INFO] > Sent: UP:Key.up
2026-08-14 02:36:33 [INFO] > Sent: UP:Key.right
2026-08-14 02:36:34 [INFO] > Sent: DOWN:Key.space
2026-08-14 02:36:34 [INFO] > Sent: UP:Key.space
2026-08-14 02:36:37 [INFO] > Sent: DOWN:Key.left
2026-08-14 02:36:38 [INFO] > Sent: DOWN:Key.left
2026-08-14 02:36:38 [INFO] > Sent: DOWN:Key.left
2026-08-14 02:36:38 [INFO] > Sent: DOWN:Key.left
2026-08-14 02:36:38 [INFO] > Sent: DOWN:Key.left
2026-08-14 02:36:38 [INFO] > Sent: DOWN:Key.left
2026-08-14 02:36:38 [INFO] > Sent: DOWN:Key.left
2026-08-14 02:36:38 [INFO] > Sent: DOWN:Key.left
2026-08-14 02:36:38 [INFO] > Sent: DOWN:Key.left
2026-08-14 02:36:38 [INFO] > Sent: DOWN:Key.left
2026-08-14 02:36:38 [INFO] > Sent: DOWN:Key.left
2026-08-14 02:36:38 [INFO] > Sent: DOWN:Key.left
2026-08-14 02:36:38 [INFO] > Sent: DOWN:Key.left
2026-08-14 02:36:38 [INFO] > Sent: DOWN:Key.left
2026-08-14 02:36:38 [INFO] > Sent: DOWN:Key.left
2026-08-14 02:36:38 [INFO] > Sent: DOWN:Key.left
2026-08-14 02:36:38 [INFO] > Sent: DOWN:Key.left
2026-08-14 02:36:38 [INFO] > Sent: DOWN:Key.left
2026-08-14 02:36:38 [INFO] > Sent: DOWN:Key.left
2026-08-14 02:36:38 [INFO] > Sent: DOWN:Key.left
2026-08-14 02:36:38 [INFO] > Sent: DOWN:Key.up
2026-08-14 02:36:38 [INFO] > Sent: UP:Key.up
2026-08-14 02:36:39 [INFO] > Sent: UP:Key.left
2026-08-14 02:36:39 [INFO] > Sent: DOWN:Key.space
2026-08-14 02:36:39 [INFO] > Sent: UP:Key.space
2026-08-14 02:36:41 [INFO] > Sent: DOWN:Key.down
2026-08-14 02:36:41 [INFO] > Sent: UP:Key.down
2026-08-14 02:36:41 [INFO] > Sent: DOWN:Key.left
2026-08-14 02:36:42 [INFO] > Sent: DOWN:Key.left
2026-08-14 02:36:42 [INFO] > Sent: DOWN:Key.left
2026-08-14 02:36:42 [INFO] > Sent: DOWN:Key.left
2026-08-14 02:36:42 [INFO] > Sent: DOWN:Key.left
2026-08-14 02:36:42 [INFO] > Sent: DOWN:Key.left
2026-08-14 02:36:42 [INFO] > Sent: DOWN:Key.left
2026-08-14 02:36:42 [INFO] > Sent: DOWN:Key.left
2026-08-14 02:36:42 [INFO] > Sent: DOWN:Key.left
2026-08-14 02:36:42 [INFO] > Sent: DOWN:Key.up
2026-08-14 02:36:42 [INFO] > Sent: UP:Key.up
2026-08-14 02:36:42 [INFO] > Sent: UP:Key.left
2026-08-14 02:36:43 [INFO] > Sent: DOWN:Key.space
2026-08-14 02:36:43 [INFO] > Sent: UP:Key.space
2026-08-14 02:36:44 [INFO] > Sent: DOWN:Key.down
2026-08-14 02:36:44 [INFO] > Sent: UP:Key.down
2026-08-14 02:36:44 [INFO] > Sent: DOWN:Key.right
2026-08-14 02:36:44 [INFO] > Sent: UP:Key.right
2026-08-14 02:36:45 [INFO] > Sent: DOWN:Key.down
2026-08-14 02:36:45 [INFO] > Sent: UP:Key.down
2026-08-14 02:36:45 [INFO] > Sent: DOWN:Key.right
2026-08-14 02:36:45 [INFO] > Sent: UP:Key.right
2026-08-14 02:36:45 [INFO] > Sent: DOWN:Key.up
2026-08-14 02:36:46 [INFO] > Sent: UP:Key.up
2026-08-14 02:36:46 [INFO] > Sent: DOWN:Key.right
2026-08-14 02:36:46 [INFO] > Sent: UP:Key.right
2026-08-14 02:36:46 [INFO] > Sent: DOWN:Key.right
2026-08-14 02:36:46 [INFO] > Sent: UP:Key.right
2026-08-14 02:36:46 [INFO] > Sent: DOWN:Key.right
2026-08-14 02:36:46 [INFO] > Sent: UP:Key.right
2026-08-14 02:36:46 [INFO] > Sent: DOWN:Key.right
2026-08-14 02:36:47 [INFO] > Sent: UP:Key.right
2026-08-14 02:36:47 [INFO] > Sent: DOWN:Key.right
2026-08-14 02:36:47 [INFO] > Sent: UP:Key.right
2026-08-14 02:36:47 [INFO] > Sent: DOWN:Key.right
2026-08-14 02:36:48 [INFO] > Sent: DOWN:Key.right
2026-08-14 02:36:48 [INFO] > Sent: UP:Key.right
2026-08-14 02:36:48 [INFO] > Sent: DOWN:Key.right
2026-08-14 02:36:48 [INFO] > Sent: UP:Key.right
2026-08-14 02:36:48 [INFO] > Sent: DOWN:Key.right
2026-08-14 02:36:48 [INFO] > Sent: UP:Key.right
2026-08-14 02:36:48 [INFO] > Sent: DOWN:Key.right
2026-08-14 02:36:48 [INFO] > Sent: UP:Key.right
2026-08-14 02:36:48 [INFO] > Sent: DOWN:Key.down
2026-08-14 02:36:48 [INFO] > Sent: UP:Key.down
2026-08-14 02:36:48 [INFO] > Sent: DOWN:Key.right
2026-08-14 02:36:49 [INFO] > Sent: DOWN:Key.up
2026-08-14 02:36:49 [INFO] > Sent: UP:Key.up
2026-08-14 02:36:49 [INFO] > Sent: UP:Key.right
2026-08-14 02:36:49 [INFO] > Sent: DOWN:Key.space
2026-08-14 02:36:49 [INFO] > Sent: UP:Key.space
2026-08-14 02:36:50 [INFO] > Sent: DOWN:Key.right
2026-08-14 02:36:51 [INFO] > Sent: UP:Key.right
2026-08-14 02:36:51 [INFO] > Sent: DOWN:Key.right
2026-08-14 02:36:51 [INFO] > Sent: UP:Key.right
2026-08-14 02:36:51 [INFO] > Sent: DOWN:Key.right
2026-08-14 02:36:51 [INFO] > Sent: UP:Key.right
2026-08-14 02:36:51 [INFO] > Sent: DOWN:Key.right
2026-08-14 02:36:51 [INFO] > Sent: UP:Key.right
2026-08-14 02:36:52 [INFO] > Sent: DOWN:Key.left
2026-08-14 02:36:52 [INFO] > Sent: UP:Key.left
2026-08-14 02:36:52 [INFO] > Sent: DOWN:Key.left
2026-08-14 02:36:52 [INFO] > Sent: UP:Key.left
2026-08-14 02:36:52 [INFO] > Sent: DOWN:Key.left
2026-08-14 02:36:52 [INFO] > Sent: UP:Key.left
2026-08-14 02:36:52 [INFO] > Sent: DOWN:Key.left
2026-08-14 02:36:52 [INFO] > Sent: UP:Key.left
2026-08-14 02:36:52 [INFO] > Sent: DOWN:Key.left
2026-08-14 02:36:52 [INFO] > Sent: UP:Key.left
2026-08-14 02:36:52 [INFO] > Sent: DOWN:Key.left
2026-08-14 02:36:53 [INFO] > Sent: UP:Key.left
2026-08-14 02:36:53 [INFO] > Sent: DOWN:Key.left
2026-08-14 02:36:53 [INFO] > Sent: UP:Key.left
2026-08-14 02:36:53 [INFO] > Sent: DOWN:Key.down
2026-08-14 02:36:53 [INFO] > Sent: UP:Key.down
2026-08-14 02:36:53 [INFO] > Sent: DOWN:Key.left
2026-08-14 02:36:54 [INFO] > Sent: DOWN:Key.down
2026-08-14 02:36:54 [INFO] > Sent: UP:Key.down
2026-08-14 02:36:54 [INFO] > Sent: UP:Key.left
2026-08-14 02:36:54 [INFO] > Sent: DOWN:Key.left
2026-08-14 02:36:54 [INFO] > Sent: UP:Key.left
2026-08-14 02:36:54 [INFO] > Sent: DOWN:Key.left
2026-08-14 02:36:54 [INFO] > Sent: DOWN:Key.down
2026-08-14 02:36:54 [INFO] > Sent: UP:Key.left
2026-08-14 02:36:54 [INFO] > Sent: UP:Key.down
2026-08-14 02:36:55 [INFO] > Sent: DOWN:Key.down
2026-08-14 02:36:55 [INFO] > Sent: UP:Key.down
2026-08-14 02:36:55 [INFO] > Sent: DOWN:Key.left
2026-08-14 02:36:55 [INFO] > Sent: DOWN:Key.up
2026-08-14 02:36:55 [INFO] > Sent: UP:Key.up
2026-08-14 02:36:55 [INFO] > Sent: UP:Key.left
2026-08-14 02:36:56 [INFO] > Sent: DOWN:Key.space
2026-08-14 02:36:56 [INFO] > Sent: UP:Key.space
2026-08-14 02:36:58 [INFO] > Sent: DOWN:Key.left
2026-08-14 02:36:58 [INFO] > Sent: UP:Key.left
2026-08-14 02:36:58 [INFO] > Sent: DOWN:Key.left
2026-08-14 02:36:58 [INFO] > Sent: UP:Key.left
2026-08-14 02:36:59 [INFO] > Sent: DOWN:Key.left
2026-08-14 02:36:59 [INFO] > Sent: UP:Key.left
2026-08-14 02:37:00 [INFO] > Sent: DOWN:Key.right
2026-08-14 02:37:00 [INFO] > Sent: UP:Key.right
2026-08-14 02:37:00 [INFO] > Sent: DOWN:Key.space
2026-08-14 02:37:00 [INFO] > Sent: UP:Key.space
2026-08-14 02:37:01 [INFO] > Sent: DOWN:Key.right
2026-08-14 02:37:01 [INFO] > Sent: UP:Key.right
2026-08-14 02:37:01 [INFO] > Sent: DOWN:Key.right
2026-08-14 02:37:01 [INFO] > Sent: UP:Key.right
2026-08-14 02:37:01 [INFO] > Sent: DOWN:Key.right
2026-08-14 02:37:01 [INFO] > Sent: UP:Key.right
2026-08-14 02:37:01 [INFO] > Sent: DOWN:Key.right
2026-08-14 02:37:01 [INFO] > Sent: UP:Key.right
2026-08-14 02:37:01 [INFO] > Sent: DOWN:Key.right
2026-08-14 02:37:01 [INFO] > Sent: UP:Key.right
2026-08-14 02:37:01 [INFO] > Sent: DOWN:Key.right
2026-08-14 02:37:01 [INFO] > Sent: UP:Key.right
2026-08-14 02:37:01 [INFO] > Sent: DOWN:Key.right
2026-08-14 02:37:01 [INFO] > Sent: UP:Key.right
2026-08-14 02:37:02 [INFO] > Sent: DOWN:Key.right
2026-08-14 02:37:02 [INFO] > Sent: UP:Key.right
2026-08-14 02:37:02 [INFO] > Sent: DOWN:Key.right
2026-08-14 02:37:02 [INFO] > Sent: UP:Key.right
2026-08-14 02:37:02 [INFO] > Sent: DOWN:Key.right
2026-08-14 02:37:02 [INFO] > Sent: UP:Key.right
2026-08-14 02:37:02 [INFO] > Sent: DOWN:Key.right
2026-08-14 02:37:02 [INFO] > Sent: UP:Key.right
2026-08-14 02:37:02 [INFO] > Sent: DOWN:Key.right
2026-08-14 02:37:02 [INFO] > Sent: UP:Key.right
2026-08-14 02:37:02 [INFO] > Sent: DOWN:Key.right
2026-08-14 02:37:02 [INFO] > Sent: UP:Key.right
2026-08-14 02:37:02 [INFO] > Sent: DOWN:Key.right
2026-08-14 02:37:02 [INFO] > Sent: UP:Key.right
2026-08-14 02:37:02 [INFO] > Sent: DOWN:Key.right
2026-08-14 02:37:03 [INFO] > Sent: UP:Key.right
2026-08-14 02:37:03 [INFO] > Sent: DOWN:Key.right
2026-08-14 02:37:03 [INFO] > Sent: UP:Key.right
2026-08-14 02:37:03 [INFO] > Sent: DOWN:Key.right
2026-08-14 02:37:03 [INFO] > Sent: UP:Key.right
2026-08-14 02:37:03 [INFO] > Sent: DOWN:Key.right
2026-08-14 02:37:03 [INFO] > Sent: UP:Key.right
2026-08-14 02:37:03 [INFO] > Sent: DOWN:Key.right
2026-08-14 02:37:03 [INFO] > Sent: UP:Key.right
2026-08-14 02:37:03 [INFO] > Sent: DOWN:Key.right
2026-08-14 02:37:03 [INFO] > Sent: UP:Key.right
2026-08-14 02:37:03 [INFO] > Sent: DOWN:Key.right
2026-08-14 02:37:03 [INFO] < ESP32: Tried to set bit after end of bitset
2026-08-14 02:37:03 [INFO] < ESP32: 
2026-08-14 02:37:03 [INFO] < ESP32: abort() was called at PC 0x400ebbeb on core 1
2026-08-14 02:37:03 [INFO] < ESP32: 
2026-08-14 02:37:03 [INFO] < ESP32: 
2026-08-14 02:37:03 [INFO] < ESP32: Backtrace: 0x4008775c:0x3ffb1ee0 0x40087721:0x3ffb1f00 0x4008d499:0x3ffb1f20 0x400ebbeb:0x3ffb1fa0 0x400ebc20:0x3ffb1fc0 0x400ebcff:0x3ffb1fe0 0x400d1943:0x3ffb2000 0x400d1ded:0x3ffb2020 0x400d2a1a:0x3ffb2040 0x400d31d5:0x3ffb20a0 0x400d3669:0x3ffb20e0 0x400da950:0x3ffb2130 0x400882d1:0x3ffb2150
2026-08-14 02:37:03 [INFO] < ESP32: 
2026-08-14 02:37:03 [INFO] < ESP32: 
2026-08-14 02:37:03 [INFO] < ESP32: 
2026-08-14 02:37:03 [INFO] < ESP32: 
2026-08-14 02:37:03 [INFO] < ESP32: ELF file SHA256: 653716727
2026-08-14 02:37:03 [INFO] < ESP32: 
2026-08-14 02:37:04 [INFO] > Sent: UP:Key.right
2026-08-14 02:37:04 [INFO] > Sent: DOWN:Key.right
2026-08-14 02:37:04 [INFO] < ESP32: Rebooting...
2026-08-14 02:37:04 [INFO] < ESP32: ets Jul 29 2019 12:21:46
2026-08-14 02:37:04 [INFO] < ESP32: 
2026-08-14 02:37:04 [INFO] < ESP32: rst:0xc (SW_CPU_RESET),boot:0x13 (SPI_FAST_FLASH_BOOT)
2026-08-14 02:37:04 [INFO] < ESP32: configsip: 0, SPIWP:0xee
2026-08-14 02:37:04 [INFO] < ESP32: clk_drv:0x00,q_drv:0x00,d_drv:0x00,cs0_drv:0x00,hd_drv:0x00,wp_drv:0x00
2026-08-14 02:37:04 [INFO] < ESP32: mode:DIO, clock div:1
2026-08-14 02:37:04 [INFO] < ESP32: load:0x3fff0030,len:4876
2026-08-14 02:37:04 [INFO] < ESP32: ho 0 tail 12 room 4
2026-08-14 02:37:04 [INFO] < ESP32: load:0x40078000,len:16560
2026-08-14 02:37:04 [INFO] < ESP32: load:0x40080400,len:3500
2026-08-14 02:37:04 [INFO] < ESP32: entry 0x400805b4
2026-08-14 02:37:04 [INFO] < ESP32: ESP32 ready. Waiting for key events...
2026-08-14 02:37:04 [INFO] > Sent: UP:Key.right
2026-08-14 02:37:05 [INFO] > Sent: DOWN:Key.down
2026-08-14 02:37:05 [INFO] > Sent: UP:Key.down
2026-08-14 02:37:05 [INFO] > Sent: DOWN:Key.down
2026-08-14 02:37:05 [INFO] > Sent: UP:Key.down
2026-08-14 02:37:05 [INFO] > Sent: DOWN:Key.down
2026-08-14 02:37:05 [INFO] > Sent: UP:Key.down
2026-08-14 02:37:05 [INFO] > Sent: DOWN:Key.down
2026-08-14 02:37:06 [INFO] > Sent: DOWN:Key.down
2026-08-14 02:37:06 [INFO] > Sent: DOWN:Key.down
2026-08-14 02:37:06 [INFO] > Sent: DOWN:Key.down
2026-08-14 02:37:06 [INFO] > Sent: DOWN:Key.down
2026-08-14 02:37:06 [INFO] > Sent: UP:Key.down
2026-08-14 02:37:06 [INFO] > Sent: DOWN:Key.left
2026-08-14 02:37:06 [INFO] > Sent: DOWN:Key.up
2026-08-14 02:37:06 [INFO] > Sent: UP:Key.up
2026-08-14 02:37:07 [INFO] > Sent: UP:Key.left
2026-08-14 02:37:07 [INFO] > Sent: DOWN:Key.space
2026-08-14 02:37:07 [INFO] > Sent: UP:Key.space
2026-08-14 02:37:07 [INFO] > Sent: DOWN:Key.down
2026-08-14 02:37:07 [INFO] > Sent: UP:Key.down
2026-08-14 02:37:07 [INFO] > Sent: DOWN:Key.down
2026-08-14 02:37:07 [INFO] > Sent: UP:Key.down
2026-08-14 02:37:08 [INFO] > Sent: DOWN:Key.down
2026-08-14 02:37:08 [INFO] > Sent: DOWN:Key.left
2026-08-14 02:37:08 [INFO] > Sent: UP:Key.down
2026-08-14 02:37:08 [INFO] > Sent: UP:Key.left
2026-08-14 02:37:08 [INFO] > Sent: DOWN:Key.left
2026-08-14 02:37:08 [INFO] > Sent: UP:Key.left
2026-08-14 02:37:08 [INFO] > Sent: DOWN:Key.down
2026-08-14 02:37:09 [INFO] > Sent: DOWN:Key.down
2026-08-14 02:37:09 [INFO] > Sent: DOWN:Key.down
2026-08-14 02:37:09 [INFO] > Sent: DOWN:Key.down
2026-08-14 02:37:09 [INFO] > Sent: DOWN:Key.down
2026-08-14 02:37:09 [INFO] > Sent: DOWN:Key.down
2026-08-14 02:37:09 [INFO] > Sent: DOWN:Key.down
2026-08-14 02:37:09 [INFO] > Sent: DOWN:Key.down
2026-08-14 02:37:09 [INFO] > Sent: DOWN:Key.down
2026-08-14 02:37:09 [INFO] > Sent: DOWN:Key.down
2026-08-14 02:37:09 [INFO] > Sent: DOWN:Key.down
2026-08-14 02:37:09 [INFO] > Sent: DOWN:Key.down
2026-08-14 02:37:09 [INFO] > Sent: DOWN:Key.down
2026-08-14 02:37:09 [INFO] > Sent: DOWN:Key.down
2026-08-14 02:37:09 [INFO] > Sent: DOWN:Key.down
2026-08-14 02:37:09 [INFO] > Sent: DOWN:Key.down
2026-08-14 02:37:09 [INFO] > Sent: DOWN:Key.down
2026-08-14 02:37:09 [INFO] > Sent: DOWN:Key.down
2026-08-14 02:37:09 [INFO] > Sent: DOWN:Key.down
2026-08-14 02:37:10 [INFO] > Sent: DOWN:Key.down
2026-08-14 02:37:10 [INFO] > Sent: DOWN:Key.down
2026-08-14 02:37:10 [INFO] > Sent: DOWN:Key.down
2026-08-14 02:37:10 [INFO] > Sent: DOWN:Key.down
2026-08-14 02:37:10 [INFO] > Sent: DOWN:Key.down
2026-08-14 02:37:10 [INFO] > Sent: DOWN:Key.down
2026-08-14 02:37:10 [INFO] > Sent: DOWN:Key.down
2026-08-14 02:37:10 [INFO] > Sent: DOWN:Key.down
2026-08-14 02:37:10 [INFO] > Sent: DOWN:Key.down
2026-08-14 02:37:10 [INFO] > Sent: DOWN:Key.down
2026-08-14 02:37:10 [INFO] > Sent: DOWN:Key.down
2026-08-14 02:37:10 [INFO] > Sent: DOWN:Key.down
2026-08-14 02:37:10 [INFO] > Sent: DOWN:Key.down
2026-08-14 02:37:10 [INFO] > Sent: DOWN:Key.down
2026-08-14 02:37:10 [INFO] > Sent: DOWN:Key.down
2026-08-14 02:37:10 [INFO] > Sent: DOWN:Key.down
2026-08-14 02:37:10 [INFO] > Sent: DOWN:Key.down
2026-08-14 02:37:10 [INFO] > Sent: DOWN:Key.down
2026-08-14 02:37:10 [INFO] > Sent: DOWN:Key.down
2026-08-14 02:37:10 [INFO] > Sent: DOWN:Key.down
2026-08-14 02:37:10 [INFO] > Sent: DOWN:Key.down
2026-08-14 02:37:10 [INFO] > Sent: DOWN:Key.down
2026-08-14 02:37:10 [INFO] > Sent: DOWN:Key.down
2026-08-14 02:37:10 [INFO] > Sent: DOWN:Key.down
2026-08-14 02:37:10 [INFO] > Sent: DOWN:Key.down
2026-08-14 02:37:10 [INFO] > Sent: DOWN:Key.down
2026-08-14 02:37:10 [INFO] > Sent: DOWN:Key.down
2026-08-14 02:37:10 [INFO] > Sent: DOWN:Key.down
2026-08-14 02:37:10 [INFO] > Sent: DOWN:Key.down
2026-08-14 02:37:11 [INFO] > Sent: DOWN:Key.down
2026-08-14 02:37:11 [INFO] > Sent: DOWN:Key.down
2026-08-14 02:37:11 [INFO] > Sent: DOWN:Key.down
2026-08-14 02:37:11 [INFO] > Sent: DOWN:Key.down
2026-08-14 02:37:11 [INFO] > Sent: DOWN:Key.down
2026-08-14 02:37:11 [INFO] > Sent: DOWN:Key.down
2026-08-14 02:37:11 [INFO] > Sent: DOWN:Key.down
2026-08-14 02:37:11 [INFO] > Sent: DOWN:Key.down
2026-08-14 02:37:11 [INFO] > Sent: DOWN:Key.down
2026-08-14 02:37:11 [INFO] > Sent: DOWN:Key.down
2026-08-14 02:37:11 [INFO] > Sent: DOWN:Key.down
2026-08-14 02:37:11 [INFO] > Sent: DOWN:Key.down
2026-08-14 02:37:11 [INFO] > Sent: DOWN:Key.down
2026-08-14 02:37:11 [INFO] > Sent: DOWN:Key.down
2026-08-14 02:37:11 [INFO] > Sent: DOWN:Key.down
2026-08-14 02:37:11 [INFO] > Sent: DOWN:Key.down
2026-08-14 02:37:11 [INFO] > Sent: DOWN:Key.down
2026-08-14 02:37:11 [INFO] > Sent: DOWN:Key.down
2026-08-14 02:37:11 [INFO] > Sent: DOWN:Key.down
2026-08-14 02:37:11 [INFO] > Sent: DOWN:Key.down
2026-08-14 02:37:11 [INFO] > Sent: DOWN:Key.down
2026-08-14 02:37:11 [INFO] > Sent: DOWN:Key.down
2026-08-14 02:37:11 [INFO] > Sent: DOWN:Key.down
2026-08-14 02:37:11 [INFO] > Sent: DOWN:Key.down
2026-08-14 02:37:11 [INFO] > Sent: DOWN:Key.down
2026-08-14 02:37:11 [INFO] > Sent: DOWN:Key.down
2026-08-14 02:37:11 [INFO] > Sent: DOWN:Key.down
2026-08-14 02:37:11 [INFO] > Sent: DOWN:Key.down
2026-08-14 02:37:11 [INFO] > Sent: DOWN:Key.down
2026-08-14 02:37:11 [INFO] > Sent: DOWN:Key.down
2026-08-14 02:37:11 [INFO] > Sent: DOWN:Key.down
2026-08-14 02:37:11 [INFO] > Sent: DOWN:Key.down
2026-08-14 02:37:11 [INFO] > Sent: DOWN:Key.down
2026-08-14 02:37:12 [INFO] > Sent: DOWN:Key.left
2026-08-14 02:37:12 [INFO] > Sent: DOWN:Key.left
2026-08-14 02:37:12 [INFO] > Sent: DOWN:Key.left
2026-08-14 02:37:12 [INFO] > Sent: DOWN:Key.left
2026-08-14 02:37:12 [INFO] > Sent: DOWN:Key.left
2026-08-14 02:37:12 [INFO] > Sent: DOWN:Key.left
2026-08-14 02:37:12 [INFO] > Sent: DOWN:Key.left
2026-08-14 02:37:12 [INFO] > Sent: DOWN:Key.left
2026-08-14 02:37:12 [INFO] > Sent: DOWN:Key.left
2026-08-14 02:37:12 [INFO] > Sent: DOWN:Key.left
2026-08-14 02:37:12 [INFO] > Sent: DOWN:Key.left
2026-08-14 02:37:12 [INFO] > Sent: DOWN:Key.left
2026-08-14 02:37:12 [INFO] > Sent: DOWN:Key.left
2026-08-14 02:37:12 [INFO] > Sent: DOWN:Key.left
2026-08-14 02:37:12 [INFO] > Sent: DOWN:Key.left
2026-08-14 02:37:12 [INFO] > Sent: DOWN:Key.left
2026-08-14 02:37:12 [INFO] > Sent: DOWN:Key.left
2026-08-14 02:37:13 [INFO] > Sent: DOWN:Key.left
2026-08-14 02:37:13 [INFO] > Sent: DOWN:Key.left
2026-08-14 02:37:13 [INFO] > Sent: DOWN:Key.left
2026-08-14 02:37:13 [INFO] > Sent: DOWN:Key.left
2026-08-14 02:37:13 [INFO] > Sent: DOWN:Key.left
2026-08-14 02:37:13 [INFO] > Sent: DOWN:Key.left
2026-08-14 02:37:13 [INFO] > Sent: DOWN:Key.left
2026-08-14 02:37:13 [INFO] > Sent: DOWN:Key.left
2026-08-14 02:37:13 [INFO] > Sent: DOWN:Key.left
2026-08-14 02:37:13 [INFO] > Sent: DOWN:Key.left
2026-08-14 02:37:13 [INFO] > Sent: DOWN:Key.left
2026-08-14 02:37:13 [INFO] > Sent: DOWN:Key.left
2026-08-14 02:37:13 [INFO] > Sent: DOWN:Key.left
2026-08-14 02:37:13 [INFO] > Sent: DOWN:Key.left
2026-08-14 02:37:13 [INFO] > Sent: DOWN:Key.left
2026-08-14 02:37:13 [INFO] > Sent: DOWN:Key.left
2026-08-14 02:37:13 [INFO] > Sent: DOWN:Key.left
2026-08-14 02:37:13 [INFO] > Sent: DOWN:Key.left
2026-08-14 02:37:13 [INFO] > Sent: DOWN:Key.left
2026-08-14 02:37:13 [INFO] > Sent: DOWN:Key.left
2026-08-14 02:37:13 [INFO] > Sent: DOWN:Key.left
2026-08-14 02:37:13 [INFO] > Sent: DOWN:Key.left
2026-08-14 02:37:13 [INFO] > Sent: DOWN:Key.left
2026-08-14 02:37:13 [INFO] > Sent: DOWN:Key.left
2026-08-14 02:37:13 [INFO] > Sent: DOWN:Key.left
2026-08-14 02:37:13 [INFO] > Sent: UP:Key.left
2026-08-14 02:37:14 [INFO] > Sent: DOWN:Key.right
2026-08-14 02:37:14 [INFO] > Sent: UP:Key.right
2026-08-14 02:37:15 [INFO] > Sent: DOWN:Key.right
2026-08-14 02:37:15 [INFO] > Sent: UP:Key.right
2026-08-14 02:37:15 [INFO] > Sent: DOWN:Key.right
2026-08-14 02:37:15 [INFO] > Sent: UP:Key.right
2026-08-14 02:37:17 [INFO] > Sent: UP:Key.down
2026-08-14 02:37:17 [INFO] > Sent: DOWN:Key.down
2026-08-14 02:37:17 [INFO] > Sent: UP:Key.down
2026-08-14 02:37:17 [INFO] > Sent: DOWN:Key.down
2026-08-14 02:37:17 [INFO] > Sent: UP:Key.down
2026-08-14 02:37:18 [INFO] > Sent: DOWN:Key.left
2026-08-14 02:37:18 [INFO] > Sent: DOWN:Key.right
2026-08-14 02:37:18 [INFO] > Sent: UP:Key.left
2026-08-14 02:37:18 [INFO] > Sent: UP:Key.right
2026-08-14 02:37:18 [INFO] > Sent: DOWN:Key.left
2026-08-14 02:37:18 [INFO] > Sent: UP:Key.left
2026-08-14 02:37:19 [INFO] > Sent: DOWN:Key.right
2026-08-14 02:37:19 [INFO] > Sent: UP:Key.right
2026-08-14 02:37:19 [INFO] > Sent: DOWN:Key.left
2026-08-14 02:37:19 [INFO] > Sent: UP:Key.left
2026-08-14 02:37:19 [INFO] > Sent: DOWN:Key.right
2026-08-14 02:37:19 [INFO] > Sent: UP:Key.right
2026-08-14 02:37:19 [INFO] > Sent: DOWN:Key.left
2026-08-14 02:37:19 [INFO] > Sent: UP:Key.left
2026-08-14 02:37:19 [INFO] > Sent: DOWN:Key.right
2026-08-14 02:37:19 [INFO] > Sent: UP:Key.right
2026-08-14 02:37:19 [INFO] > Sent: DOWN:Key.left
2026-08-14 02:37:19 [INFO] > Sent: UP:Key.left
2026-08-14 02:37:19 [INFO] > Sent: DOWN:Key.right
2026-08-14 02:37:19 [INFO] > Sent: UP:Key.right
2026-08-14 02:37:19 [INFO] > Sent: DOWN:Key.left
2026-08-14 02:37:19 [INFO] > Sent: UP:Key.left
2026-08-14 02:37:19 [INFO] > Sent: DOWN:Key.right
2026-08-14 02:37:19 [INFO] > Sent: UP:Key.right
2026-08-14 02:37:19 [INFO] > Sent: DOWN:Key.left
2026-08-14 02:37:19 [INFO] > Sent: UP:Key.left
2026-08-14 02:37:19 [INFO] > Sent: DOWN:Key.right
2026-08-14 02:37:19 [INFO] > Sent: UP:Key.right
2026-08-14 02:37:19 [INFO] > Sent: DOWN:Key.left
2026-08-14 02:37:19 [INFO] > Sent: UP:Key.left
2026-08-14 02:37:19 [INFO] > Sent: DOWN:Key.right
2026-08-14 02:37:19 [INFO] > Sent: UP:Key.right
2026-08-14 02:37:20 [INFO] > Sent: DOWN:Key.down
2026-08-14 02:37:21 [INFO] > Sent: UP:Key.down
2026-08-14 02:37:21 [INFO] > Sent: DOWN:Key.down
2026-08-14 02:37:21 [INFO] > Sent: UP:Key.down
2026-08-14 02:37:21 [INFO] > Sent: DOWN:Key.down
2026-08-14 02:37:21 [INFO] > Sent: UP:Key.down
2026-08-14 02:37:21 [INFO] > Sent: DOWN:Key.up
2026-08-14 02:37:21 [INFO] > Sent: UP:Key.up
2026-08-14 02:37:21 [INFO] > Sent: DOWN:Key.right
2026-08-14 02:37:22 [INFO] > Sent: UP:Key.right
2026-08-14 02:37:22 [INFO] > Sent: DOWN:Key.right
2026-08-14 02:37:22 [INFO] > Sent: UP:Key.right
2026-08-14 02:37:22 [INFO] > Sent: DOWN:Key.right
2026-08-14 02:37:22 [INFO] > Sent: UP:Key.right
2026-08-14 02:37:22 [INFO] > Sent: DOWN:Key.space
2026-08-14 02:37:22 [INFO] > Sent: UP:Key.space
2026-08-14 02:37:23 [INFO] > Sent: DOWN:Key.down
2026-08-14 02:37:23 [INFO] > Sent: UP:Key.down
2026-08-14 02:37:23 [INFO] > Sent: DOWN:Key.down
2026-08-14 02:37:23 [INFO] > Sent: UP:Key.down
2026-08-14 02:37:23 [INFO] > Sent: DOWN:Key.down
2026-08-14 02:37:23 [INFO] > Sent: UP:Key.down
2026-08-14 02:37:23 [INFO] > Sent: DOWN:Key.down
2026-08-14 02:37:23 [INFO] > Sent: UP:Key.down
2026-08-14 02:37:23 [INFO] > Sent: DOWN:Key.right
2026-08-14 02:37:23 [INFO] > Sent: UP:Key.right
2026-08-14 02:37:24 [INFO] > Sent: DOWN:Key.left
2026-08-14 02:37:24 [INFO] > Sent: DOWN:Key.left
2026-08-14 02:37:24 [INFO] > Sent: DOWN:Key.left
2026-08-14 02:37:24 [INFO] > Sent: DOWN:Key.left
2026-08-14 02:37:24 [INFO] > Sent: DOWN:Key.left
2026-08-14 02:37:24 [INFO] > Sent: DOWN:Key.up
2026-08-14 02:37:24 [INFO] > Sent: UP:Key.up
2026-08-14 02:37:25 [INFO] > Sent: UP:Key.left
2026-08-14 02:37:25 [INFO] > Sent: DOWN:Key.space
2026-08-14 02:37:25 [INFO] > Sent: UP:Key.space
2026-08-14 02:37:26 [INFO] > Sent: DOWN:Key.down
2026-08-14 02:37:26 [INFO] > Sent: UP:Key.down
2026-08-14 02:37:27 [INFO] > Sent: DOWN:Key.down
2026-08-14 02:37:27 [INFO] > Sent: UP:Key.down
2026-08-14 02:37:27 [INFO] > Sent: DOWN:Key.left
2026-08-14 02:37:27 [INFO] > Sent: DOWN:Key.up
2026-08-14 02:37:27 [INFO] > Sent: UP:Key.up
2026-08-14 02:37:27 [INFO] > Sent: UP:Key.left
2026-08-14 02:37:28 [INFO] > Sent: DOWN:Key.right
2026-08-14 02:37:28 [INFO] > Sent: UP:Key.right
2026-08-14 02:37:29 [INFO] > Sent: DOWN:Key.space
2026-08-14 02:37:29 [INFO] > Sent: UP:Key.space
2026-08-14 02:37:29 [INFO] > Sent: DOWN:Key.down
2026-08-14 02:37:30 [INFO] > Sent: UP:Key.down
2026-08-14 02:37:30 [INFO] > Sent: DOWN:Key.down
2026-08-14 02:37:30 [INFO] > Sent: UP:Key.down
2026-08-14 02:37:30 [INFO] > Sent: DOWN:Key.down
2026-08-14 02:37:30 [INFO] > Sent: UP:Key.down
2026-08-14 02:37:30 [INFO] > Sent: DOWN:Key.down
2026-08-14 02:37:30 [INFO] > Sent: UP:Key.down
2026-08-14 02:37:30 [INFO] > Sent: DOWN:Key.left
2026-08-14 02:37:30 [INFO] > Sent: UP:Key.left
2026-08-14 02:37:31 [INFO] > Sent: DOWN:Key.up
2026-08-14 02:37:31 [INFO] > Sent: UP:Key.up
2026-08-14 02:37:31 [INFO] > Sent: DOWN:Key.right
2026-08-14 02:37:31 [INFO] > Sent: DOWN:Key.up
2026-08-14 02:37:31 [INFO] > Sent: UP:Key.right
2026-08-14 02:37:31 [INFO] > Sent: UP:Key.up
2026-08-14 02:37:32 [INFO] > Sent: DOWN:Key.up
2026-08-14 02:37:32 [INFO] > Sent: UP:Key.up
2026-08-14 02:37:32 [INFO] > Sent: DOWN:Key.up
2026-08-14 02:37:32 [INFO] > Sent: UP:Key.up
2026-08-14 02:37:33 [INFO] > Sent: DOWN:Key.right
2026-08-14 02:37:33 [INFO] > Sent: UP:Key.right
2026-08-14 02:37:33 [INFO] > Sent: DOWN:Key.space
2026-08-14 02:37:33 [INFO] > Sent: UP:Key.space
2026-08-14 02:37:34 [INFO] > Sent: DOWN:Key.down
2026-08-14 02:37:34 [INFO] > Sent: UP:Key.down
2026-08-14 02:37:34 [INFO] > Sent: DOWN:Key.down
2026-08-14 02:37:34 [INFO] > Sent: UP:Key.down
2026-08-14 02:37:34 [INFO] > Sent: DOWN:Key.down
2026-08-14 02:37:34 [INFO] > Sent: UP:Key.down
2026-08-14 02:37:34 [INFO] > Sent: DOWN:Key.down
2026-08-14 02:37:34 [INFO] > Sent: UP:Key.down
2026-08-14 02:37:34 [INFO] > Sent: DOWN:Key.down
2026-08-14 02:37:34 [INFO] > Sent: UP:Key.down
2026-08-14 02:37:34 [INFO] > Sent: DOWN:Key.down
2026-08-14 02:37:35 [INFO] > Sent: UP:Key.down
2026-08-14 02:37:35 [INFO] > Sent: DOWN:Key.right
2026-08-14 02:37:35 [INFO] > Sent: DOWN:Key.up
2026-08-14 02:37:35 [INFO] > Sent: UP:Key.up
2026-08-14 02:37:35 [INFO] > Sent: UP:Key.right
2026-08-14 02:37:36 [INFO] > Sent: DOWN:Key.left
2026-08-14 02:37:36 [INFO] > Sent: UP:Key.left
2026-08-14 02:37:37 [INFO] > Sent: DOWN:Key.space
2026-08-14 02:37:37 [INFO] > Sent: UP:Key.space
2026-08-14 02:37:37 [INFO] > Sent: DOWN:Key.down
2026-08-14 02:37:37 [INFO] > Sent: UP:Key.down
2026-08-14 02:37:37 [INFO] > Sent: DOWN:Key.down
2026-08-14 02:37:37 [INFO] > Sent: UP:Key.down
2026-08-14 02:37:37 [INFO] > Sent: DOWN:Key.down
2026-08-14 02:37:37 [INFO] > Sent: UP:Key.down
2026-08-14 02:37:37 [INFO] > Sent: DOWN:Key.down
2026-08-14 02:37:38 [INFO] > Sent: UP:Key.down
2026-08-14 02:37:38 [INFO] > Sent: DOWN:Key.right
2026-08-14 02:37:38 [INFO] > Sent: UP:Key.right
2026-08-14 02:37:38 [INFO] > Sent: DOWN:Key.space
2026-08-14 02:37:39 [INFO] > Sent: UP:Key.space
2026-08-14 02:37:39 [INFO] > Sent: DOWN:Key.down
2026-08-14 02:37:39 [INFO] > Sent: UP:Key.down
2026-08-14 02:37:39 [INFO] > Sent: DOWN:Key.down
2026-08-14 02:37:39 [INFO] > Sent: UP:Key.down
2026-08-14 02:37:39 [INFO] > Sent: DOWN:Key.down
2026-08-14 02:37:39 [INFO] > Sent: UP:Key.down
2026-08-14 02:37:39 [INFO] > Sent: DOWN:Key.down
2026-08-14 02:37:39 [INFO] > Sent: UP:Key.down
2026-08-14 02:37:40 [INFO] > Sent: DOWN:Key.up
2026-08-14 02:37:40 [INFO] > Sent: UP:Key.up
2026-08-14 02:37:40 [INFO] > Sent: DOWN:Key.left
2026-08-14 02:37:41 [INFO] > Sent: DOWN:Key.left
2026-08-14 02:37:41 [INFO] > Sent: DOWN:Key.left
2026-08-14 02:37:41 [INFO] > Sent: DOWN:Key.left
2026-08-14 02:37:41 [INFO] > Sent: DOWN:Key.left
2026-08-14 02:37:41 [INFO] > Sent: DOWN:Key.left
2026-08-14 02:37:41 [INFO] > Sent: DOWN:Key.left
2026-08-14 02:37:41 [INFO] > Sent: DOWN:Key.left
2026-08-14 02:37:41 [INFO] > Sent: DOWN:Key.left
2026-08-14 02:37:41 [INFO] > Sent: DOWN:Key.left
2026-08-14 02:37:41 [INFO] > Sent: DOWN:Key.left
2026-08-14 02:37:41 [INFO] > Sent: DOWN:Key.left
2026-08-14 02:37:41 [INFO] > Sent: DOWN:Key.left
2026-08-14 02:37:41 [INFO] > Sent: DOWN:Key.left
2026-08-14 02:37:41 [INFO] > Sent: DOWN:Key.left
2026-08-14 02:37:41 [INFO] > Sent: DOWN:Key.left
2026-08-14 02:37:41 [INFO] > Sent: DOWN:Key.left
2026-08-14 02:37:41 [INFO] > Sent: DOWN:Key.left
2026-08-14 02:37:41 [INFO] > Sent: UP:Key.left
2026-08-14 02:37:41 [INFO] > Sent: DOWN:Key.space
2026-08-14 02:37:42 [INFO] > Sent: UP:Key.space
2026-08-14 02:37:42 [INFO] > Sent: DOWN:Key.down
2026-08-14 02:37:42 [INFO] > Sent: UP:Key.down
2026-08-14 02:37:42 [INFO] > Sent: DOWN:Key.down
2026-08-14 02:37:42 [INFO] > Sent: UP:Key.down
2026-08-14 02:37:42 [INFO] > Sent: DOWN:Key.down
2026-08-14 02:37:42 [INFO] > Sent: UP:Key.down
2026-08-14 02:37:42 [INFO] > Sent: DOWN:Key.down
2026-08-14 02:37:42 [INFO] > Sent: UP:Key.down
2026-08-14 02:37:43 [INFO] > Sent: DOWN:Key.up
2026-08-14 02:37:43 [INFO] > Sent: UP:Key.up
2026-08-14 02:37:44 [INFO] > Sent: DOWN:Key.up
2026-08-14 02:37:44 [INFO] > Sent: UP:Key.up
2026-08-14 02:37:44 [INFO] > Sent: DOWN:Key.up
2026-08-14 02:37:44 [INFO] > Sent: UP:Key.up
2026-08-14 02:37:44 [INFO] > Sent: DOWN:Key.up
2026-08-14 02:37:44 [INFO] > Sent: UP:Key.up
2026-08-14 02:37:45 [INFO] > Sent: DOWN:Key.up
2026-08-14 02:37:45 [INFO] > Sent: UP:Key.up
2026-08-14 02:37:45 [INFO] > Sent: DOWN:Key.left
2026-08-14 02:37:45 [INFO] > Sent: UP:Key.left
2026-08-14 02:37:45 [INFO] > Sent: DOWN:Key.space
2026-08-14 02:37:45 [INFO] > Sent: UP:Key.space
2026-08-14 02:37:45 [INFO] > Sent: DOWN:Key.down
2026-08-14 02:37:45 [INFO] > Sent: UP:Key.down
2026-08-14 02:37:46 [INFO] > Sent: DOWN:Key.down
2026-08-14 02:37:46 [INFO] > Sent: UP:Key.down
2026-08-14 02:37:46 [INFO] > Sent: DOWN:Key.down
2026-08-14 02:37:46 [INFO] > Sent: UP:Key.down
2026-08-14 02:37:46 [INFO] > Sent: DOWN:Key.down
2026-08-14 02:37:46 [INFO] > Sent: UP:Key.down
2026-08-14 02:37:46 [INFO] > Sent: DOWN:Key.right
2026-08-14 02:37:46 [INFO] > Sent: UP:Key.right
2026-08-14 02:37:46 [INFO] > Sent: DOWN:Key.up
2026-08-14 02:37:46 [INFO] > Sent: UP:Key.up
2026-08-14 02:37:47 [INFO] > Sent: DOWN:Key.up
2026-08-14 02:37:47 [INFO] > Sent: UP:Key.up
2026-08-14 02:37:47 [INFO] > Sent: DOWN:Key.up
2026-08-14 02:37:47 [INFO] > Sent: UP:Key.up
2026-08-14 02:37:47 [INFO] > Sent: DOWN:Key.right
2026-08-14 02:37:47 [INFO] > Sent: UP:Key.right
2026-08-14 02:37:48 [INFO] > Sent: DOWN:Key.space
2026-08-14 02:37:48 [INFO] > Sent: UP:Key.space
2026-08-14 02:37:48 [INFO] > Sent: DOWN:Key.down
2026-08-14 02:37:48 [INFO] > Sent: UP:Key.down
2026-08-14 02:37:48 [INFO] > Sent: DOWN:Key.down
2026-08-14 02:37:49 [INFO] > Sent: UP:Key.down
2026-08-14 02:37:49 [INFO] > Sent: DOWN:Key.down
2026-08-14 02:37:49 [INFO] > Sent: UP:Key.down
2026-08-14 02:37:49 [INFO] > Sent: DOWN:Key.down
2026-08-14 02:37:49 [INFO] > Sent: UP:Key.down
2026-08-14 02:37:49 [INFO] > Sent: DOWN:Key.down
2026-08-14 02:37:49 [INFO] > Sent: UP:Key.down
2026-08-14 02:37:49 [INFO] > Sent: DOWN:Key.right
2026-08-14 02:37:49 [INFO] > Sent: DOWN:Key.up
2026-08-14 02:37:49 [INFO] > Sent: UP:Key.up
2026-08-14 02:37:49 [INFO] > Sent: UP:Key.right
2026-08-14 02:37:50 [INFO] > Sent: DOWN:Key.left
2026-08-14 02:37:50 [INFO] > Sent: UP:Key.left
2026-08-14 02:37:50 [INFO] > Sent: DOWN:Key.left
2026-08-14 02:37:50 [INFO] > Sent: UP:Key.left
2026-08-14 02:37:50 [INFO] > Sent: DOWN:Key.space
2026-08-14 02:37:51 [INFO] > Sent: UP:Key.space
2026-08-14 02:37:51 [INFO] > Sent: DOWN:Key.down
2026-08-14 02:37:51 [INFO] > Sent: UP:Key.down
2026-08-14 02:37:51 [INFO] > Sent: DOWN:Key.down
2026-08-14 02:37:51 [INFO] > Sent: UP:Key.down
2026-08-14 02:37:51 [INFO] > Sent: DOWN:Key.down
2026-08-14 02:37:51 [INFO] > Sent: UP:Key.down
2026-08-14 02:37:51 [INFO] > Sent: DOWN:Key.down
2026-08-14 02:37:51 [INFO] > Sent: DOWN:Key.right
2026-08-14 02:37:51 [INFO] > Sent: UP:Key.down
2026-08-14 02:37:52 [INFO] > Sent: UP:Key.right
2026-08-14 02:37:52 [INFO] > Sent: DOWN:Key.up
2026-08-14 02:37:52 [INFO] > Sent: UP:Key.up
2026-08-14 02:37:52 [INFO] > Sent: DOWN:Key.up
2026-08-14 02:37:52 [INFO] > Sent: UP:Key.up
2026-08-14 02:37:52 [INFO] > Sent: DOWN:Key.up
2026-08-14 02:37:52 [INFO] > Sent: UP:Key.up
2026-08-14 02:37:52 [INFO] > Sent: DOWN:Key.up
2026-08-14 02:37:53 [INFO] > Sent: UP:Key.up
2026-08-14 02:37:53 [INFO] > Sent: DOWN:Key.up
2026-08-14 02:37:53 [INFO] > Sent: UP:Key.up
2026-08-14 02:37:53 [INFO] > Sent: DOWN:Key.left
2026-08-14 02:37:53 [INFO] > Sent: UP:Key.left
2026-08-14 02:37:53 [INFO] > Sent: DOWN:Key.space
2026-08-14 02:37:53 [INFO] > Sent: UP:Key.space
2026-08-14 02:37:53 [INFO] > Sent: DOWN:Key.down
2026-08-14 02:37:53 [INFO] > Sent: UP:Key.down
2026-08-14 02:37:54 [INFO] > Sent: DOWN:Key.down
2026-08-14 02:37:54 [INFO] > Sent: UP:Key.down
2026-08-14 02:37:54 [INFO] > Sent: DOWN:Key.down
2026-08-14 02:37:54 [INFO] > Sent: UP:Key.down
2026-08-14 02:37:54 [INFO] > Sent: DOWN:Key.right
2026-08-14 02:37:54 [INFO] > Sent: UP:Key.right
2026-08-14 02:37:55 [INFO] > Sent: DOWN:Key.left
2026-08-14 02:37:55 [INFO] > Sent: UP:Key.left
2026-08-14 02:37:55 [INFO] > Sent: DOWN:Key.right
2026-08-14 02:37:56 [INFO] > Sent: DOWN:Key.right
2026-08-14 02:37:56 [INFO] > Sent: DOWN:Key.right
2026-08-14 02:37:56 [INFO] > Sent: DOWN:Key.right
2026-08-14 02:37:56 [INFO] > Sent: DOWN:Key.right
2026-08-14 02:37:56 [INFO] > Sent: DOWN:Key.right
2026-08-14 02:37:56 [INFO] > Sent: DOWN:Key.right
2026-08-14 02:37:56 [INFO] > Sent: DOWN:Key.right
2026-08-14 02:37:56 [INFO] > Sent: DOWN:Key.right
2026-08-14 02:37:56 [INFO] > Sent: DOWN:Key.right
2026-08-14 02:37:56 [INFO] > Sent: DOWN:Key.right
2026-08-14 02:37:56 [INFO] > Sent: DOWN:Key.right
2026-08-14 02:37:56 [INFO] > Sent: DOWN:Key.right
2026-08-14 02:37:56 [INFO] > Sent: DOWN:Key.right
2026-08-14 02:37:56 [INFO] > Sent: DOWN:Key.right
2026-08-14 02:37:56 [INFO] > Sent: DOWN:Key.right
2026-08-14 02:37:56 [INFO] > Sent: DOWN:Key.right
2026-08-14 02:37:56 [INFO] > Sent: UP:Key.right
2026-08-14 02:37:56 [INFO] > Sent: DOWN:Key.space
2026-08-14 02:37:56 [INFO] > Sent: UP:Key.space
2026-08-14 02:37:57 [INFO] > Sent: DOWN:Key.down
2026-08-14 02:37:57 [INFO] > Sent: UP:Key.down
2026-08-14 02:37:57 [INFO] > Sent: DOWN:Key.down
2026-08-14 02:37:57 [INFO] > Sent: UP:Key.down
2026-08-14 02:37:57 [INFO] > Sent: DOWN:Key.down
2026-08-14 02:37:57 [INFO] > Sent: DOWN:Key.right
2026-08-14 02:37:57 [INFO] > Sent: UP:Key.down
2026-08-14 02:37:58 [INFO] > Sent: UP:Key.right
2026-08-14 02:37:58 [INFO] > Sent: DOWN:Key.left
2026-08-14 02:37:58 [INFO] > Sent: DOWN:Key.up
2026-08-14 02:37:58 [INFO] > Sent: UP:Key.left
2026-08-14 02:37:58 [INFO] > Sent: UP:Key.up
2026-08-14 02:37:59 [INFO] > Sent: DOWN:Key.space
2026-08-14 02:37:59 [INFO] > Sent: UP:Key.space
2026-08-14 02:37:59 [INFO] > Sent: DOWN:Key.down
2026-08-14 02:37:59 [INFO] > Sent: UP:Key.down
2026-08-14 02:37:59 [INFO] > Sent: DOWN:Key.down
2026-08-14 02:37:59 [INFO] > Sent: UP:Key.down
2026-08-14 02:37:59 [INFO] > Sent: DOWN:Key.down
2026-08-14 02:37:59 [INFO] > Sent: UP:Key.down
2026-08-14 02:38:00 [INFO] > Sent: DOWN:Key.down
2026-08-14 02:38:00 [INFO] > Sent: DOWN:Key.right
2026-08-14 02:38:00 [INFO] > Sent: UP:Key.down
2026-08-14 02:38:00 [INFO] > Sent: UP:Key.right
2026-08-14 02:38:00 [INFO] > Sent: DOWN:Key.left
2026-08-14 02:38:01 [INFO] > Sent: DOWN:Key.up
2026-08-14 02:38:01 [INFO] > Sent: UP:Key.up
2026-08-14 02:38:01 [INFO] > Sent: UP:Key.left
2026-08-14 02:38:01 [INFO] > Sent: DOWN:Key.left
2026-08-14 02:38:02 [INFO] > Sent: UP:Key.left
2026-08-14 02:38:02 [INFO] > Sent: DOWN:Key.space
2026-08-14 02:38:02 [INFO] > Sent: UP:Key.space
2026-08-14 02:38:02 [INFO] > Sent: DOWN:Key.down
2026-08-14 02:38:02 [INFO] > Sent: UP:Key.down
2026-08-14 02:38:02 [INFO] > Sent: DOWN:Key.down
2026-08-14 02:38:02 [INFO] > Sent: UP:Key.down
2026-08-14 02:38:02 [INFO] > Sent: DOWN:Key.down
2026-08-14 02:38:02 [INFO] > Sent: UP:Key.down
2026-08-14 02:38:02 [INFO] > Sent: DOWN:Key.down
2026-08-14 02:38:03 [INFO] > Sent: UP:Key.down
2026-08-14 02:38:03 [INFO] > Sent: DOWN:Key.left
2026-08-14 02:38:03 [INFO] > Sent: UP:Key.left
2026-08-14 02:38:03 [INFO] > Sent: DOWN:Key.left
2026-08-14 02:38:03 [INFO] > Sent: DOWN:Key.up
2026-08-14 02:38:04 [INFO] > Sent: UP:Key.up
2026-08-14 02:38:04 [INFO] > Sent: UP:Key.left
2026-08-14 02:38:04 [INFO] > Sent: DOWN:Key.right
2026-08-14 02:38:04 [INFO] > Sent: UP:Key.right
2026-08-14 02:38:05 [INFO] > Sent: DOWN:Key.right
2026-08-14 02:38:05 [INFO] > Sent: UP:Key.right
2026-08-14 02:38:05 [INFO] > Sent: DOWN:Key.left
2026-08-14 02:38:06 [INFO] > Sent: DOWN:Key.left
2026-08-14 02:38:06 [INFO] > Sent: DOWN:Key.left
2026-08-14 02:38:06 [INFO] > Sent: DOWN:Key.left
2026-08-14 02:38:06 [INFO] > Sent: DOWN:Key.left
2026-08-14 02:38:06 [INFO] > Sent: DOWN:Key.left
2026-08-14 02:38:06 [INFO] > Sent: DOWN:Key.left
2026-08-14 02:38:06 [INFO] > Sent: DOWN:Key.left
2026-08-14 02:38:06 [INFO] > Sent: DOWN:Key.left
2026-08-14 02:38:06 [INFO] > Sent: DOWN:Key.left
2026-08-14 02:38:06 [INFO] > Sent: DOWN:Key.left
2026-08-14 02:38:06 [INFO] > Sent: DOWN:Key.left
2026-08-14 02:38:06 [INFO] > Sent: DOWN:Key.left
2026-08-14 02:38:06 [INFO] > Sent: DOWN:Key.left
2026-08-14 02:38:06 [INFO] > Sent: DOWN:Key.left
2026-08-14 02:38:06 [INFO] > Sent: UP:Key.left
2026-08-14 02:38:06 [INFO] > Sent: DOWN:Key.space
2026-08-14 02:38:06 [INFO] > Sent: UP:Key.space
2026-08-14 02:38:06 [INFO] > Sent: DOWN:Key.down
2026-08-14 02:38:07 [INFO] > Sent: UP:Key.down
2026-08-14 02:38:07 [INFO] > Sent: DOWN:Key.down
2026-08-14 02:38:07 [INFO] > Sent: UP:Key.down
2026-08-14 02:38:07 [INFO] > Sent: DOWN:Key.down
2026-08-14 02:38:07 [INFO] > Sent: UP:Key.down
2026-08-14 02:38:07 [INFO] > Sent: DOWN:Key.down
2026-08-14 02:38:07 [INFO] > Sent: UP:Key.down
2026-08-14 02:38:07 [INFO] > Sent: DOWN:Key.left
2026-08-14 02:38:07 [INFO] > Sent: DOWN:Key.up
2026-08-14 02:38:07 [INFO] > Sent: UP:Key.left
2026-08-14 02:38:08 [INFO] > Sent: UP:Key.up
2026-08-14 02:38:08 [INFO] > Sent: DOWN:Key.left
2026-08-14 02:38:08 [INFO] > Sent: UP:Key.left
2026-08-14 02:38:08 [INFO] > Sent: DOWN:Key.left
2026-08-14 02:38:08 [INFO] > Sent: UP:Key.left
2026-08-14 02:38:08 [INFO] > Sent: DOWN:Key.right
2026-08-14 02:38:08 [INFO] > Sent: UP:Key.right
2026-08-14 02:38:08 [INFO] > Sent: DOWN:Key.space
2026-08-14 02:38:08 [INFO] > Sent: UP:Key.space
2026-08-14 02:38:09 [INFO] > Sent: DOWN:Key.down
2026-08-14 02:38:09 [INFO] > Sent: UP:Key.down
2026-08-14 02:38:09 [INFO] > Sent: DOWN:Key.down
2026-08-14 02:38:09 [INFO] > Sent: UP:Key.down
2026-08-14 02:38:09 [INFO] > Sent: DOWN:Key.down
2026-08-14 02:38:09 [INFO] > Sent: UP:Key.down
2026-08-14 02:38:09 [INFO] > Sent: DOWN:Key.left
2026-08-14 02:38:09 [INFO] > Sent: UP:Key.left
2026-08-14 02:38:09 [INFO] > Sent: DOWN:Key.right
2026-08-14 02:38:10 [INFO] > Sent: DOWN:Key.right
2026-08-14 02:38:10 [INFO] > Sent: DOWN:Key.right
2026-08-14 02:38:10 [INFO] > Sent: DOWN:Key.right
2026-08-14 02:38:10 [INFO] > Sent: DOWN:Key.right
2026-08-14 02:38:10 [INFO] > Sent: DOWN:Key.right
2026-08-14 02:38:10 [INFO] > Sent: DOWN:Key.right
2026-08-14 02:38:10 [INFO] > Sent: DOWN:Key.right
2026-08-14 02:38:10 [INFO] > Sent: DOWN:Key.right
2026-08-14 02:38:10 [INFO] > Sent: DOWN:Key.right
2026-08-14 02:38:10 [INFO] > Sent: DOWN:Key.right
2026-08-14 02:38:10 [INFO] > Sent: DOWN:Key.right
2026-08-14 02:38:10 [INFO] > Sent: DOWN:Key.right
2026-08-14 02:38:10 [INFO] > Sent: UP:Key.right
2026-08-14 02:38:10 [INFO] > Sent: DOWN:Key.space
2026-08-14 02:38:10 [INFO] > Sent: UP:Key.space
2026-08-14 02:38:10 [INFO] > Sent: DOWN:Key.down
2026-08-14 02:38:11 [INFO] > Sent: UP:Key.down
2026-08-14 02:38:11 [INFO] > Sent: DOWN:Key.down
2026-08-14 02:38:11 [INFO] > Sent: UP:Key.down
2026-08-14 02:38:11 [INFO] > Sent: DOWN:Key.down
2026-08-14 02:38:11 [INFO] > Sent: DOWN:Key.right
2026-08-14 02:38:11 [INFO] > Sent: UP:Key.down
2026-08-14 02:38:11 [INFO] > Sent: UP:Key.right
2026-08-14 02:38:12 [INFO] > Sent: DOWN:Key.up
2026-08-14 02:38:12 [INFO] > Sent: UP:Key.up
2026-08-14 02:38:12 [INFO] > Sent: DOWN:Key.space
2026-08-14 02:38:12 [INFO] > Sent: UP:Key.space
2026-08-14 02:38:12 [INFO] > Sent: DOWN:Key.down
2026-08-14 02:38:12 [INFO] > Sent: UP:Key.down
2026-08-14 02:38:12 [INFO] > Sent: DOWN:Key.down
2026-08-14 02:38:12 [INFO] > Sent: UP:Key.down
2026-08-14 02:38:12 [INFO] > Sent: DOWN:Key.down
2026-08-14 02:38:12 [INFO] > Sent: UP:Key.down
2026-08-14 02:38:13 [INFO] > Sent: DOWN:Key.down
2026-08-14 02:38:13 [INFO] > Sent: DOWN:Key.right
2026-08-14 02:38:13 [INFO] > Sent: UP:Key.down
2026-08-14 02:38:13 [INFO] > Sent: UP:Key.right
2026-08-14 02:38:13 [INFO] > Sent: DOWN:Key.left
2026-08-14 02:38:13 [INFO] > Sent: DOWN:Key.up
2026-08-14 02:38:13 [INFO] > Sent: UP:Key.up
2026-08-14 02:38:13 [INFO] > Sent: UP:Key.left
2026-08-14 02:38:14 [INFO] > Sent: DOWN:Key.space
2026-08-14 02:38:14 [INFO] > Sent: UP:Key.space
2026-08-14 02:38:14 [INFO] > Sent: DOWN:Key.down
2026-08-14 02:38:14 [INFO] > Sent: UP:Key.down
2026-08-14 02:38:15 [INFO] > Sent: DOWN:Key.down
2026-08-14 02:38:15 [INFO] > Sent: UP:Key.down
2026-08-14 02:38:15 [INFO] > Sent: DOWN:Key.down
2026-08-14 02:38:15 [INFO] > Sent: UP:Key.down
2026-08-14 02:38:15 [INFO] > Sent: DOWN:Key.down
2026-08-14 02:38:15 [INFO] > Sent: UP:Key.down
2026-08-14 02:38:15 [INFO] > Sent: DOWN:Key.up
2026-08-14 02:38:15 [INFO] > Sent: UP:Key.up
2026-08-14 02:38:16 [INFO] > Sent: DOWN:Key.left
2026-08-14 02:38:16 [INFO] > Sent: UP:Key.left
2026-08-14 02:38:16 [INFO] > Sent: DOWN:Key.right
2026-08-14 02:38:16 [INFO] > Sent: UP:Key.right
2026-08-14 02:38:17 [INFO] > Sent: DOWN:Key.right
2026-08-14 02:38:17 [INFO] > Sent: UP:Key.right
2026-08-14 02:38:17 [INFO] > Sent: DOWN:Key.space
2026-08-14 02:38:17 [INFO] > Sent: UP:Key.space
2026-08-14 02:38:17 [INFO] > Sent: DOWN:Key.down
2026-08-14 02:38:17 [INFO] > Sent: UP:Key.down
2026-08-14 02:38:17 [INFO] > Sent: DOWN:Key.down
2026-08-14 02:38:17 [INFO] > Sent: UP:Key.down
2026-08-14 02:38:17 [INFO] > Sent: DOWN:Key.down
2026-08-14 02:38:17 [INFO] > Sent: UP:Key.down
2026-08-14 02:38:18 [INFO] > Sent: DOWN:Key.down
2026-08-14 02:38:18 [INFO] > Sent: DOWN:Key.right
2026-08-14 02:38:18 [INFO] > Sent: UP:Key.down
2026-08-14 02:38:18 [INFO] > Sent: UP:Key.right
2026-08-14 02:38:18 [INFO] > Sent: DOWN:Key.left
2026-08-14 02:38:18 [INFO] > Sent: UP:Key.left
2026-08-14 02:38:19 [INFO] > Sent: DOWN:Key.right
2026-08-14 02:38:19 [INFO] > Sent: DOWN:Key.up
2026-08-14 02:38:20 [INFO] > Sent: UP:Key.up
2026-08-14 02:38:20 [INFO] > Sent: UP:Key.right
2026-08-14 02:38:20 [INFO] > Sent: DOWN:Key.right
2026-08-14 02:38:20 [INFO] > Sent: DOWN:Key.up
2026-08-14 02:38:20 [INFO] > Sent: UP:Key.right
2026-08-14 02:38:20 [INFO] > Sent: UP:Key.up
2026-08-14 02:38:21 [INFO] > Sent: DOWN:Key.up
2026-08-14 02:38:21 [INFO] > Sent: DOWN:Key.right
2026-08-14 02:38:21 [INFO] > Sent: UP:Key.up
2026-08-14 02:38:21 [INFO] > Sent: UP:Key.right
2026-08-14 02:38:21 [INFO] > Sent: DOWN:Key.space
2026-08-14 02:38:21 [INFO] > Sent: UP:Key.space
2026-08-14 02:38:21 [INFO] > Sent: DOWN:Key.down
2026-08-14 02:38:21 [INFO] > Sent: UP:Key.down
2026-08-14 02:38:21 [INFO] > Sent: DOWN:Key.down
2026-08-14 02:38:21 [INFO] > Sent: UP:Key.down
2026-08-14 02:38:21 [INFO] > Sent: DOWN:Key.down
2026-08-14 02:38:22 [INFO] > Sent: UP:Key.down
2026-08-14 02:38:22 [INFO] > Sent: DOWN:Key.left
2026-08-14 02:38:23 [INFO] > Sent: UP:Key.left
2026-08-14 02:38:23 [INFO] > Sent: DOWN:Key.left
2026-08-14 02:38:23 [INFO] > Sent: UP:Key.left
2026-08-14 02:38:23 [INFO] > Sent: DOWN:Key.left
2026-08-14 02:38:23 [INFO] > Sent: UP:Key.left
2026-08-14 02:38:23 [INFO] > Sent: DOWN:Key.space
2026-08-14 02:38:23 [INFO] > Sent: UP:Key.space
2026-08-14 02:38:23 [INFO] > Sent: DOWN:Key.down
2026-08-14 02:38:24 [INFO] > Sent: UP:Key.down
2026-08-14 02:38:24 [INFO] > Sent: DOWN:Key.down
2026-08-14 02:38:24 [INFO] > Sent: UP:Key.down
2026-08-14 02:38:24 [INFO] > Sent: DOWN:Key.down
2026-08-14 02:38:24 [INFO] > Sent: UP:Key.down
2026-08-14 02:38:25 [INFO] > Sent: DOWN:Key.up
2026-08-14 02:38:25 [INFO] > Sent: UP:Key.up
2026-08-14 02:38:25 [INFO] > Sent: DOWN:Key.space
2026-08-14 02:38:25 [INFO] > Sent: UP:Key.space
2026-08-14 02:38:25 [INFO] > Sent: DOWN:Key.down
2026-08-14 02:38:25 [INFO] > Sent: UP:Key.down
2026-08-14 02:38:25 [INFO] > Sent: DOWN:Key.down
2026-08-14 02:38:26 [INFO] > Sent: UP:Key.down
2026-08-14 02:38:26 [INFO] > Sent: DOWN:Key.down
2026-08-14 02:38:26 [INFO] > Sent: UP:Key.down
2026-08-14 02:38:26 [INFO] > Sent: DOWN:Key.left
2026-08-14 02:38:27 [INFO] > Sent: DOWN:Key.up
2026-08-14 02:38:27 [INFO] > Sent: UP:Key.up
2026-08-14 02:38:27 [INFO] > Sent: UP:Key.left
2026-08-14 02:38:27 [INFO] > Sent: DOWN:Key.space
2026-08-14 02:38:27 [INFO] > Sent: UP:Key.space
2026-08-14 02:38:36 [INFO] > Sent: DOWN:Key.left
2026-08-14 02:38:36 [INFO] > Sent: UP:Key.left
2026-08-14 02:38:36 [INFO] > Sent: DOWN:Key.left
2026-08-14 02:38:36 [INFO] > Sent: UP:Key.left
2026-08-14 02:38:36 [INFO] > Sent: DOWN:Key.left
2026-08-14 02:38:36 [INFO] > Sent: UP:Key.left
2026-08-14 02:38:37 [INFO] > Sent: DOWN:Key.down
2026-08-14 02:38:38 [INFO] > Sent: UP:Key.down
2026-08-14 02:38:38 [INFO] > Sent: DOWN:Key.right
2026-08-14 02:38:38 [INFO] > Sent: UP:Key.right
2026-08-14 02:38:38 [INFO] > Sent: DOWN:Key.space
2026-08-14 02:38:38 [INFO] > Sent: UP:Key.space
2026-08-14 02:38:38 [INFO] > Sent: DOWN:Key.space
2026-08-14 02:38:38 [INFO] > Sent: UP:Key.space
2026-08-14 02:38:39 [INFO] > Sent: DOWN:Key.space
2026-08-14 02:38:39 [INFO] < ESP32: Tried to set bit after end of bitset
2026-08-14 02:38:39 [INFO] < ESP32: 
2026-08-14 02:38:39 [INFO] < ESP32: abort() was called at PC 0x400ebbeb on core 1
2026-08-14 02:38:39 [INFO] < ESP32: 
2026-08-14 02:38:39 [INFO] < ESP32: 
2026-08-14 02:38:39 [INFO] < ESP32: Backtrace: 0x4008775c:0x3ffb1ee0 0x40087721:0x3ffb1f00 0x4008d499:0x3ffb1f20 0x400ebbeb:0x3ffb1fa0 0x400ebc20:0x3ffb1fc0 0x400ebcff:0x3ffb1fe0 0x400d1943:0x3ffb2000 0x400d1ded:0x3ffb2020 0x400d2a1a:0x3ffb2040 0x400d31d5:0x3ffb20a0 0x400d3669:0x3ffb20e0 0x400da950:0x3ffb2130 0x400882d1:0x3ffb2150
2026-08-14 02:38:39 [INFO] > Sent: UP:Key.space
2026-08-14 02:38:39 [INFO] < ESP32: 
2026-08-14 02:38:39 [INFO] < ESP32: 
2026-08-14 02:38:39 [INFO] < ESP32: 
2026-08-14 02:38:39 [INFO] < ESP32: 
2026-08-14 02:38:39 [INFO] < ESP32: ELF file SHA256: 653716727
2026-08-14 02:38:39 [INFO] < ESP32: 
2026-08-14 02:38:39 [INFO] > Sent: DOWN:Key.space
2026-08-14 02:38:39 [INFO] < ESP32: Rebooting...
2026-08-14 02:38:39 [INFO] > Sent: UP:Key.space
2026-08-14 02:38:39 [INFO] < ESP32: ets Jul 29 2019 12:21:46
2026-08-14 02:38:39 [INFO] < ESP32: 
2026-08-14 02:38:39 [INFO] < ESP32: rst:0xc (SW_CPU_RESET),boot:0x13 (SPI_FAST_FLASH_BOOT)
2026-08-14 02:38:39 [INFO] < ESP32: configsip: 0, SPIWP:0xee
2026-08-14 02:38:39 [INFO] < ESP32: clk_drv:0x00,q_drv:0x00,d_drv:0x00,cs0_drv:0x00,hd_drv:0x00,wp_drv:0x00
2026-08-14 02:38:39 [INFO] < ESP32: mode:DIO, clock div:1
2026-08-14 02:38:39 [INFO] < ESP32: load:0x3fff0030,len:4876
2026-08-14 02:38:39 [INFO] < ESP32: ho 0 tail 12 room 4
2026-08-14 02:38:39 [INFO] < ESP32: load:0x40078000,len:16560
2026-08-14 02:38:39 [INFO] < ESP32: load:0x40080400,len:3500
2026-08-14 02:38:39 [INFO] < ESP32: entry 0x400805b4
2026-08-14 02:38:39 [INFO] > Sent: DOWN:Key.space
2026-08-14 02:38:39 [INFO] < ESP32: ESP32 ready. Waiting for key events...
2026-08-14 02:38:39 [INFO] > Sent: UP:Key.space
2026-08-14 02:39:11 [INFO] > Sent: DOWN:Key.space
2026-08-14 02:39:11 [INFO] > Sent: UP:Key.space
2026-08-14 02:39:11 [INFO] > Sent: DOWN:Key.space
2026-08-14 02:39:11 [INFO] > Sent: UP:Key.space
2026-08-14 02:39:11 [INFO] > Sent: DOWN:Key.space
2026-08-14 02:39:11 [INFO] > Sent: UP:Key.space
2026-08-14 02:39:11 [INFO] > Sent: DOWN:Key.space
2026-08-14 02:39:11 [INFO] > Sent: UP:Key.space
2026-08-14 02:39:12 [INFO] > Sent: DOWN:Key.space
2026-08-14 02:39:12 [INFO] > Sent: UP:Key.space
2026-08-14 02:39:12 [INFO] > Sent: DOWN:Key.space
2026-08-14 02:39:12 [INFO] > Sent: UP:Key.space
2026-08-14 02:39:12 [INFO] > Sent: DOWN:Key.space
2026-08-14 02:39:12 [INFO] > Sent: UP:Key.space
2026-08-14 02:39:12 [INFO] > Sent: DOWN:Key.space
2026-08-14 02:39:12 [INFO] > Sent: UP:Key.space
2026-08-14 02:39:12 [INFO] > Sent: DOWN:Key.space
2026-08-14 02:39:12 [INFO] < ESP32: Tried to set bit after end of bitset
2026-08-14 02:39:12 [INFO] < ESP32: 
2026-08-14 02:39:12 [INFO] < ESP32: abort() was called at PC 0x400ebbeb on core 1
2026-08-14 02:39:12 [INFO] < ESP32: 
2026-08-14 02:39:12 [INFO] < ESP32: 
2026-08-14 02:39:12 [INFO] < ESP32: Backtrace: 0x4008775c:0x3ffb1ee0 0x40087721:0x3ffb1f00 0x4008d499:0x3ffb1f20 0x400ebbeb:0x3ffb1fa0 0x400ebc20:0x3ffb1fc0 0x400ebcff:0x3ffb1fe0 0x400d1943:0x3ffb2000 0x400d1ded:0x3ffb2020 0x400d2a1a:0x3ffb2040 0x400d31d5:0x3ffb20a0 0x400d3669:0x3ffb20e0 0x400da950:0x3ffb2130 0x400882d1:0x3ffb2150
2026-08-14 02:39:12 [INFO] > Sent: UP:Key.space
2026-08-14 02:39:12 [INFO] < ESP32: 
2026-08-14 02:39:12 [INFO] < ESP32: 
2026-08-14 02:39:12 [INFO] < ESP32: 
2026-08-14 02:39:12 [INFO] < ESP32: 
2026-08-14 02:39:12 [INFO] < ESP32: ELF file SHA256: 653716727
2026-08-14 02:39:12 [INFO] < ESP32: 
2026-08-14 02:39:12 [INFO] > Sent: DOWN:Key.space
2026-08-14 02:39:12 [INFO] < ESP32: Rebooting...
2026-08-14 02:39:12 [INFO] < ESP32: ets Jul 29 2019 12:21:46
2026-08-14 02:39:12 [INFO] < ESP32: 
2026-08-14 02:39:12 [INFO] < ESP32: rst:0xc (SW_CPU_RESET),boot:0x13 (SPI_FAST_FLASH_BOOT)
2026-08-14 02:39:12 [INFO] < ESP32: configsip: 0, SPIWP:0xee
2026-08-14 02:39:12 [INFO] < ESP32: clk_drv:0x00,q_drv:0x00,d_drv:0x00,cs0_drv:0x00,hd_drv:0x00,wp_drv:0x00
2026-08-14 02:39:12 [INFO] > Sent: UP:Key.space
2026-08-14 02:39:12 [INFO] < ESP32: mode:DIO, clock div:1
2026-08-14 02:39:12 [INFO] < ESP32: load:0x3fff0030,len:4876
2026-08-14 02:39:12 [INFO] < ESP32: ho 0 tail 12 room 4
2026-08-14 02:39:12 [INFO] < ESP32: load:0x40078000,len:16560
2026-08-14 02:39:12 [INFO] < ESP32: load:0x40080400,len:3500
2026-08-14 02:39:12 [INFO] < ESP32: entry 0x400805b4
2026-08-14 02:39:12 [INFO] > Sent: DOWN:Key.space
2026-08-14 02:39:12 [INFO] > Sent: UP:Key.space
2026-08-14 02:39:12 [INFO] < ESP32: ESP32 ready. Waiting for key events...
2026-08-14 02:39:13 [INFO] > Sent: DOWN:Key.down
2026-08-14 02:39:13 [INFO] > Sent: UP:Key.down
2026-08-14 02:39:13 [INFO] > Sent: DOWN:Key.down
2026-08-14 02:39:13 [INFO] > Sent: DOWN:Key.left
2026-08-14 02:39:13 [INFO] > Sent: UP:Key.down
2026-08-14 02:39:13 [INFO] > Sent: UP:Key.left
2026-08-14 02:39:13 [INFO] > Sent: DOWN:Key.left
2026-08-14 02:39:13 [INFO] > Sent: UP:Key.left
2026-08-14 02:39:14 [INFO] > Sent: DOWN:Key.left
2026-08-14 02:39:14 [INFO] > Sent: DOWN:Key.left
2026-08-14 02:39:14 [INFO] > Sent: DOWN:Key.left
2026-08-14 02:39:14 [INFO] > Sent: UP:Key.left
2026-08-14 02:39:15 [INFO] > Sent: DOWN:Key.space
2026-08-14 02:39:15 [INFO] > Sent: UP:Key.space
2026-08-14 02:39:15 [INFO] > Sent: DOWN:Key.down
2026-08-14 02:39:15 [INFO] > Sent: UP:Key.down
2026-08-14 02:39:15 [INFO] > Sent: DOWN:Key.down
2026-08-14 02:39:15 [INFO] > Sent: UP:Key.down
2026-08-14 02:39:15 [INFO] > Sent: DOWN:Key.down
2026-08-14 02:39:15 [INFO] > Sent: UP:Key.down
2026-08-14 02:39:15 [INFO] > Sent: DOWN:Key.down
2026-08-14 02:39:15 [INFO] > Sent: UP:Key.down
2026-08-14 02:39:15 [INFO] > Sent: DOWN:Key.left
2026-08-14 02:39:16 [INFO] > Sent: UP:Key.left
2026-08-14 02:39:16 [INFO] > Sent: DOWN:Key.up
2026-08-14 02:39:16 [INFO] > Sent: UP:Key.up
2026-08-14 02:39:16 [INFO] > Sent: DOWN:Key.left
2026-08-14 02:39:16 [INFO] > Sent: UP:Key.left
2026-08-14 02:39:16 [INFO] > Sent: DOWN:Key.left
2026-08-14 02:39:16 [INFO] > Sent: UP:Key.left
2026-08-14 02:39:17 [INFO] > Sent: DOWN:Key.space
2026-08-14 02:39:17 [INFO] > Sent: UP:Key.space
2026-08-14 02:39:17 [INFO] > Sent: DOWN:Key.down
2026-08-14 02:39:17 [INFO] > Sent: UP:Key.down
2026-08-14 02:39:17 [INFO] > Sent: DOWN:Key.down
2026-08-14 02:39:17 [INFO] > Sent: UP:Key.down
2026-08-14 02:39:17 [INFO] > Sent: DOWN:Key.down
2026-08-14 02:39:17 [INFO] > Sent: DOWN:Key.left
2026-08-14 02:39:17 [INFO] > Sent: UP:Key.down
2026-08-14 02:39:18 [INFO] > Sent: UP:Key.left
2026-08-14 02:39:18 [INFO] > Sent: DOWN:Key.down
2026-08-14 02:39:18 [INFO] > Sent: UP:Key.down
2026-08-14 02:39:18 [INFO] > Sent: DOWN:Key.left
2026-08-14 02:39:18 [INFO] > Sent: DOWN:Key.up
2026-08-14 02:39:18 [INFO] > Sent: UP:Key.up
2026-08-14 02:39:18 [INFO] > Sent: UP:Key.left
2026-08-14 02:39:18 [INFO] > Sent: DOWN:Key.left
2026-08-14 02:39:18 [INFO] > Sent: UP:Key.left
2026-08-14 02:39:18 [INFO] > Sent: DOWN:Key.left
2026-08-14 02:39:19 [INFO] > Sent: UP:Key.left
2026-08-14 02:39:19 [INFO] > Sent: DOWN:Key.space
2026-08-14 02:39:19 [INFO] > Sent: DOWN:Key.down
2026-08-14 02:39:19 [INFO] > Sent: UP:Key.space
2026-08-14 02:39:19 [INFO] > Sent: UP:Key.down
2026-08-14 02:39:19 [INFO] > Sent: DOWN:Key.down
2026-08-14 02:39:19 [INFO] > Sent: UP:Key.down
2026-08-14 02:39:19 [INFO] > Sent: DOWN:Key.down
2026-08-14 02:39:19 [INFO] > Sent: DOWN:Key.left
2026-08-14 02:39:19 [INFO] > Sent: UP:Key.down
2026-08-14 02:39:19 [INFO] > Sent: UP:Key.left
2026-08-14 02:39:19 [INFO] > Sent: DOWN:Key.right
2026-08-14 02:39:20 [INFO] > Sent: UP:Key.right
2026-08-14 02:39:20 [INFO] > Sent: DOWN:Key.right
2026-08-14 02:39:20 [INFO] > Sent: UP:Key.right
2026-08-14 02:39:20 [INFO] > Sent: DOWN:Key.right
2026-08-14 02:39:20 [INFO] > Sent: UP:Key.right
2026-08-14 02:39:20 [INFO] > Sent: DOWN:Key.right
2026-08-14 02:39:20 [INFO] > Sent: UP:Key.right
2026-08-14 02:39:20 [INFO] > Sent: DOWN:Key.right
2026-08-14 02:39:20 [INFO] > Sent: UP:Key.right
2026-08-14 02:39:20 [INFO] > Sent: DOWN:Key.space
2026-08-14 02:39:21 [INFO] > Sent: UP:Key.space
2026-08-14 02:39:21 [INFO] > Sent: DOWN:Key.down
2026-08-14 02:39:21 [INFO] > Sent: UP:Key.down
2026-08-14 02:39:21 [INFO] > Sent: DOWN:Key.down
2026-08-14 02:39:21 [INFO] > Sent: UP:Key.down
2026-08-14 02:39:21 [INFO] > Sent: DOWN:Key.down
2026-08-14 02:39:21 [INFO] > Sent: UP:Key.down
2026-08-14 02:39:21 [INFO] > Sent: DOWN:Key.down
2026-08-14 02:39:21 [INFO] > Sent: UP:Key.down
2026-08-14 02:39:22 [INFO] > Sent: DOWN:Key.right
2026-08-14 02:39:22 [INFO] > Sent: UP:Key.right
2026-08-14 02:39:22 [INFO] > Sent: DOWN:Key.space
2026-08-14 02:39:22 [INFO] > Sent: UP:Key.space
2026-08-14 02:39:22 [INFO] > Sent: DOWN:Key.down
2026-08-14 02:39:22 [INFO] > Sent: UP:Key.down
2026-08-14 02:39:23 [INFO] > Sent: DOWN:Key.down
2026-08-14 02:39:23 [INFO] > Sent: UP:Key.down
2026-08-14 02:39:23 [INFO] > Sent: DOWN:Key.down
2026-08-14 02:39:23 [INFO] > Sent: UP:Key.down
2026-08-14 02:39:23 [INFO] > Sent: DOWN:Key.down
2026-08-14 02:39:23 [INFO] > Sent: UP:Key.down
2026-08-14 02:39:23 [INFO] > Sent: DOWN:Key.down
2026-08-14 02:39:23 [INFO] > Sent: UP:Key.down
2026-08-14 02:39:23 [INFO] > Sent: DOWN:Key.left
2026-08-14 02:39:24 [INFO] > Sent: DOWN:Key.up
2026-08-14 02:39:24 [INFO] > Sent: UP:Key.left
2026-08-14 02:39:24 [INFO] > Sent: UP:Key.up
2026-08-14 02:39:24 [INFO] > Sent: DOWN:Key.right
2026-08-14 02:39:24 [INFO] > Sent: UP:Key.right
2026-08-14 02:39:24 [INFO] > Sent: DOWN:Key.space
2026-08-14 02:39:24 [INFO] > Sent: UP:Key.space
2026-08-14 02:39:25 [INFO] > Sent: DOWN:Key.down
2026-08-14 02:39:25 [INFO] > Sent: UP:Key.down
2026-08-14 02:39:25 [INFO] > Sent: DOWN:Key.down
2026-08-14 02:39:25 [INFO] > Sent: UP:Key.down
2026-08-14 02:39:25 [INFO] > Sent: DOWN:Key.down
2026-08-14 02:39:25 [INFO] > Sent: UP:Key.down
2026-08-14 02:39:25 [INFO] > Sent: DOWN:Key.left
2026-08-14 02:39:25 [INFO] > Sent: UP:Key.left
2026-08-14 02:39:25 [INFO] > Sent: DOWN:Key.up
2026-08-14 02:39:26 [INFO] > Sent: UP:Key.up
2026-08-14 02:39:26 [INFO] > Sent: DOWN:Key.right
2026-08-14 02:39:26 [INFO] > Sent: UP:Key.right
2026-08-14 02:39:27 [INFO] > Sent: DOWN:Key.right
2026-08-14 02:39:27 [INFO] > Sent: DOWN:Key.up
2026-08-14 02:39:27 [INFO] > Sent: UP:Key.up
2026-08-14 02:39:27 [INFO] > Sent: UP:Key.right
2026-08-14 02:39:27 [INFO] > Sent: DOWN:Key.right
2026-08-14 02:39:27 [INFO] > Sent: DOWN:Key.up
2026-08-14 02:39:27 [INFO] > Sent: UP:Key.right
2026-08-14 02:39:27 [INFO] > Sent: UP:Key.up
2026-08-14 02:39:27 [INFO] > Sent: DOWN:Key.right
2026-08-14 02:39:27 [INFO] > Sent: UP:Key.right
2026-08-14 02:39:27 [INFO] > Sent: DOWN:Key.space
2026-08-14 02:39:28 [INFO] > Sent: UP:Key.space
2026-08-14 02:39:28 [INFO] > Sent: DOWN:Key.down
2026-08-14 02:39:28 [INFO] > Sent: UP:Key.down
2026-08-14 02:39:28 [INFO] > Sent: DOWN:Key.down
2026-08-14 02:39:28 [INFO] > Sent: UP:Key.down
2026-08-14 02:39:28 [INFO] > Sent: DOWN:Key.down
2026-08-14 02:39:28 [INFO] > Sent: UP:Key.down
2026-08-14 02:39:28 [INFO] > Sent: DOWN:Key.down
2026-08-14 02:39:28 [INFO] > Sent: DOWN:Key.left
2026-08-14 02:39:28 [INFO] > Sent: UP:Key.down
2026-08-14 02:39:28 [INFO] > Sent: UP:Key.left
2026-08-14 02:39:28 [INFO] > Sent: DOWN:Key.down
2026-08-14 02:39:28 [INFO] > Sent: UP:Key.down
2026-08-14 02:39:29 [INFO] > Sent: DOWN:Key.left
2026-08-14 02:39:29 [INFO] > Sent: UP:Key.left
2026-08-14 02:39:29 [INFO] > Sent: DOWN:Key.up
2026-08-14 02:39:29 [INFO] > Sent: DOWN:Key.left
2026-08-14 02:39:29 [INFO] > Sent: UP:Key.up
2026-08-14 02:39:29 [INFO] > Sent: UP:Key.left
2026-08-14 02:39:30 [INFO] > Sent: DOWN:Key.right
2026-08-14 02:39:30 [INFO] > Sent: UP:Key.right
2026-08-14 02:39:30 [INFO] > Sent: DOWN:Key.space
2026-08-14 02:39:30 [INFO] > Sent: UP:Key.space
2026-08-14 02:39:30 [INFO] > Sent: DOWN:Key.down
2026-08-14 02:39:30 [INFO] > Sent: UP:Key.down
2026-08-14 02:39:30 [INFO] > Sent: DOWN:Key.down
2026-08-14 02:39:30 [INFO] > Sent: UP:Key.down
2026-08-14 02:39:30 [INFO] > Sent: DOWN:Key.down
2026-08-14 02:39:30 [INFO] > Sent: UP:Key.down
2026-08-14 02:39:31 [INFO] > Sent: DOWN:Key.down
2026-08-14 02:39:31 [INFO] > Sent: UP:Key.down
2026-08-14 02:39:31 [INFO] > Sent: DOWN:Key.left
2026-08-14 02:39:31 [INFO] > Sent: UP:Key.left
2026-08-14 02:39:31 [INFO] > Sent: DOWN:Key.up
2026-08-14 02:39:31 [INFO] > Sent: UP:Key.up
2026-08-14 02:39:31 [INFO] > Sent: DOWN:Key.up
2026-08-14 02:39:31 [INFO] > Sent: UP:Key.up
2026-08-14 02:39:31 [INFO] > Sent: DOWN:Key.up
2026-08-14 02:39:32 [INFO] > Sent: DOWN:Key.left
2026-08-14 02:39:32 [INFO] > Sent: UP:Key.up
2026-08-14 02:39:32 [INFO] > Sent: UP:Key.left
2026-08-14 02:39:32 [INFO] > Sent: DOWN:Key.space
2026-08-14 02:39:32 [INFO] > Sent: UP:Key.space
2026-08-14 02:39:32 [INFO] > Sent: DOWN:Key.down
2026-08-14 02:39:32 [INFO] > Sent: UP:Key.down
2026-08-14 02:39:32 [INFO] > Sent: DOWN:Key.down
2026-08-14 02:39:32 [INFO] > Sent: UP:Key.down
2026-08-14 02:39:32 [INFO] > Sent: DOWN:Key.down
2026-08-14 02:39:33 [INFO] > Sent: UP:Key.down
2026-08-14 02:39:33 [INFO] > Sent: DOWN:Key.down
2026-08-14 02:39:33 [INFO] > Sent: UP:Key.down
2026-08-14 02:39:33 [INFO] > Sent: DOWN:Key.right
2026-08-14 02:39:33 [INFO] > Sent: DOWN:Key.up
2026-08-14 02:39:33 [INFO] > Sent: UP:Key.right
2026-08-14 02:39:33 [INFO] > Sent: UP:Key.up
2026-08-14 02:39:33 [INFO] > Sent: DOWN:Key.left
2026-08-14 02:39:33 [INFO] > Sent: UP:Key.left
2026-08-14 02:39:34 [INFO] > Sent: DOWN:Key.right
2026-08-14 02:39:34 [INFO] > Sent: UP:Key.right
2026-08-14 02:39:34 [INFO] > Sent: DOWN:Key.space
2026-08-14 02:39:34 [INFO] > Sent: UP:Key.space
2026-08-14 02:39:35 [INFO] > Sent: DOWN:Key.down
2026-08-14 02:39:35 [INFO] > Sent: UP:Key.down
2026-08-14 02:39:35 [INFO] > Sent: DOWN:Key.down
2026-08-14 02:39:35 [INFO] > Sent: UP:Key.down
2026-08-14 02:39:35 [INFO] > Sent: DOWN:Key.down
2026-08-14 02:39:35 [INFO] > Sent: UP:Key.down
2026-08-14 02:39:35 [INFO] > Sent: DOWN:Key.down
2026-08-14 02:39:35 [INFO] > Sent: UP:Key.down
2026-08-14 02:39:35 [INFO] > Sent: DOWN:Key.up
2026-08-14 02:39:36 [INFO] > Sent: UP:Key.up
2026-08-14 02:39:36 [INFO] > Sent: DOWN:Key.up
2026-08-14 02:39:36 [INFO] > Sent: UP:Key.up
2026-08-14 02:39:36 [INFO] > Sent: DOWN:Key.up
2026-08-14 02:39:36 [INFO] > Sent: DOWN:Key.right
2026-08-14 02:39:36 [INFO] > Sent: UP:Key.up
2026-08-14 02:39:36 [INFO] > Sent: UP:Key.right
2026-08-14 02:39:36 [INFO] > Sent: DOWN:Key.right
2026-08-14 02:39:36 [INFO] > Sent: UP:Key.right
2026-08-14 02:39:36 [INFO] > Sent: DOWN:Key.right
2026-08-14 02:39:36 [INFO] > Sent: UP:Key.right
2026-08-14 02:39:37 [INFO] > Sent: DOWN:Key.space
2026-08-14 02:39:37 [INFO] > Sent: UP:Key.space
2026-08-14 02:39:37 [INFO] > Sent: DOWN:Key.down
2026-08-14 02:39:37 [INFO] > Sent: UP:Key.down
2026-08-14 02:39:37 [INFO] > Sent: DOWN:Key.down
2026-08-14 02:39:37 [INFO] > Sent: UP:Key.down
2026-08-14 02:39:37 [INFO] > Sent: DOWN:Key.down
2026-08-14 02:39:37 [INFO] > Sent: UP:Key.down
2026-08-14 02:39:37 [INFO] > Sent: DOWN:Key.down
2026-08-14 02:39:37 [INFO] > Sent: UP:Key.down
2026-08-14 02:39:37 [INFO] > Sent: DOWN:Key.left
2026-08-14 02:39:37 [INFO] > Sent: UP:Key.left
2026-08-14 02:39:38 [INFO] > Sent: DOWN:Key.up
2026-08-14 02:39:38 [INFO] > Sent: UP:Key.up
2026-08-14 02:39:39 [INFO] > Sent: DOWN:Key.right
2026-08-14 02:39:39 [INFO] > Sent: DOWN:Key.up
2026-08-14 02:39:39 [INFO] > Sent: UP:Key.up
2026-08-14 02:39:39 [INFO] > Sent: UP:Key.right
2026-08-14 02:39:39 [INFO] > Sent: DOWN:Key.up
2026-08-14 02:39:39 [INFO] > Sent: DOWN:Key.right
2026-08-14 02:39:39 [INFO] > Sent: UP:Key.up
2026-08-14 02:39:39 [INFO] > Sent: UP:Key.right
2026-08-14 02:39:40 [INFO] > Sent: DOWN:Key.right
2026-08-14 02:39:40 [INFO] > Sent: UP:Key.right
2026-08-14 02:39:40 [INFO] > Sent: DOWN:Key.space
2026-08-14 02:39:40 [INFO] > Sent: UP:Key.space
2026-08-14 02:39:40 [INFO] > Sent: DOWN:Key.down
2026-08-14 02:39:40 [INFO] > Sent: UP:Key.down
2026-08-14 02:39:40 [INFO] > Sent: DOWN:Key.down
2026-08-14 02:39:40 [INFO] > Sent: UP:Key.down
2026-08-14 02:39:41 [INFO] > Sent: DOWN:Key.down
2026-08-14 02:39:41 [INFO] > Sent: UP:Key.down
2026-08-14 02:39:41 [INFO] > Sent: DOWN:Key.down
2026-08-14 02:39:41 [INFO] > Sent: UP:Key.down
2026-08-14 02:39:41 [INFO] > Sent: DOWN:Key.up
2026-08-14 02:39:41 [INFO] > Sent: UP:Key.up
2026-08-14 02:39:41 [INFO] > Sent: DOWN:Key.up
2026-08-14 02:39:41 [INFO] > Sent: UP:Key.up
2026-08-14 02:39:41 [INFO] > Sent: DOWN:Key.up
2026-08-14 02:39:41 [INFO] > Sent: UP:Key.up
2026-08-14 02:39:42 [INFO] > Sent: DOWN:Key.space
2026-08-14 02:39:42 [INFO] > Sent: UP:Key.space
2026-08-14 02:39:42 [INFO] > Sent: DOWN:Key.down
2026-08-14 02:39:42 [INFO] > Sent: UP:Key.down
2026-08-14 02:39:42 [INFO] > Sent: DOWN:Key.down
2026-08-14 02:39:42 [INFO] > Sent: UP:Key.down
2026-08-14 02:39:42 [INFO] > Sent: DOWN:Key.down
2026-08-14 02:39:43 [INFO] > Sent: DOWN:Key.left
2026-08-14 02:39:43 [INFO] > Sent: UP:Key.down
2026-08-14 02:39:43 [INFO] > Sent: UP:Key.left
2026-08-14 02:39:43 [INFO] > Sent: DOWN:Key.up
2026-08-14 02:39:43 [INFO] > Sent: UP:Key.up
2026-08-14 02:39:43 [INFO] > Sent: DOWN:Key.left
2026-08-14 02:39:43 [INFO] > Sent: UP:Key.left
2026-08-14 02:39:43 [INFO] > Sent: DOWN:Key.left
2026-08-14 02:39:43 [INFO] > Sent: UP:Key.left
2026-08-14 02:39:44 [INFO] > Sent: DOWN:Key.space
2026-08-14 02:39:44 [INFO] > Sent: UP:Key.space
2026-08-14 02:39:44 [INFO] > Sent: DOWN:Key.down
2026-08-14 02:39:44 [INFO] > Sent: UP:Key.down
2026-08-14 02:39:44 [INFO] > Sent: DOWN:Key.down
2026-08-14 02:39:44 [INFO] > Sent: UP:Key.down
2026-08-14 02:39:44 [INFO] > Sent: DOWN:Key.down
2026-08-14 02:39:44 [INFO] > Sent: UP:Key.down
2026-08-14 02:39:45 [INFO] > Sent: DOWN:Key.left
2026-08-14 02:39:45 [INFO] > Sent: UP:Key.left
2026-08-14 02:39:45 [INFO] > Sent: DOWN:Key.down
2026-08-14 02:39:45 [INFO] > Sent: UP:Key.down
2026-08-14 02:39:45 [INFO] > Sent: DOWN:Key.up
2026-08-14 02:39:45 [INFO] > Sent: UP:Key.up
2026-08-14 02:39:46 [INFO] > Sent: DOWN:Key.up
2026-08-14 02:39:46 [INFO] > Sent: UP:Key.up
2026-08-14 02:39:46 [INFO] > Sent: DOWN:Key.up
2026-08-14 02:39:46 [INFO] > Sent: UP:Key.up
2026-08-14 02:39:46 [INFO] > Sent: DOWN:Key.up
2026-08-14 02:39:46 [INFO] > Sent: UP:Key.up
2026-08-14 02:39:47 [INFO] > Sent: DOWN:Key.left
2026-08-14 02:39:47 [INFO] > Sent: UP:Key.left
2026-08-14 02:39:47 [INFO] > Sent: DOWN:Key.right
2026-08-14 02:39:47 [INFO] > Sent: UP:Key.right
2026-08-14 02:39:48 [INFO] > Sent: DOWN:Key.space
2026-08-14 02:39:48 [INFO] > Sent: UP:Key.space
2026-08-14 02:39:48 [INFO] > Sent: DOWN:Key.down
2026-08-14 02:39:48 [INFO] > Sent: UP:Key.down
2026-08-14 02:39:48 [INFO] > Sent: DOWN:Key.down
2026-08-14 02:39:48 [INFO] > Sent: UP:Key.down
2026-08-14 02:39:48 [INFO] > Sent: DOWN:Key.down
2026-08-14 02:39:48 [INFO] > Sent: UP:Key.down
2026-08-14 02:39:49 [INFO] > Sent: DOWN:Key.right
2026-08-14 02:39:49 [INFO] > Sent: UP:Key.right
2026-08-14 02:39:49 [INFO] > Sent: DOWN:Key.space
2026-08-14 02:39:50 [INFO] > Sent: UP:Key.space
2026-08-14 02:39:50 [INFO] > Sent: DOWN:Key.down
2026-08-14 02:39:50 [INFO] > Sent: UP:Key.down
2026-08-14 02:39:50 [INFO] > Sent: DOWN:Key.down
2026-08-14 02:39:50 [INFO] > Sent: UP:Key.down
2026-08-14 02:39:50 [INFO] > Sent: DOWN:Key.down
2026-08-14 02:39:51 [INFO] > Sent: UP:Key.down
2026-08-14 02:39:51 [INFO] > Sent: DOWN:Key.left
2026-08-14 02:39:51 [INFO] > Sent: UP:Key.left
2026-08-14 02:39:51 [INFO] > Sent: DOWN:Key.up
2026-08-14 02:39:51 [INFO] > Sent: UP:Key.up
2026-08-14 02:39:51 [INFO] > Sent: DOWN:Key.up
2026-08-14 02:39:51 [INFO] > Sent: UP:Key.up
2026-08-14 02:39:51 [INFO] > Sent: DOWN:Key.up
2026-08-14 02:39:51 [INFO] > Sent: UP:Key.up
2026-08-14 02:39:52 [INFO] > Sent: DOWN:Key.right
2026-08-14 02:39:52 [INFO] > Sent: UP:Key.right
2026-08-14 02:39:52 [INFO] > Sent: DOWN:Key.right
2026-08-14 02:39:52 [INFO] > Sent: UP:Key.right
2026-08-14 02:39:52 [INFO] > Sent: DOWN:Key.right
2026-08-14 02:39:52 [INFO] > Sent: UP:Key.right
2026-08-14 02:39:52 [INFO] > Sent: DOWN:Key.right
2026-08-14 02:39:52 [INFO] > Sent: UP:Key.right
2026-08-14 02:39:52 [INFO] > Sent: DOWN:Key.right
2026-08-14 02:39:52 [INFO] > Sent: UP:Key.right
2026-08-14 02:39:53 [INFO] > Sent: DOWN:Key.space
2026-08-14 02:39:53 [INFO] > Sent: UP:Key.space
2026-08-14 02:40:21 [INFO] > Sent: DOWN:Key.right
2026-08-14 02:40:21 [INFO] > Sent: UP:Key.right
2026-08-14 02:40:21 [INFO] > Sent: DOWN:Key.right
2026-08-14 02:40:21 [INFO] > Sent: UP:Key.right
2026-08-14 02:40:22 [INFO] > Sent: DOWN:Key.right
2026-08-14 02:40:22 [INFO] > Sent: UP:Key.right
2026-08-14 02:40:22 [INFO] > Sent: DOWN:Key.space
2026-08-14 02:40:22 [INFO] > Sent: UP:Key.space
2026-08-14 02:40:22 [INFO] > Sent: DOWN:Key.space
2026-08-14 02:40:22 [INFO] > Sent: UP:Key.space
2026-08-14 02:40:23 [INFO] > Sent: DOWN:Key.space
2026-08-14 02:40:23 [INFO] > Sent: UP:Key.space
2026-08-14 02:40:23 [INFO] > Sent: DOWN:Key.space
2026-08-14 02:40:23 [INFO] > Sent: UP:Key.space
2026-08-14 02:40:23 [INFO] > Sent: DOWN:Key.space
2026-08-14 02:40:23 [INFO] > Sent: UP:Key.space
2026-08-14 02:40:24 [INFO] < ESP32: Tried to set bit after end of bitset
2026-08-14 02:40:24 [INFO] < ESP32: 
2026-08-14 02:40:24 [INFO] < ESP32: abort() was called at PC 0x400ebbeb on core 1
2026-08-14 02:40:24 [INFO] < ESP32: 
2026-08-14 02:40:24 [INFO] < ESP32: 
2026-08-14 02:40:24 [INFO] < ESP32: Backtrace: 0x4008775c:0x3ffb1ee0 0x40087721:0x3ffb1f00 0x4008d499:0x3ffb1f20 0x400ebbeb:0x3ffb1fa0 0x400ebc20:0x3ffb1fc0 0x400ebcff:0x3ffb1fe0 0x400d1943:0x3ffb2000 0x400d1ded:0x3ffb2020 0x400d2a1a:0x3ffb2040 0x400d31d5:0x3ffb20a0 0x400d3669:0x3ffb20e0 0x400da950:0x3ffb2130 0x400882d1:0x3ffb2150
2026-08-14 02:40:24 [INFO] < ESP32: 
2026-08-14 02:40:24 [INFO] < ESP32: 
2026-08-14 02:40:24 [INFO] < ESP32: 
2026-08-14 02:40:24 [INFO] < ESP32: 
2026-08-14 02:40:24 [INFO] < ESP32: ELF file SHA256: 653716727
2026-08-14 02:40:24 [INFO] < ESP32: 
2026-08-14 02:40:24 [INFO] > Sent: DOWN:Key.space
2026-08-14 02:40:24 [INFO] < ESP32: Rebooting...
2026-08-14 02:40:24 [INFO] > Sent: UP:Key.space
2026-08-14 02:40:24 [INFO] < ESP32: ets Jul 29 2019 12:21:46
2026-08-14 02:40:24 [INFO] < ESP32: 
2026-08-14 02:40:24 [INFO] < ESP32: rst:0xc (SW_CPU_RESET),boot:0x13 (SPI_FAST_FLASH_BOOT)
2026-08-14 02:40:24 [INFO] < ESP32: configsip: 0, SPIWP:0xee
2026-08-14 02:40:24 [INFO] < ESP32: clk_drv:0x00,q_drv:0x00,d_drv:0x00,cs0_drv:0x00,hd_drv:0x00,wp_drv:0x00
2026-08-14 02:40:24 [INFO] < ESP32: mode:DIO, clock div:1
2026-08-14 02:40:24 [INFO] < ESP32: load:0x3fff0030,len:4876
2026-08-14 02:40:24 [INFO] < ESP32: ho 0 tail 12 room 4
2026-08-14 02:40:24 [INFO] < ESP32: load:0x40078000,len:16560
2026-08-14 02:40:24 [INFO] < ESP32: load:0x40080400,len:3500
2026-08-14 02:40:24 [INFO] < ESP32: entry 0x400805b4
2026-08-14 02:40:24 [INFO] < ESP32: ESP32 ready. Waiting for key events...
2026-08-14 02:40:26 [INFO] > Sent: DOWN:Key.down
2026-08-14 02:40:26 [INFO] > Sent: UP:Key.down
2026-08-14 02:40:26 [INFO] > Sent: DOWN:Key.down
2026-08-14 02:40:26 [INFO] > Sent: UP:Key.down
2026-08-14 02:40:26 [INFO] > Sent: DOWN:Key.down
2026-08-14 02:40:26 [INFO] > Sent: UP:Key.down
2026-08-14 02:40:26 [INFO] > Sent: DOWN:Key.down
2026-08-14 02:40:26 [INFO] > Sent: DOWN:Key.left
2026-08-14 02:40:26 [INFO] > Sent: UP:Key.down
2026-08-14 02:40:26 [INFO] > Sent: UP:Key.left
2026-08-14 02:40:26 [INFO] > Sent: DOWN:Key.left
2026-08-14 02:40:27 [INFO] > Sent: UP:Key.left
2026-08-14 02:40:27 [INFO] > Sent: DOWN:Key.left
2026-08-14 02:40:27 [INFO] > Sent: UP:Key.left
2026-08-14 02:40:27 [INFO] > Sent: DOWN:Key.left
2026-08-14 02:40:27 [INFO] > Sent: UP:Key.left
2026-08-14 02:40:27 [INFO] > Sent: DOWN:Key.space
2026-08-14 02:40:28 [INFO] > Sent: UP:Key.space
2026-08-14 02:40:28 [INFO] > Sent: DOWN:Key.down
2026-08-14 02:40:28 [INFO] > Sent: UP:Key.down
2026-08-14 02:40:28 [INFO] > Sent: DOWN:Key.down
2026-08-14 02:40:28 [INFO] > Sent: UP:Key.down
2026-08-14 02:40:28 [INFO] > Sent: DOWN:Key.down
2026-08-14 02:40:28 [INFO] > Sent: DOWN:Key.left
2026-08-14 02:40:28 [INFO] > Sent: UP:Key.down
2026-08-14 02:40:28 [INFO] > Sent: UP:Key.left
2026-08-14 02:40:29 [INFO] > Sent: DOWN:Key.left
2026-08-14 02:40:29 [INFO] > Sent: UP:Key.left
2026-08-14 02:40:30 [INFO] > Sent: DOWN:Key.down
2026-08-14 02:40:30 [INFO] > Sent: DOWN:Key.left
2026-08-14 02:40:30 [INFO] > Sent: UP:Key.down
2026-08-14 02:40:30 [INFO] > Sent: DOWN:Key.up
2026-08-14 02:40:30 [INFO] > Sent: UP:Key.up
2026-08-14 02:40:30 [INFO] > Sent: UP:Key.left
2026-08-14 02:40:31 [INFO] > Sent: DOWN:Key.left
2026-08-14 02:40:31 [INFO] > Sent: UP:Key.left
2026-08-14 02:40:31 [INFO] > Sent: DOWN:Key.left
2026-08-14 02:40:31 [INFO] > Sent: UP:Key.left
2026-08-14 02:40:32 [INFO] > Sent: DOWN:Key.space
2026-08-14 02:40:32 [INFO] > Sent: UP:Key.space
2026-08-14 02:40:32 [INFO] > Sent: DOWN:Key.down
2026-08-14 02:40:32 [INFO] > Sent: UP:Key.down
2026-08-14 02:40:32 [INFO] > Sent: DOWN:Key.down
2026-08-14 02:40:33 [INFO] > Sent: UP:Key.down
2026-08-14 02:40:33 [INFO] > Sent: DOWN:Key.down
2026-08-14 02:40:33 [INFO] > Sent: UP:Key.down
2026-08-14 02:40:33 [INFO] > Sent: DOWN:Key.down
2026-08-14 02:40:33 [INFO] > Sent: UP:Key.down
2026-08-14 02:40:35 [INFO] > Sent: DOWN:Key.space
2026-08-14 02:40:35 [INFO] > Sent: UP:Key.space
2026-08-14 02:40:35 [INFO] > Sent: DOWN:Key.down
2026-08-14 02:40:35 [INFO] > Sent: UP:Key.down
2026-08-14 02:40:35 [INFO] > Sent: DOWN:Key.down
2026-08-14 02:40:35 [INFO] > Sent: UP:Key.down
2026-08-14 02:40:36 [INFO] > Sent: DOWN:Key.down
2026-08-14 02:40:36 [INFO] > Sent: UP:Key.down
2026-08-14 02:40:36 [INFO] > Sent: DOWN:Key.down
2026-08-14 02:40:36 [INFO] > Sent: UP:Key.down
2026-08-14 02:40:36 [INFO] > Sent: DOWN:Key.right
2026-08-14 02:40:36 [INFO] > Sent: DOWN:Key.up
2026-08-14 02:40:36 [INFO] > Sent: UP:Key.up
2026-08-14 02:40:36 [INFO] > Sent: UP:Key.right
2026-08-14 02:40:36 [INFO] > Sent: DOWN:Key.right
2026-08-14 02:40:36 [INFO] > Sent: DOWN:Key.up
2026-08-14 02:40:36 [INFO] > Sent: UP:Key.up
2026-08-14 02:40:36 [INFO] > Sent: UP:Key.right
2026-08-14 02:40:36 [INFO] > Sent: DOWN:Key.up
2026-08-14 02:40:36 [INFO] > Sent: UP:Key.up
2026-08-14 02:40:37 [INFO] > Sent: DOWN:Key.up
2026-08-14 02:40:37 [INFO] > Sent: UP:Key.up
2026-08-14 02:40:37 [INFO] > Sent: DOWN:Key.left
2026-08-14 02:40:37 [INFO] > Sent: DOWN:Key.up
2026-08-14 02:40:37 [INFO] > Sent: UP:Key.left
2026-08-14 02:40:37 [INFO] > Sent: UP:Key.up
2026-08-14 02:40:38 [INFO] > Sent: DOWN:Key.left
2026-08-14 02:40:38 [INFO] > Sent: UP:Key.left
2026-08-14 02:40:38 [INFO] > Sent: DOWN:Key.left
2026-08-14 02:40:38 [INFO] > Sent: UP:Key.left
2026-08-14 02:40:38 [INFO] > Sent: DOWN:Key.left
2026-08-14 02:40:38 [INFO] > Sent: UP:Key.left
2026-08-14 02:40:39 [INFO] > Sent: DOWN:Key.space
2026-08-14 02:40:39 [INFO] > Sent: UP:Key.space
2026-08-14 02:40:39 [INFO] > Sent: DOWN:Key.down
2026-08-14 02:40:39 [INFO] > Sent: UP:Key.down
2026-08-14 02:40:39 [INFO] > Sent: DOWN:Key.down
2026-08-14 02:40:39 [INFO] > Sent: UP:Key.down
2026-08-14 02:40:40 [INFO] > Sent: DOWN:Key.down
2026-08-14 02:40:40 [INFO] > Sent: UP:Key.down
2026-08-14 02:40:40 [INFO] > Sent: DOWN:Key.down
2026-08-14 02:40:40 [INFO] > Sent: UP:Key.down
2026-08-14 02:40:40 [INFO] > Sent: DOWN:Key.left
2026-08-14 02:40:40 [INFO] > Sent: UP:Key.left
2026-08-14 02:40:40 [INFO] > Sent: DOWN:Key.up
2026-08-14 02:40:40 [INFO] > Sent: UP:Key.up
2026-08-14 02:40:40 [INFO] > Sent: DOWN:Key.left
2026-08-14 02:40:40 [INFO] > Sent: UP:Key.left
2026-08-14 02:40:40 [INFO] > Sent: DOWN:Key.left
2026-08-14 02:40:41 [INFO] > Sent: UP:Key.left
2026-08-14 02:40:41 [INFO] > Sent: DOWN:Key.left
2026-08-14 02:40:41 [INFO] > Sent: UP:Key.left
2026-08-14 02:40:41 [INFO] > Sent: DOWN:Key.left
2026-08-14 02:40:41 [INFO] > Sent: UP:Key.left
2026-08-14 02:40:41 [INFO] > Sent: DOWN:Key.space
2026-08-14 02:40:41 [INFO] > Sent: UP:Key.space
2026-08-14 02:40:41 [INFO] > Sent: DOWN:Key.down
2026-08-14 02:40:41 [INFO] > Sent: UP:Key.down
2026-08-14 02:40:42 [INFO] > Sent: DOWN:Key.down
2026-08-14 02:40:42 [INFO] > Sent: UP:Key.down
2026-08-14 02:40:42 [INFO] > Sent: DOWN:Key.down
2026-08-14 02:40:42 [INFO] > Sent: UP:Key.down
2026-08-14 02:40:42 [INFO] > Sent: DOWN:Key.down
2026-08-14 02:40:42 [INFO] > Sent: DOWN:Key.left
2026-08-14 02:40:42 [INFO] > Sent: UP:Key.down
2026-08-14 02:40:42 [INFO] > Sent: DOWN:Key.up
2026-08-14 02:40:42 [INFO] > Sent: UP:Key.up
2026-08-14 02:40:42 [INFO] > Sent: DOWN:Key.up
2026-08-14 02:40:42 [INFO] > Sent: UP:Key.up
2026-08-14 02:40:43 [INFO] > Sent: UP:Key.left
2026-08-14 02:40:43 [INFO] > Sent: DOWN:Key.space
2026-08-14 02:40:43 [INFO] > Sent: UP:Key.space
2026-08-14 02:40:43 [INFO] > Sent: DOWN:Key.down
2026-08-14 02:40:43 [INFO] > Sent: UP:Key.down
2026-08-14 02:40:43 [INFO] > Sent: DOWN:Key.down
2026-08-14 02:40:43 [INFO] > Sent: UP:Key.down
2026-08-14 02:40:43 [INFO] > Sent: DOWN:Key.down
2026-08-14 02:40:44 [INFO] > Sent: UP:Key.down
2026-08-14 02:40:44 [INFO] > Sent: DOWN:Key.down
2026-08-14 02:40:44 [INFO] > Sent: UP:Key.down
2026-08-14 02:40:44 [INFO] > Sent: DOWN:Key.down
2026-08-14 02:40:44 [INFO] > Sent: UP:Key.down
2026-08-14 02:40:44 [INFO] > Sent: DOWN:Key.right
2026-08-14 02:40:44 [INFO] > Sent: UP:Key.right
2026-08-14 02:40:45 [INFO] > Sent: DOWN:Key.space
2026-08-14 02:40:45 [INFO] > Sent: UP:Key.space
2026-08-14 02:40:45 [INFO] > Sent: DOWN:Key.down
2026-08-14 02:40:45 [INFO] > Sent: UP:Key.down
2026-08-14 02:40:45 [INFO] > Sent: DOWN:Key.down
2026-08-14 02:40:45 [INFO] > Sent: UP:Key.down
2026-08-14 02:40:45 [INFO] > Sent: DOWN:Key.down
2026-08-14 02:40:45 [INFO] > Sent: UP:Key.down
2026-08-14 02:40:45 [INFO] > Sent: DOWN:Key.down
2026-08-14 02:40:45 [INFO] > Sent: UP:Key.down
2026-08-14 02:40:45 [INFO] > Sent: DOWN:Key.down
2026-08-14 02:40:46 [INFO] > Sent: UP:Key.down
2026-08-14 02:40:46 [INFO] > Sent: DOWN:Key.right
2026-08-14 02:40:46 [INFO] > Sent: UP:Key.right
2026-08-14 02:40:47 [INFO] > Sent: DOWN:Key.space
2026-08-14 02:40:47 [INFO] > Sent: UP:Key.space
2026-08-14 02:40:47 [INFO] > Sent: DOWN:Key.down
2026-08-14 02:40:47 [INFO] > Sent: UP:Key.down
2026-08-14 02:40:47 [INFO] > Sent: DOWN:Key.down
2026-08-14 02:40:47 [INFO] > Sent: UP:Key.down
2026-08-14 02:40:47 [INFO] > Sent: DOWN:Key.down
2026-08-14 02:40:47 [INFO] > Sent: UP:Key.down
2026-08-14 02:40:47 [INFO] > Sent: DOWN:Key.down
2026-08-14 02:40:47 [INFO] > Sent: UP:Key.down
2026-08-14 02:40:47 [INFO] > Sent: DOWN:Key.down
2026-08-14 02:40:47 [INFO] > Sent: UP:Key.down
2026-08-14 02:40:48 [INFO] > Sent: DOWN:Key.right
2026-08-14 02:40:48 [INFO] > Sent: DOWN:Key.up
2026-08-14 02:40:48 [INFO] > Sent: UP:Key.up
2026-08-14 02:40:48 [INFO] > Sent: UP:Key.right
2026-08-14 02:40:48 [INFO] > Sent: DOWN:Key.right
2026-08-14 02:40:48 [INFO] > Sent: UP:Key.right
2026-08-14 02:40:48 [INFO] > Sent: DOWN:Key.space
2026-08-14 02:40:49 [INFO] > Sent: UP:Key.space
2026-08-14 02:40:49 [INFO] > Sent: DOWN:Key.down
2026-08-14 02:40:49 [INFO] > Sent: UP:Key.down
2026-08-14 02:40:49 [INFO] > Sent: DOWN:Key.down
2026-08-14 02:40:49 [INFO] > Sent: UP:Key.down
2026-08-14 02:40:49 [INFO] > Sent: DOWN:Key.down
2026-08-14 02:40:49 [INFO] > Sent: UP:Key.down
2026-08-14 02:40:49 [INFO] > Sent: DOWN:Key.down
2026-08-14 02:40:49 [INFO] > Sent: UP:Key.down
2026-08-14 02:40:49 [INFO] > Sent: DOWN:Key.down
2026-08-14 02:40:49 [INFO] > Sent: UP:Key.down
2026-08-14 02:40:49 [INFO] > Sent: DOWN:Key.left
2026-08-14 02:40:50 [INFO] > Sent: UP:Key.left
2026-08-14 02:40:50 [INFO] > Sent: DOWN:Key.up
2026-08-14 02:40:50 [INFO] > Sent: UP:Key.up
2026-08-14 02:40:50 [INFO] > Sent: DOWN:Key.left
2026-08-14 02:40:50 [INFO] > Sent: UP:Key.left
2026-08-14 02:40:50 [INFO] > Sent: DOWN:Key.space
2026-08-14 02:40:50 [INFO] > Sent: UP:Key.space
2026-08-14 02:40:50 [INFO] > Sent: DOWN:Key.down
2026-08-14 02:40:51 [INFO] > Sent: UP:Key.down
2026-08-14 02:40:51 [INFO] > Sent: DOWN:Key.down
2026-08-14 02:40:51 [INFO] > Sent: UP:Key.down
2026-08-14 02:40:51 [INFO] > Sent: DOWN:Key.down
2026-08-14 02:40:51 [INFO] > Sent: UP:Key.down
2026-08-14 02:40:51 [INFO] > Sent: DOWN:Key.down
2026-08-14 02:40:51 [INFO] > Sent: UP:Key.down
2026-08-14 02:40:51 [INFO] > Sent: DOWN:Key.up
2026-08-14 02:40:51 [INFO] > Sent: UP:Key.up
2026-08-14 02:40:52 [INFO] > Sent: DOWN:Key.up
2026-08-14 02:40:52 [INFO] > Sent: UP:Key.up
2026-08-14 02:40:52 [INFO] > Sent: DOWN:Key.left
2026-08-14 02:40:52 [INFO] > Sent: UP:Key.left
2026-08-14 02:40:52 [INFO] > Sent: DOWN:Key.left
2026-08-14 02:40:52 [INFO] > Sent: UP:Key.left
2026-08-14 02:40:52 [INFO] > Sent: DOWN:Key.left
2026-08-14 02:40:52 [INFO] > Sent: UP:Key.left
2026-08-14 02:40:53 [INFO] > Sent: DOWN:Key.space
2026-08-14 02:40:53 [INFO] > Sent: UP:Key.space
2026-08-14 02:40:53 [INFO] > Sent: DOWN:Key.down
2026-08-14 02:40:53 [INFO] > Sent: UP:Key.down
2026-08-14 02:40:53 [INFO] > Sent: DOWN:Key.down
2026-08-14 02:40:53 [INFO] > Sent: UP:Key.down
2026-08-14 02:40:53 [INFO] > Sent: DOWN:Key.down
2026-08-14 02:40:54 [INFO] > Sent: DOWN:Key.left
2026-08-14 02:40:54 [INFO] > Sent: UP:Key.down
2026-08-14 02:40:54 [INFO] > Sent: UP:Key.left
2026-08-14 02:40:54 [INFO] > Sent: DOWN:Key.right
2026-08-14 02:40:54 [INFO] > Sent: UP:Key.right
2026-08-14 02:40:54 [INFO] > Sent: DOWN:c
2026-08-14 02:40:54 [INFO] > Sent: UP:c
2026-08-14 02:40:55 [INFO] > Sent: DOWN:Key.right
2026-08-14 02:40:55 [INFO] > Sent: DOWN:Key.up
2026-08-14 02:40:55 [INFO] > Sent: UP:Key.right
2026-08-14 02:40:55 [INFO] > Sent: UP:Key.up
2026-08-14 02:40:55 [INFO] > Sent: DOWN:Key.right
2026-08-14 02:40:55 [INFO] > Sent: UP:Key.right
2026-08-14 02:40:56 [INFO] > Sent: DOWN:Key.space
2026-08-14 02:40:56 [INFO] > Sent: UP:Key.space
2026-08-14 02:40:56 [INFO] > Sent: DOWN:Key.down
2026-08-14 02:40:56 [INFO] > Sent: UP:Key.down
2026-08-14 02:40:56 [INFO] > Sent: DOWN:Key.down
2026-08-14 02:40:56 [INFO] > Sent: UP:Key.down
2026-08-14 02:40:56 [INFO] > Sent: DOWN:Key.down
2026-08-14 02:40:56 [INFO] > Sent: DOWN:Key.down
2026-08-14 02:40:56 [INFO] > Sent: UP:Key.down
2026-08-14 02:40:57 [INFO] > Sent: DOWN:Key.left
2026-08-14 02:40:57 [INFO] > Sent: DOWN:Key.up
2026-08-14 02:40:57 [INFO] > Sent: UP:Key.up
2026-08-14 02:40:58 [INFO] > Sent: UP:Key.left
2026-08-14 02:40:58 [INFO] > Sent: DOWN:Key.right
2026-08-14 02:40:59 [INFO] > Sent: DOWN:Key.right
2026-08-14 02:40:59 [INFO] > Sent: DOWN:Key.right
2026-08-14 02:40:59 [INFO] > Sent: DOWN:Key.right
2026-08-14 02:40:59 [INFO] > Sent: DOWN:Key.right
2026-08-14 02:40:59 [INFO] > Sent: DOWN:Key.right
2026-08-14 02:40:59 [INFO] > Sent: DOWN:Key.right
2026-08-14 02:40:59 [INFO] > Sent: DOWN:Key.right
2026-08-14 02:40:59 [INFO] > Sent: DOWN:Key.right
2026-08-14 02:40:59 [INFO] > Sent: UP:Key.right
2026-08-14 02:40:59 [INFO] > Sent: DOWN:Key.right
2026-08-14 02:40:59 [INFO] > Sent: UP:Key.right
2026-08-14 02:40:59 [INFO] > Sent: DOWN:Key.space
2026-08-14 02:41:00 [INFO] > Sent: UP:Key.space
2026-08-14 02:41:00 [INFO] > Sent: DOWN:Key.down
2026-08-14 02:41:00 [INFO] > Sent: UP:Key.down
2026-08-14 02:41:00 [INFO] > Sent: DOWN:Key.down
2026-08-14 02:41:00 [INFO] > Sent: DOWN:Key.left
2026-08-14 02:41:01 [INFO] > Sent: DOWN:Key.left
2026-08-14 02:41:01 [INFO] > Sent: DOWN:Key.left
2026-08-14 02:41:01 [INFO] > Sent: DOWN:Key.left
2026-08-14 02:41:01 [INFO] > Sent: DOWN:Key.left
2026-08-14 02:41:01 [INFO] > Sent: UP:Key.down
2026-08-14 02:41:01 [INFO] > Sent: DOWN:Key.up
2026-08-14 02:41:01 [INFO] > Sent: UP:Key.up
2026-08-14 02:41:01 [INFO] > Sent: UP:Key.left
2026-08-14 02:41:01 [INFO] > Sent: DOWN:Key.space
2026-08-14 02:41:02 [INFO] > Sent: UP:Key.space
2026-08-14 02:41:02 [INFO] > Sent: DOWN:Key.down
2026-08-14 02:41:02 [INFO] > Sent: UP:Key.down
2026-08-14 02:41:02 [INFO] > Sent: DOWN:Key.down
2026-08-14 02:41:02 [INFO] > Sent: UP:Key.down
2026-08-14 02:41:02 [INFO] > Sent: DOWN:Key.down
2026-08-14 02:41:02 [INFO] > Sent: UP:Key.down
2026-08-14 02:41:03 [INFO] > Sent: DOWN:Key.up
2026-08-14 02:41:03 [INFO] > Sent: UP:Key.up
2026-08-14 02:41:03 [INFO] > Sent: DOWN:Key.up
2026-08-14 02:41:03 [INFO] > Sent: UP:Key.up
2026-08-14 02:41:03 [INFO] > Sent: DOWN:Key.left
2026-08-14 02:41:03 [INFO] > Sent: UP:Key.left
2026-08-14 02:41:03 [INFO] > Sent: DOWN:Key.space
2026-08-14 02:41:03 [INFO] > Sent: UP:Key.space
2026-08-14 02:41:24 [ERROR] Serial exception: GetOverlappedResult failed (PermissionError(13, 'Access is denied.', None, 5))
2026-08-14 02:41:24 [INFO] Serial port closed
2026-08-14 02:41:26 [INFO] Attempting to open serial port COM5 @ 115200
2026-08-14 02:41:26 [WARNING] Could not open serial port (COM5). Available ports: []. Retrying in 2.0 s. Error: could not open port 'COM5': FileNotFoundError(2, 'The system cannot find the file specified.', None, 2)
2026-08-14 02:41:28 [INFO] Attempting to open serial port COM5 @ 115200
2026-08-14 02:41:28 [WARNING] Could not open serial port (COM5). Available ports: []. Retrying in 2.0 s. Error: could not open port 'COM5': FileNotFoundError(2, 'The system cannot find the file specified.', None, 2)
2026-08-14 02:41:28 [INFO] Attempting to open serial port COM5 @ 115200
2026-08-14 02:41:28 [WARNING] Write failed (attempt 1): could not open port 'COM5': FileNotFoundError(2, 'The system cannot find the file specified.', None, 2). Reconnecting...
2026-08-14 02:41:28 [INFO] KeyboardInterrupt received — shutting down
2026-08-14 02:41:28 [INFO] Stopping threads...
2026-08-14 02:41:29 [INFO] Shutdown complete
